Rk,Gcar,Gtm,Date,Team,Unnamed: 5,Opp,Result,Inngs,PA,AB,R,H,2B,3B,HR,RBI,SB,CS,BB,SO,BA,OBP,SLG,OPS,TB,GIDP,HBP,SH,SF,IBB,aLI,WPA,acLI,cWPA,RE24,BOP,Pos,dbl,game_date,team_id,opp_id,game_id,DFS(DK),DFS(FD)
1,1143,1,2021-04-01,SDP,,ARI,"W, 8-7",CG,5,5,0,0,0,0,0,0,0,0,0,1,.000,.000,.000,.000,0,0,0,0,0,0,1.06,-0.120,1.13,-0.08%,-1.06,3,3B,,2021-04-01,135,109,634618,,
2,1144,2,2021-04-02,SDP,,ARI,"W, 4-2",CG,4,2,1,0,0,0,0,0,0,0,2,0,.000,.222,.000,.222,0,0,0,0,0,0,0.74,-0.004,0.83,0.00%,0.05,3,3B,,2021-04-02,135,109,634576,,
3,1145,3,2021-04-03,SDP,,ARI,"W, 7-0",GS-8,4,4,2,3,0,0,1,2,0,0,0,0,.273,.385,.545,.930,6,0,0,0,0,0,0.45,0.110,0.51,0.08%,1.73,2,3B,,2021-04-03,135,109,634623,,
4,1146,4,2021-04-04,SDP,,ARI,"L, 1-3",CG,4,3,0,0,0,0,0,0,0,0,1,0,.214,.353,.429,.782,0,1,0,0,0,0,0.90,-0.039,1.04,-0.03%,-0.44,3,3B,,2021-04-04,135,109,634572,,
5,1147,5,2021-04-05,SDP,,SFG,"L, 2-3",CG,5,4,0,1,0,0,0,0,0,0,1,0,.222,.364,.389,.753,1,0,0,0,0,0,1.42,0.018,1.66,0.01%,-0.10,3,3B,,2021-04-05,135,137,634591,,
6,1148,6,2021-04-06,SDP,,SFG,"W, 3-1",CG,4,3,0,1,0,0,0,0,0,1,1,1,.238,.385,.381,.766,1,0,0,0,0,0,0.77,-0.036,0.86,-0.02%,-0.27,3,3B,,2021-04-06,135,137,634529,,
7,1149,7,2021-04-07,SDP,,SFG,"L, 2-3 (10)",CG(10),4,4,0,1,0,0,0,0,0,0,0,2,.240,.367,.360,.727,1,0,0,0,0,0,0.73,-0.032,0.82,-0.02%,-0.22,3,3B,,2021-04-07,135,137,634563,,
8,1150,8,2021-04-09,SDP,@,TEX,"W, 3-0",CG,4,4,0,1,1,0,0,1,0,0,0,2,.241,.353,.379,.732,2,0,0,0,0,0,0.57,0.051,0.54,0.03%,0.37,3,3B,,2021-04-09,135,140,634478,,
9,1151,9,2021-04-10,SDP,@,TEX,"W, 7-4",GS-8,5,4,0,1,1,0,0,1,0,0,1,2,.242,.359,.394,.753,2,1,0,0,0,0,1.33,-0.044,1.30,-0.03%,-1.40,3,3B,,2021-04-10,135,140,632193,,
10,1152,10,2021-04-11,SDP,@,TEX,"W, 2-0",CG,4,4,1,1,0,0,1,1,0,0,0,2,.243,.349,.459,.808,4,0,0,0,0,0,0.79,0.024,0.81,0.02%,0.39,3,DH,,2021-04-11,135,140,632233,,
11,1153,11,2021-04-12,SDP,@,PIT,"W, 6-2",CG,5,4,2,1,0,0,0,0,1,0,1,1,.244,.354,.439,.793,1,0,0,0,0,0,0.81,0.005,0.88,0.00%,0.03,3,3B,,2021-04-12,135,134,632198,,
12,1154,12,2021-04-13,SDP,@,PIT,"L, 4-8",CG,5,3,0,1,0,0,0,0,1,0,2,1,.250,.377,.432,.809,1,0,0,0,0,0,0.87,0.026,0.97,0.02%,0.13,3,3B,,2021-04-13,135,134,634535,,
13,1155,13,2021-04-14,SDP,@,PIT,"L, 1-5",CG,4,3,1,0,0,0,0,0,0,0,1,0,.234,.368,.404,.773,0,0,0,0,0,0,0.97,-0.014,1.02,-0.01%,-0.04,2,3B,,2021-04-14,135,134,634523,,
14,1156,14,2021-04-15,SDP,@,PIT,"W, 8-3",CG,5,3,1,1,0,0,1,3,0,0,1,0,.240,.371,.460,.831,4,0,0,0,1,0,0.54,0.143,0.59,0.09%,0.86,4,3B,,2021-04-15,135,134,634621,,
15,1157,15,2021-04-16,SDP,,LAD,"L, 6-11 (12)",CG(12),6,4,3,2,0,0,0,0,2,0,2,0,.259,.397,.463,.860,2,0,0,0,0,1,2.55,0.219,3.31,0.17%,1.26,4,3B,,2021-04-16,135,119,634531,,
16,1158,16,2021-04-17,SDP,,LAD,"L, 0-2",CG,4,4,0,1,0,0,0,0,0,0,0,1,.259,.389,.448,.837,1,0,0,0,0,0,1.37,0.006,1.74,0.01%,-0.04,3,3B,,2021-04-17,135,119,634449,,
17,1159,17,2021-04-18,SDP,,LAD,"W, 5-2",CG,4,4,1,3,0,0,0,0,0,0,0,0,.290,.408,.468,.876,3,0,0,0,0,0,2.10,0.130,2.60,0.10%,0.78,4,3B,,2021-04-18,135,119,634488,,
18,1160,18,2021-04-19,SDP,,MIL,"L, 1-3",CG,4,4,0,0,0,0,0,0,0,0,0,1,.273,.388,.439,.827,0,0,0,0,0,0,1.34,-0.132,1.37,-0.08%,-0.94,4,3B,,2021-04-19,135,158,634399,,
19,1161,20,2021-04-21,SDP,,MIL,"L, 2-4",CG,5,3,0,0,0,0,0,0,0,0,2,0,.261,.388,.420,.809,0,0,0,0,0,0,1.31,0.037,1.27,0.02%,-0.42,3,3B,,2021-04-21,135,158,634476,,
20,1162,21,2021-04-22,SDP,@,LAD,"W, 3-2",CG,4,4,0,1,0,0,0,1,0,0,0,0,.260,.382,.411,.793,1,0,0,0,0,0,0.94,0.039,1.01,0.03%,0.23,3,3B,,2021-04-22,135,119,634420,,
21,1163,22,2021-04-23,SDP,@,LAD,"W, 6-1",CG,4,4,0,1,0,0,0,0,0,0,0,1,.260,.376,.403,.779,1,1,0,0,0,0,0.91,-0.042,1.03,-0.03%,-0.71,3,3B,,2021-04-23,135,119,634370,,
22,1164,23,2021-04-24,SDP,@,LAD,"L, 4-5",CG,4,4,0,0,0,0,0,0,0,0,0,3,.247,.361,.383,.744,0,0,0,0,0,0,0.96,-0.098,1.14,-0.07%,-0.70,3,3B,,2021-04-24,135,119,634361,,
23,1165,24,2021-04-25,SDP,@,LAD,"W, 8-7 (11)",CG(11),6,6,1,2,0,0,0,1,1,0,0,1,.253,.359,.379,.739,2,0,0,0,0,0,2.77,0.162,3.18,0.11%,0.65,3,3B,,2021-04-25,135,119,634356,,
24,1166,25,2021-04-27,SDP,@,ARI,"L, 1-5",CG,4,4,0,0,0,0,0,1,0,0,0,1,.242,.346,.363,.708,0,0,0,0,0,0,1.07,-0.063,1.19,-0.04%,-0.68,3,3B,,2021-04-27,135,109,634364,,
25,1167,26,2021-04-28,SDP,@,ARI,"W, 12-3",GS-9,5,5,0,2,0,1,0,3,0,0,0,0,.250,.348,.385,.734,4,0,0,0,0,0,0.73,0.110,0.79,0.07%,1.50,3,3B,,2021-04-28,135,109,634322,,
26,1168,27,2021-04-30,SDP,,SFG,"W, 3-2",CG,4,4,0,0,0,0,0,0,0,0,0,1,.240,.336,.370,.706,0,0,0,0,0,0,0.79,-0.086,0.94,-0.06%,-0.88,3,3B,,2021-04-30,135,137,634303,,
27,1169,28,2021-05-01,SDP,,SFG,"W, 6-2",CG,4,4,1,1,0,0,1,3,0,0,0,0,.240,.333,.394,.728,4,0,0,0,0,0,0.70,0.160,0.91,0.13%,1.64,3,3B,,2021-05-01,135,137,634316,,
28,1170,29,2021-05-02,SDP,,SFG,"L, 1-7",CG,4,4,0,0,0,0,0,0,0,0,0,0,.231,.323,.380,.702,0,0,0,0,0,0,0.74,-0.074,1.00,-0.06%,-1.02,3,3B,,2021-05-02,135,137,634301,,
29,1171,30,2021-05-03,SDP,,PIT,"W, 2-0",CG,4,3,1,0,0,0,0,0,0,0,1,1,.225,.320,.369,.690,0,0,0,0,0,0,0.63,0.031,0.71,0.02%,0.08,3,3B,,2021-05-03,135,134,634243,,
30,1172,31,2021-05-04,SDP,,PIT,"L, 1-2",CG,4,3,0,0,0,0,0,0,0,0,1,3,.219,.318,.360,.678,0,0,0,0,0,0,1.89,-0.112,2.16,-0.08%,-0.65,3,3B,,2021-05-04,135,134,634313,,
31,1173,32,2021-05-05,SDP,,PIT,"W, 4-2",8-9,1,1,0,1,0,0,0,0,0,0,0,0,.226,.323,.365,.689,1,0,0,0,0,0,0.21,0.007,0.22,0.00%,0.26,1,PH,,2021-05-05,135,134,634227,,
32,1174,33,2021-05-07,SDP,@,SFG,"L, 4-5",CG,4,4,1,1,1,0,0,0,0,0,0,0,.227,.321,.370,.691,2,0,0,0,0,0,1.11,-0.038,1.55,-0.03%,-0.16,3,3B,,2021-05-07,135,137,634240,,
33,1175,34,2021-05-08,SDP,@,SFG,"L, 1-7",CG,4,3,0,1,0,0,0,0,0,0,1,1,.230,.326,.369,.695,1,0,0,0,0,0,0.65,-0.022,0.91,-0.02%,-0.19,3,3B,,2021-05-08,135,137,634178,,
34,1176,35,2021-05-09,SDP,@,SFG,"W, 11-1",GS-9,5,5,1,1,0,0,0,0,0,0,0,2,.228,.322,.362,.684,1,0,0,0,0,0,0.36,-0.020,0.48,-0.02%,-0.89,3,3B,,2021-05-09,135,137,634185,,
35,1177,36,2021-05-11,SDP,@,COL,"W, 8-1",CG,5,4,2,2,0,1,1,5,0,0,1,0,.237,.331,.405,.736,7,0,0,0,0,0,1.06,0.288,1.26,0.21%,4.02,3,3B,,2021-05-11,135,115,634149,,
36,1178,37,2021-05-12,SDP,@,COL,"W, 5-3 (7)",CG(7),4,4,0,0,0,0,0,0,0,0,0,1,.230,.323,.393,.715,0,0,0,0,0,0,0.90,-0.096,1.09,-0.07%,-0.70,3,3B,1.0,2021-05-12,135,115,634208,,
37,1179,38,2021-05-12,SDP,@,COL,"L, 2-3 (8)",CG(8),4,2,0,0,0,0,0,0,1,0,2,0,.226,.327,.387,.714,0,0,0,0,0,0,2.01,0.102,2.48,0.08%,0.44,3,3B,2.0,2021-05-12,135,115,634155,,
38,1180,39,2021-05-14,SDP,,STL,"W, 5-4",CG,5,3,1,2,1,0,0,2,0,1,2,0,.236,.341,.400,.741,3,0,0,0,0,0,0.69,0.200,0.82,0.14%,2.54,2,3B,,2021-05-14,135,138,634132,,
39,1181,40,2021-05-15,SDP,,STL,"W, 13-3",GS-8,5,4,1,1,0,0,0,2,0,0,0,0,.236,.337,.396,.733,1,0,0,0,1,0,0.37,-0.036,0.46,-0.03%,-0.15,2,3B,,2021-05-15,135,138,634143,,
40,1182,41,2021-05-16,SDP,,STL,"W, 5-3",CG,5,4,0,0,0,0,0,0,0,0,1,1,.230,.333,.385,.718,0,0,0,0,0,0,0.70,0.009,0.93,0.01%,-0.47,2,3B,,2021-05-16,135,138,634090,,
41,1183,42,2021-05-17,SDP,,COL,"W, 7-0",GS-8,4,4,1,2,1,0,1,2,0,0,0,0,.237,.337,.414,.752,6,0,0,0,0,0,0.44,0.105,0.56,0.08%,2.42,2,3B,,2021-05-17,135,115,634057,,
42,1184,43,2021-05-18,SDP,,COL,"W, 2-1 (10)",CG(10),4,4,0,0,0,0,0,0,0,0,0,1,.231,.330,.404,.734,0,0,0,0,0,0,0.99,-0.098,1.25,-0.07%,-0.67,2,3B,,2021-05-18,135,115,634065,,
43,1185,44,2021-05-19,SDP,,COL,"W, 3-0",CG,4,4,0,0,0,0,0,0,0,0,0,1,.225,.323,.394,.716,0,0,0,0,0,0,0.64,-0.067,0.84,-0.05%,-0.95,2,3B,,2021-05-19,135,115,634031,,
44,1186,50,2021-05-26,SDP,@,MIL,"W, 2-1 (10)",10-10,1,1,0,0,0,0,0,0,0,0,0,0,.224,.321,.391,.712,0,0,0,0,0,0,1.65,-0.045,2.02,-0.03%,-0.30,9,PH,,2021-05-26,135,158,633927,,
45,1187,51,2021-05-27,SDP,@,MIL,"L, 5-6 (10)",8-8,1,1,0,1,1,0,0,1,0,0,0,0,.228,.324,.401,.726,2,0,0,0,0,0,4.42,0.058,5.51,0.04%,0.13,6,PH,,2021-05-27,135,158,633937,,
46,1188,52,2021-05-28,SDP,@,HOU,"W, 10-3 (11)",CG(11),6,5,1,1,1,0,0,1,0,0,1,3,.228,.325,.401,.726,2,0,0,0,0,0,1.87,0.127,2.40,0.10%,0.09,2,DH,,2021-05-28,135,117,633918,,
47,1189,53,2021-05-29,SDP,@,HOU,"W, 11-8 (12)",CG(12),6,5,2,2,1,0,0,1,0,0,1,1,.233,.330,.407,.737,3,0,0,0,0,0,1.43,0.217,1.77,0.16%,0.55,2,3B,,2021-05-29,135,117,633874,,
48,1190,55,2021-05-31,SDP,@,CHC,"L, 2-7",CG,4,4,0,1,0,0,0,0,0,0,0,2,.233,.328,.403,.732,1,0,0,0,0,0,0.56,-0.032,0.70,-0.02%,-0.64,2,3B,,2021-05-31,135,112,633870,,
49,1191,56,2021-06-01,SDP,@,CHC,"L, 3-4",CG,4,4,0,2,0,0,0,0,0,0,0,0,.239,.332,.406,.737,2,0,0,0,0,0,0.94,-0.004,1.22,0.00%,0.12,2,3B,,2021-06-01,135,112,633880,,
50,1192,57,2021-06-02,SDP,@,CHC,"L, 1-6",CG,4,4,0,1,0,0,0,0,0,0,0,1,.239,.330,.402,.732,1,0,0,0,0,0,0.77,-0.038,1.04,-0.03%,-0.38,2,3B,,2021-06-02,135,112,633855,,
51,1193,58,2021-06-03,SDP,,NYM,"W, 4-3",CG,4,3,1,0,0,0,0,0,0,0,1,0,.235,.329,.396,.724,0,1,0,0,0,0,0.88,-0.036,1.12,-0.03%,-0.95,2,3B,,2021-06-03,135,121,633841,,
52,1194,59,2021-06-04,SDP,,NYM,"W, 2-0",CG,4,3,1,1,0,0,1,2,0,0,1,1,.237,.332,.411,.742,4,0,0,0,0,0,1.12,0.157,1.43,0.12%,1.56,2,3B,,2021-06-04,135,121,633816,,
53,1195,60,2021-06-05,SDP,,NYM,"L, 0-4",CG,4,4,0,0,0,0,0,0,0,0,0,3,.232,.326,.402,.728,0,0,0,0,0,0,1.00,-0.099,1.30,-0.08%,-0.88,2,3B,,2021-06-05,135,121,633821,,
54,1196,62,2021-06-07,SDP,,CHC,"W, 9-4",CG,5,3,1,2,0,0,1,3,0,0,0,0,.239,.328,.421,.749,5,1,0,0,2,0,1.08,0.046,1.47,0.04%,0.86,2,3B,,2021-06-07,135,112,633779,,
55,1197,63,2021-06-08,SDP,,CHC,"L, 1-7",GS-9,3,3,0,0,0,0,0,0,0,0,0,0,.235,.323,.415,.738,0,0,0,0,0,0,0.93,-0.066,1.24,-0.05%,-0.67,2,3B,,2021-06-08,135,112,633777,,
56,1198,64,2021-06-09,SDP,,CHC,"L, 1-3",CG,4,4,0,1,0,0,0,1,0,0,0,1,.235,.322,.412,.734,1,0,0,0,0,0,0.93,0.040,1.30,0.03%,0.38,2,3B,,2021-06-09,135,112,633739,,
57,1199,65,2021-06-11,SDP,@,NYM,"L, 2-3",CG,4,3,0,1,0,0,0,0,0,0,1,0,.237,.325,.411,.736,1,0,0,0,0,0,1.19,0.038,1.55,0.03%,-0.08,4,3B,,2021-06-11,135,121,633771,,
58,1200,66,2021-06-12,SDP,@,NYM,"L, 1-4",CG,4,4,0,1,0,0,0,0,0,0,0,1,.237,.324,.408,.731,1,0,0,0,0,0,1.02,-0.041,1.29,-0.03%,-0.27,3,3B,,2021-06-12,135,121,633732,,
59,1201,67,2021-06-13,SDP,@,NYM,"W, 7-3",CG,4,4,1,2,0,0,1,1,0,0,0,0,.242,.327,.423,.750,5,1,0,0,0,0,1.20,-0.141,1.49,-0.11%,-0.10,3,3B,,2021-06-13,135,121,633722,,
60,1202,68,2021-06-14,SDP,@,COL,"L, 2-3",CG,4,4,0,0,0,0,0,0,0,0,0,0,.237,.321,.416,.737,0,0,0,0,0,0,1.23,-0.130,1.51,-0.10%,-0.70,3,3B,,2021-06-14,135,115,633703,,
61,1203,69,2021-06-15,SDP,@,COL,"L, 4-8",CG,4,4,1,1,1,0,0,0,0,0,0,1,.238,.320,.417,.737,2,0,0,0,0,0,1.04,-0.076,1.20,-0.05%,-0.76,3,3B,,2021-06-15,135,115,633701,,
62,1204,70,2021-06-16,SDP,@,COL,"L, 7-8",CG,5,4,1,2,1,0,0,1,0,0,1,0,.242,.326,.423,.749,3,0,0,0,0,0,1.61,-0.013,1.77,-0.01%,0.78,3,3B,,2021-06-16,135,115,633706,,
63,1205,71,2021-06-17,SDP,,CIN,"W, 6-4",CG,4,3,2,1,0,0,1,1,0,0,1,0,.243,.328,.435,.763,4,0,0,0,0,0,1.25,0.165,1.44,0.11%,1.22,4,3B,,2021-06-17,135,113,633617,,
64,1206,72,2021-06-18,SDP,,CIN,"W, 8-2",CG,5,4,1,2,1,0,0,1,0,0,0,0,.248,.330,.440,.770,3,0,0,0,1,0,0.63,0.023,0.76,0.02%,-0.33,4,3B,,2021-06-18,135,113,633596,,
65,1207,73,2021-06-19,SDP,,CIN,"W, 7-5",CG,4,3,0,1,1,0,0,3,1,0,1,0,.249,.332,.443,.775,2,0,0,0,0,0,1.85,0.335,2.27,0.25%,2.95,4,3B,,2021-06-19,135,113,633597,,
66,1208,74,2021-06-20,SDP,,CIN,"W, 3-2",CG,4,3,1,1,0,0,0,0,0,0,1,1,.250,.335,.442,.776,1,0,0,0,0,1,0.48,0.007,0.60,0.01%,0.10,2,3B,,2021-06-20,135,113,633566,,
67,1209,75,2021-06-21,SDP,,LAD,"W, 6-2",CG,4,4,1,3,0,0,1,3,1,0,0,0,.258,.340,.459,.799,6,0,0,0,0,0,0.37,0.107,0.51,0.09%,2.30,4,3B,,2021-06-21,135,119,633651,,
68,1210,76,2021-06-22,SDP,,LAD,"W, 3-2",CG,4,4,0,0,0,0,0,0,0,0,0,4,.254,.336,.452,.787,0,0,0,0,0,0,0.33,-0.033,0.47,-0.03%,-0.62,4,3B,,2021-06-22,135,119,633540,,
69,1211,77,2021-06-23,SDP,,LAD,"W, 5-3",CG,4,4,2,2,0,0,1,1,0,0,0,1,.258,.338,.464,.802,5,0,0,0,0,0,1.21,0.059,1.76,0.05%,0.92,4,3B,,2021-06-23,135,119,633627,,
70,1212,78,2021-06-25,SDP,,ARI,"W, 11-5",CG,5,5,1,2,0,0,0,1,0,0,0,0,.261,.339,.463,.802,2,0,0,0,0,0,0.36,0.019,0.44,0.01%,0.77,4,3B,,2021-06-25,135,109,633492,,
71,1213,79,2021-06-26,SDP,,ARI,"L, 1-10",GS-7,3,3,0,1,0,0,0,0,0,0,0,0,.262,.339,.462,.800,1,0,0,0,0,0,0.46,0.031,0.54,0.02%,0.00,4,3B,,2021-06-26,135,109,633512,,
72,1214,80,2021-06-27,SDP,,ARI,"W, 5-4",8-9,1,1,0,0,0,0,0,0,0,0,0,1,.261,.338,.460,.798,0,0,0,0,0,0,0.37,-0.009,0.42,-0.01%,-0.15,9,PH,,2021-06-27,135,109,633544,,
73,1215,81,2021-06-29,SDP,@,CIN,"W, 5-4",CG,5,4,0,1,0,0,0,1,0,0,0,0,.260,.336,.457,.792,1,0,0,0,1,0,1.04,-0.095,1.34,-0.07%,-0.83,4,3B,,2021-06-29,135,113,633454,,
74,1216,82,2021-06-30,SDP,@,CIN,"W, 7-5 (6)",CG(6),3,2,1,0,0,0,0,0,0,0,1,0,.258,.336,.453,.789,0,0,0,0,0,0,1.50,-0.042,1.94,-0.03%,-0.47,4,3B,,2021-06-30,135,113,633435,,
75,1217,83,2021-07-01,SDP,@,CIN,"L, 4-5",CG,4,3,3,1,0,0,0,0,1,0,1,0,.259,.338,.452,.789,1,0,0,0,0,0,1.57,0.007,1.99,0.01%,0.15,4,3B,,2021-07-01,135,113,633480,,
76,1218,84,2021-07-02,SDP,@,PHI,"L, 3-4 (10)",CG(10),4,4,0,1,0,0,0,0,0,0,0,1,.259,.337,.449,.785,1,0,0,0,0,0,0.82,-0.057,1.02,-0.04%,-0.56,3,3B,,2021-07-02,135,143,633448,,
77,1219,85,2021-07-03,SDP,@,PHI,"L, 2-4",CG,4,4,1,1,0,0,1,2,0,0,0,0,.259,.335,.457,.792,4,0,0,0,0,0,0.67,0.134,0.83,0.10%,1.47,4,3B,,2021-07-03,135,143,633390,,
78,1220,86,2021-07-04,SDP,@,PHI,"W, 11-1",CG,5,2,3,2,0,0,2,5,0,0,3,0,.264,.346,.482,.828,8,0,0,0,0,2,0.63,0.367,0.76,0.27%,4.85,4,3B,,2021-07-04,135,143,633374,,
79,1221,87,2021-07-05,SDP,,WSN,"L, 5-7",CG,5,3,1,0,0,0,0,0,0,0,2,1,.261,.347,.477,.824,0,0,0,0,0,0,1.09,-0.074,1.22,-0.05%,-0.33,4,3B,,2021-07-05,135,120,633378,,
80,1222,88,2021-07-06,SDP,,WSN,"W, 7-4",CG,4,4,3,3,2,0,0,1,0,0,0,0,.268,.351,.488,.839,5,0,0,0,0,0,1.27,0.229,1.49,0.16%,1.99,4,3B,,2021-07-06,135,120,633396,,
81,1223,89,2021-07-07,SDP,,WSN,"L, 5-15",GS-5,3,2,0,2,0,0,0,1,0,0,1,0,.273,.357,.491,.848,2,0,0,0,0,0,0.26,0.022,0.31,0.02%,1.19,4,3B,,2021-07-07,135,120,633362,,
82,1224,90,2021-07-08,SDP,,WSN,"W, 9-8",CG,5,3,1,0,0,0,0,0,0,0,1,1,.271,.358,.486,.844,0,0,1,0,0,1,2.18,-0.069,2.66,-0.05%,-0.11,4,3B,,2021-07-08,135,120,633343,,
83,1225,91,2021-07-09,SDP,,COL,"W, 4-2",CG,4,3,1,2,1,0,0,1,0,0,1,0,.275,.362,.492,.854,3,0,0,0,0,0,1.68,0.259,1.98,0.18%,1.62,4,3B,,2021-07-09,135,115,633367,,
84,1226,92,2021-07-10,SDP,,COL,"L, 0-3",CG,4,4,0,0,0,0,0,0,0,0,0,1,.271,.358,.485,.843,0,0,0,0,0,0,0.94,-0.089,1.12,-0.06%,-0.82,4,3B,,2021-07-10,135,115,633301,,
85,1227,93,2021-07-11,SDP,,COL,"L, 1-3",CG,4,4,0,0,0,0,0,0,0,0,0,2,.267,.354,.479,.833,0,0,0,0,0,0,1.28,-0.130,1.46,-0.09%,-0.94,4,3B,,2021-07-11,135,115,633314,,
86,1228,94,2021-07-16,SDP,@,WSN,"W, 24-8",GS-6,4,3,2,1,0,0,0,1,0,0,1,0,.268,.356,.477,.833,1,0,0,0,0,0,0.65,0.092,0.74,0.06%,0.58,4,3B,,2021-07-16,135,120,633305,,
87,1229,95,2021-07-17,SDP,@,WSN,"W, 10-4",CG,5,4,1,3,1,0,0,2,0,0,0,0,.274,.359,.484,.843,4,1,0,0,1,0,0.95,0.007,1.04,0.01%,0.84,4,3B,,2021-07-17,135,120,633267,,
88,1230,96,2021-07-18,SDP,@,WSN,"L, 7-8",CG,5,5,2,2,0,0,1,2,0,0,0,2,.276,.360,.492,.852,5,0,0,0,0,0,2.42,0.145,2.65,0.10%,0.78,4,3B,,2021-07-18,135,120,633267,,
89,1231,97,2021-07-20,SDP,@,ATL,"L, 1-2",CG,4,4,0,1,1,0,0,0,0,0,0,1,.276,.358,.492,.851,2,0,0,0,0,0,1.49,-0.018,1.71,-0.01%,0.19,4,3B,,2021-07-20,135,144,633240,,
90,1232,98,2021-07-21,SDP,@,ATL,"W, 3-2 (7)",CG(7),4,3,0,1,1,0,0,0,0,0,1,1,.276,.360,.494,.854,2,0,0,0,0,0,1.01,-0.046,1.18,-0.03%,-0.22,4,3B,1.0,2021-07-21,135,144,633250,,
91,1233,99,2021-07-21,SDP,@,ATL,"W, 6-5 (7)",6-6,1,0,0,0,0,0,0,0,0,0,1,0,.276,.362,.494,.855,0,0,0,0,0,1,1.36,0.007,1.57,0.01%,0.12,9,PH,2.0,2021-07-21,135,144,633224,,
92,1234,100,2021-07-22,SDP,@,MIA,"W, 3-2",CG,5,4,0,1,1,0,0,1,0,0,0,0,.276,.360,.494,.853,2,1,0,0,1,0,0.81,-0.004,0.91,0.00%,-0.47,4,3B,,2021-07-22,135,146,633269,,
93,1235,101,2021-07-23,SDP,@,MIA,"W, 5-2",CG,4,4,1,1,1,0,0,1,0,0,0,0,.276,.358,.494,.852,2,0,0,0,0,0,1.01,0.079,1.10,0.05%,0.87,4,3B,,2021-07-23,135,146,633164,,
94,1236,102,2021-07-24,SDP,@,MIA,"L, 2-3",CG,4,4,0,0,0,0,0,0,0,0,0,1,.272,.355,.488,.843,0,0,0,0,0,0,1.91,-0.188,2.16,-0.13%,-1.27,4,3B,,2021-07-24,135,146,633210,,
95,1237,103,2021-07-25,SDP,@,MIA,"L, 3-9",CG,4,4,1,2,0,0,1,1,0,0,0,0,.275,.356,.497,.853,5,0,0,0,0,0,0.92,0.154,1.04,0.11%,0.99,4,3B,,2021-07-25,135,146,633135,,
96,1238,104,2021-07-27,SDP,,OAK,"W, 7-4",CG,4,4,1,2,0,0,1,3,0,0,0,1,.278,.358,.506,.864,5,0,0,0,0,0,1.05,0.091,1.18,0.06%,1.65,4,3B,,2021-07-27,135,133,633155,,
97,1239,105,2021-07-28,SDP,,OAK,"L, 4-10",GS-8,3,3,1,1,0,0,0,0,0,0,0,1,.278,.358,.504,.862,1,0,0,0,0,0,0.12,-0.008,0.14,-0.01%,0.18,3,3B,,2021-07-28,135,133,633096,,
98,1240,106,2021-07-29,SDP,,COL,"W, 3-0",CG,4,4,0,1,1,0,0,0,0,0,0,0,.278,.356,.504,.861,2,0,0,0,0,0,0.86,-0.089,0.97,-0.06%,-1.01,3,3B,,2021-07-29,135,115,633065,,
99,1241,107,2021-07-30,SDP,,COL,"L, 4-9",CG,4,4,2,4,0,0,2,4,0,0,0,0,.286,.363,.527,.890,10,0,0,0,0,0,0.28,-0.005,0.31,0.00%,3.60,3,3B,,2021-07-30,135,115,633112,,
100,1242,108,2021-07-31,SDP,,COL,"L, 3-5",CG,4,3,0,1,0,0,0,0,0,0,1,0,.287,.364,.525,.889,1,0,0,0,0,0,0.99,-0.027,1.20,-0.02%,-0.20,3,3B,,2021-07-31,135,115,633142,,
101,1243,109,2021-08-01,SDP,,COL,"W, 8-1",CG,4,3,2,1,0,0,0,0,0,0,1,2,.287,.365,.524,.889,1,0,0,0,0,0,0.40,0.026,0.45,0.02%,0.44,3,3B,,2021-08-01,135,115,633084,,
102,1244,110,2021-08-03,SDP,@,OAK,"W, 8-1",CG,5,5,2,2,1,0,0,0,0,0,0,0,.288,.366,.525,.891,3,0,0,0,0,0,0.32,-0.016,0.35,-0.01%,-0.15,3,3B,,2021-08-03,135,133,633022,,
103,1245,111,2021-08-04,SDP,@,OAK,"L, 4-5 (10)",CG(10),5,5,0,1,0,0,0,0,0,0,0,4,.287,.364,.520,.884,1,0,0,0,0,0,0.89,-0.053,0.96,-0.03%,-0.84,3,3B,,2021-08-04,135,133,633010,,
104,1246,112,2021-08-06,SDP,,ARI,"L, 5-8",CG,5,5,0,0,0,0,0,0,0,0,0,1,.283,.360,.513,.873,0,0,0,0,0,0,1.36,-0.179,1.41,-0.11%,-2.02,3,3B,,2021-08-06,135,109,633008,,
105,1247,113,2021-08-07,SDP,,ARI,"W, 6-2",CG,4,4,2,2,0,0,1,2,0,0,0,2,.286,.361,.521,.882,5,0,0,0,0,0,1.10,0.197,1.21,0.13%,1.33,3,3B,,2021-08-07,135,109,632988,,
106,1248,114,2021-08-08,SDP,,ARI,"W, 2-0",CG,4,4,0,1,0,0,0,0,0,0,0,0,.285,.360,.518,.878,1,0,0,0,0,0,0.75,-0.067,0.82,-0.04%,-0.71,3,3B,,2021-08-08,135,109,633051,,
107,1249,115,2021-08-09,SDP,,MIA,"W, 8-3",CG,4,4,1,2,1,0,0,1,0,0,0,0,.288,.361,.521,.882,3,0,0,0,0,0,0.84,0.161,0.90,0.11%,1.64,3,3B,,2021-08-09,135,146,632942,,
108,1250,116,2021-08-10,SDP,,MIA,"W, 6-5",CG,4,4,1,1,0,0,0,0,0,0,0,0,.287,.360,.518,.878,1,0,0,0,0,0,1.37,-0.073,1.46,-0.05%,-0.68,3,3B,,2021-08-10,135,146,632976,,
109,1251,117,2021-08-11,SDP,,MIA,"L, 0-7",GS-9,4,4,0,1,0,0,0,0,0,0,0,2,.287,.359,.515,.874,1,0,0,0,0,0,0.46,-0.041,0.46,-0.02%,-0.60,3,3B,,2021-08-11,135,146,632959,,
110,1252,118,2021-08-12,SDP,@,ARI,"L, 3-12",CG,4,4,1,0,0,0,0,0,0,0,0,1,.284,.356,.510,.866,0,0,0,0,0,0,0.53,-0.047,0.51,-0.03%,-0.26,3,3B,,2021-08-12,135,109,632914,,
111,1253,119,2021-08-13,SDP,@,ARI,"L, 2-3",CG,4,4,0,1,0,0,0,0,0,0,0,1,.284,.355,.507,.863,1,0,0,0,0,0,1.33,-0.079,1.32,-0.05%,-0.52,3,3B,,2021-08-13,135,109,632932,,
112,1254,120,2021-08-14,SDP,@,ARI,"L, 0-7",CG,3,3,0,0,0,0,0,0,0,0,0,1,.281,.353,.504,.857,0,0,0,0,0,0,0.23,-0.018,0.24,-0.01%,-0.51,3,3B,,2021-08-14,135,109,632877,,
113,1255,121,2021-08-15,SDP,@,ARI,"W, 8-2",CG,5,3,0,0,0,0,0,0,0,0,2,0,.279,.353,.500,.853,0,0,0,0,0,0,0.87,-0.042,0.90,-0.03%,-0.18,3,3B,,2021-08-15,135,109,632917,,
114,1256,122,2021-08-16,SDP,@,COL,"L, 5-6",CG,4,4,0,2,0,0,0,1,0,0,0,0,.282,.355,.500,.855,2,0,0,0,0,0,0.57,0.034,0.57,0.02%,0.80,3,3B,,2021-08-16,135,115,632813,,
115,1257,123,2021-08-17,SDP,@,COL,"L, 3-7",CG,4,4,0,0,0,0,0,0,0,0,0,1,.279,.352,.495,.847,0,0,0,0,0,0,0.66,-0.070,0.68,-0.04%,-0.85,3,3B,,2021-08-17,135,115,632851,,
116,1258,124,2021-08-18,SDP,@,COL,"L, 5-7",CG,5,5,0,1,0,0,0,1,0,0,0,0,.278,.350,.492,.842,1,0,0,0,0,0,1.27,-0.019,1.26,-0.01%,0.11,3,3B,,2021-08-18,135,115,632862,,
117,1259,125,2021-08-20,SDP,,PHI,"L, 3-4",GS-9,5,5,1,1,0,0,1,2,0,0,0,2,.277,.348,.495,.844,4,0,0,0,0,0,2.91,-0.143,3.00,-0.09%,0.28,3,3B,,2021-08-20,135,143,632817,,
118,1260,126,2021-08-21,SDP,,PHI,"W, 4-3 (10)",CG(10),4,4,0,1,0,0,0,1,1,0,0,0,.277,.348,.493,.841,1,0,0,0,0,0,1.53,0.136,1.52,0.08%,0.46,3,3B,,2021-08-21,135,143,632806,,
119,1261,127,2021-08-22,SDP,,PHI,"L, 4-7",CG,4,3,0,0,0,0,0,1,0,0,0,0,.275,.345,.490,.834,0,0,0,0,1,0,0.61,-0.017,0.62,-0.01%,-0.37,3,3B,,2021-08-22,135,143,632830,,
120,1262,128,2021-08-24,SDP,,LAD,"L, 2-5",CG,4,3,0,0,0,0,0,0,0,0,1,1,.273,.344,.486,.830,0,0,0,0,0,0,0.90,-0.045,0.83,-0.03%,-0.36,3,3B,,2021-08-24,135,119,632748,,
121,1263,129,2021-08-25,SDP,,LAD,"L, 3-5 (16)",CG(16),7,5,0,0,0,0,0,0,0,0,2,1,.270,.343,.481,.824,0,0,0,0,0,2,2.01,-0.129,1.82,-0.07%,-0.60,3,3B,,2021-08-25,135,119,632764,,
122,1264,130,2021-08-26,SDP,,LAD,"L, 0-4",CG,4,4,0,1,0,0,0,0,0,0,0,2,.270,.343,.479,.821,1,0,0,0,0,0,0.34,-0.033,0.28,-0.02%,-0.25,3,3B,,2021-08-26,135,119,632685,,
123,1265,131,2021-08-27,SDP,@,LAA,"W, 5-0",CG,5,5,1,2,0,0,0,0,0,0,0,0,.271,.343,.478,.821,2,0,0,0,0,0,0.61,-0.063,0.47,-0.03%,-0.69,3,DH,,2021-08-27,135,108,632782,,
124,1266,132,2021-08-28,SDP,@,LAA,"L, 2-10",GS-8,4,4,0,2,1,0,0,0,0,0,0,1,.273,.344,.480,.824,3,0,0,0,0,0,0.98,-0.064,0.73,-0.03%,-0.39,3,3B,,2021-08-28,135,108,632697,,
125,1267,133,2021-08-30,SDP,@,ARI,"W, 7-5",CG,5,5,1,2,1,0,0,0,0,0,0,1,.275,.345,.481,.826,3,0,0,0,0,0,0.57,-0.016,0.48,-0.01%,-0.24,3,3B,,2021-08-30,135,109,632703,,
126,1268,134,2021-08-31,SDP,@,ARI,"W, 3-0",CG,5,4,1,1,0,0,1,2,0,0,1,1,.274,.345,.486,.831,4,0,0,0,0,0,0.62,0.225,0.60,0.13%,1.51,3,3B,,2021-08-31,135,109,632672,,
127,1269,135,2021-09-01,SDP,@,ARI,"L, 3-8",CG,4,4,0,1,1,0,0,0,0,0,0,0,.274,.345,.486,.831,2,0,0,0,0,0,0.35,-0.029,0.36,-0.02%,-0.32,3,3B,,2021-09-01,135,109,632681,,
128,1270,136,2021-09-03,SDP,,HOU,"L, 3-6",CG,5,4,0,1,0,0,0,1,1,0,1,1,.274,.345,.484,.829,1,1,0,0,0,0,1.68,-0.001,1.64,0.00%,-0.10,2,3B,,2021-09-03,135,117,632651,,
129,1271,137,2021-09-04,SDP,,HOU,"W, 10-2",CG,5,4,1,2,1,0,1,2,0,0,0,0,.276,.348,.493,.840,6,0,1,0,0,0,0.61,0.038,0.58,0.02%,1.50,2,3B,,2021-09-04,135,117,632612,,
130,1272,138,2021-09-05,SDP,,HOU,"W, 4-3",CG,4,4,1,1,0,0,0,0,0,0,0,0,.276,.347,.491,.837,1,0,0,0,0,0,1.09,-0.039,1.18,-0.03%,-0.22,3,3B,,2021-09-05,135,117,632647,,
131,1273,139,2021-09-07,SDP,,LAA,"L, 0-4",CG,4,3,0,1,0,0,0,0,0,0,1,1,.276,.348,.490,.838,1,0,0,0,0,0,0.76,0.048,0.87,0.03%,0.25,2,3B,,2021-09-07,135,108,632581,,
132,1274,140,2021-09-08,SDP,,LAA,"W, 8-5",CG,5,4,1,1,0,0,0,0,0,0,1,1,.276,.348,.488,.836,1,0,0,0,0,0,0.50,-0.015,0.57,-0.01%,-0.08,3,3B,,2021-09-08,135,108,632631,,
133,1275,141,2021-09-10,SDP,@,LAD,"L, 0-3",CG,4,3,0,0,0,0,0,0,0,0,1,0,.274,.348,.485,.832,0,0,0,0,0,0,0.66,-0.030,0.82,-0.02%,-0.31,2,3B,,2021-09-10,135,119,632542,,
134,1276,142,2021-09-11,SDP,@,LAD,"L, 4-5",CG,4,4,2,3,1,0,0,1,1,0,0,0,.278,.351,.489,.839,4,0,0,0,0,0,1.25,0.182,1.49,0.13%,1.79,3,3B,,2021-09-11,135,119,632530,,
135,1277,143,2021-09-12,SDP,@,LAD,"L, 0-8",CG,3,3,0,0,0,0,0,0,0,0,0,0,.276,.349,.486,.835,0,0,0,0,0,0,0.48,-0.038,0.59,-0.03%,-0.33,3,3B,,2021-09-12,135,119,632568,,
136,1278,144,2021-09-13,SDP,@,SFG,"L, 1-9",CG,4,4,0,1,0,0,0,0,0,0,0,0,.276,.348,.484,.832,1,0,0,0,0,0,0.31,-0.029,0.36,-0.02%,-0.45,4,3B,,2021-09-13,135,137,632520,,
137,1279,145,2021-09-14,SDP,@,SFG,"L, 1-6",CG,4,4,0,0,0,0,0,0,0,0,0,1,.274,.346,.480,.826,0,0,0,0,0,0,0.64,-0.064,0.67,-0.04%,-0.74,3,3B,,2021-09-14,135,137,632491,,
138,1280,146,2021-09-15,SDP,@,SFG,"W, 9-6",CG,5,5,1,2,2,0,0,1,0,0,0,1,.275,.346,.483,.829,4,0,0,0,0,0,0.92,0.055,0.88,0.03%,0.97,3,3B,,2021-09-15,135,137,632464,,
139,1281,147,2021-09-16,SDP,@,SFG,"W, 7-4",CG,5,5,0,1,0,0,0,2,0,1,0,1,.274,.345,.481,.825,1,0,0,0,0,0,0.64,-0.031,0.69,-0.02%,0.02,3,3B,,2021-09-16,135,137,632473,,
140,1282,148,2021-09-17,SDP,@,STL,"L, 2-8",CG,4,4,0,1,1,0,0,0,0,0,0,1,.274,.344,.481,.825,2,0,0,0,0,0,0.71,-0.056,1.31,-0.06%,-0.34,3,3B,,2021-09-17,135,138,632436,,
141,1283,149,2021-09-18,SDP,@,STL,"L, 2-3",CG,4,4,1,2,0,0,0,0,0,0,0,0,.276,.345,.481,.826,2,0,0,0,0,0,0.72,0.018,1.10,0.02%,-0.08,3,3B,,2021-09-18,135,138,632488,,
142,1284,150,2021-09-19,SDP,@,STL,"L, 7-8",CG,4,4,2,2,0,0,0,0,0,0,0,0,.278,.346,.481,.827,2,0,0,0,0,0,0.65,0.048,0.81,0.04%,0.66,3,3B,,2021-09-19,135,138,632443,,
143,1285,151,2021-09-21,SDP,,SFG,"L, 5-6",CG,5,5,2,3,0,0,2,2,0,0,0,0,.281,.348,.493,.842,9,1,0,0,0,0,2.13,-0.121,0.70,-0.02%,1.28,3,3B,,2021-09-21,135,137,632378,,
144,1286,152,2021-09-22,SDP,,SFG,"L, 6-8",CG,5,5,1,2,0,0,0,1,0,0,0,1,.282,.349,.493,.841,2,0,0,0,0,0,1.09,-0.107,0.14,-0.01%,-0.32,3,3B,,2021-09-22,135,137,632384,,
145,1287,153,2021-09-23,SDP,,SFG,"W, 7-6 (10)",8-9,1,1,0,0,0,0,0,0,0,0,0,1,.281,.348,.492,.840,0,0,0,0,0,0,1.36,-0.033,0.03,0.00%,-0.15,9,PH,,2021-09-23,135,137,632370,,
146,1288,154,2021-09-24,SDP,,ATL,"L, 0-4",CG,3,3,0,0,0,0,0,0,0,0,0,0,.280,.346,.489,.835,0,0,0,0,0,0,0.86,-0.064,0.01,0.00%,-0.68,4,3B,,2021-09-24,135,144,633224,,
147,1289,155,2021-09-25,SDP,,ATL,"L, 8-10 (10)",CG(10),5,5,1,1,0,0,1,4,0,0,0,1,.279,.345,.492,.837,4,0,0,0,0,0,1.60,0.232,0.00,0.00%,2.63,4,3B,,2021-09-25,135,144,632343,,
148,1290,156,2021-09-26,SDP,,ATL,"L, 3-4",CG,5,2,0,1,0,0,0,1,0,0,3,0,.280,.349,.492,.841,1,0,0,0,0,1,2.55,0.313,0.00,0.00%,1.30,3,3B,,2021-09-26,135,144,632325,,
149,1291,157,2021-09-28,SDP,@,LAD,"L, 1-2",CG,4,4,0,0,0,0,0,0,0,0,0,0,.278,.347,.488,.835,0,0,0,0,0,0,1.09,-0.113,0.00,0.00%,-0.69,4,3B,,2021-09-28,135,119,632318,,
150,1292,158,2021-09-29,SDP,@,LAD,"L, 9-11",CG,5,4,2,2,0,0,1,2,0,0,1,0,.279,.349,.494,.842,5,0,0,0,0,0,0.93,0.103,0.00,0.00%,1.57,3,3B,,2021-09-29,135,119,632297,,
151,1293,159,2021-09-30,SDP,@,LAD,"L, 3-8",CG,4,4,0,1,0,0,0,0,0,0,0,1,.279,.348,.492,.840,1,0,0,0,0,0,0.68,-0.048,0.00,0.00%,-0.60,3,3B,,2021-09-30,135,119,632291,,
152,1294,161,2021-10-02,SDP,@,SFG,"W, 3-2 (10)",CG(10),5,3,0,1,0,0,0,2,0,0,1,0,.279,.349,.491,.840,1,0,0,0,1,1,2.67,0.123,0.00,0.00%,0.53,3,3B,,2021-10-02,135,137,632256,,
153,1295,162,2021-10-03,SDP,@,SFG,"L, 4-11",GS-6,3,2,0,0,0,0,0,1,0,0,0,1,.278,.347,.489,.836,0,0,0,0,1,0,0.64,0.001,0.00,0.00%,-0.05,3,3B,,2021-10-03,135,137,632241,,
1,1296,1,2022-04-07,SDP,@,ARI,"L, 2-4",CG,4,3,0,0,0,0,0,0,0,0,1,0,.000,.250,.000,.250,0,0,0,0,0,0,0.97,-0.048,0.95,-0.03%,-0.62,2,3B,,2022-04-07,135,109,663418,,
2,1297,2,2022-04-08,SDP,@,ARI,"W, 3-0",CG,5,5,0,1,0,0,0,0,0,0,0,2,.125,.222,.125,.347,1,1,0,0,0,0,0.80,-0.091,0.75,-0.05%,-1.41,2,3B,,2022-04-08,135,109,663417,,
3,1298,3,2022-04-09,SDP,@,ARI,"W, 5-2",CG,5,4,2,2,1,0,0,1,1,0,1,0,.250,.357,.333,.690,3,0,0,0,0,0,1.26,0.315,1.26,0.19%,1.63,3,3B,,2022-04-09,135,109,663404,,
4,1299,4,2022-04-10,SDP,@,ARI,"W, 10-5",GS-8,4,4,0,1,1,0,0,1,0,0,0,2,.250,.333,.375,.708,2,0,0,0,0,0,0.28,-0.029,0.30,-0.02%,0.61,3,3B,,2022-04-10,135,109,663395,,
5,1300,5,2022-04-11,SDP,@,SFG,"W, 4-2",CG,5,4,1,1,0,0,0,1,0,0,1,2,.250,.348,.350,.698,1,0,0,0,0,0,1.24,0.099,1.42,0.07%,0.48,3,3B,,2022-04-11,135,137,662116,,
6,1301,6,2022-04-12,SDP,@,SFG,"L, 2-13",GS-7,3,2,0,0,0,0,0,0,0,0,1,2,.227,.346,.318,.664,0,0,0,0,0,0,0.18,0.008,0.20,0.01%,-0.33,3,3B,,2022-04-12,135,137,662104,,
7,1302,7,2022-04-13,SDP,@,SFG,"L, 1-2",CG,4,4,1,1,1,0,0,0,0,0,0,0,.231,.333,.346,.679,2,0,0,0,0,0,1.24,-0.069,1.39,-0.05%,-0.07,2,3B,,2022-04-13,135,137,662115,,
8,1303,8,2022-04-14,SDP,,ATL,"W, 12-1",CG,6,6,4,5,0,0,1,2,2,0,0,0,.344,.417,.531,.948,8,0,0,0,0,0,0.24,0.053,0.24,0.03%,2.78,3,3B,,2022-04-14,135,144,662237,,
9,1304,9,2022-04-15,SDP,,ATL,"L, 2-5",CG,4,4,0,3,1,0,0,1,0,0,0,1,.389,.450,.583,1.033,4,0,0,0,0,0,1.01,0.194,0.98,0.11%,1.25,2,3B,,2022-04-15,135,144,662236,,
10,1305,10,2022-04-16,SDP,,ATL,"L, 2-5",CG,4,4,0,0,0,0,0,0,0,0,0,2,.350,.409,.525,.934,0,0,0,0,0,0,0.95,-0.095,0.93,-0.06%,-0.93,3,3B,,2022-04-16,135,144,662235,,
11,1306,11,2022-04-17,SDP,,ATL,"W, 2-1",CG,4,4,0,0,0,0,0,0,0,0,0,0,.318,.375,.477,.852,0,0,0,0,0,0,1.07,0.001,1.00,0.00%,-0.19,4,3B,,2022-04-17,135,144,662234,,
12,1307,12,2022-04-18,SDP,,CIN,"W, 4-1",CG,4,4,2,3,1,0,1,2,0,0,0,0,.354,.404,.583,.987,7,0,0,0,0,0,0.85,0.201,0.80,0.11%,2.30,2,3B,,2022-04-18,135,113,662233,,
13,1308,13,2022-04-19,SDP,,CIN,"W, 6-2",CG,4,4,1,2,0,0,1,2,0,0,0,0,.365,.411,.635,1.045,5,0,0,0,0,0,0.61,0.164,0.59,0.10%,1.69,2,3B,,2022-04-19,135,113,662232,,
14,1309,14,2022-04-20,SDP,,CIN,"W, 6-0",CG,4,1,1,0,0,0,0,0,0,0,2,0,.358,.433,.623,1.056,0,0,1,0,0,1,0.55,0.069,0.56,0.04%,0.64,2,DH,,2022-04-20,135,113,662231,,
15,1310,15,2022-04-22,SDP,,LAD,"L, 1-6",CG,4,4,0,1,0,0,0,0,0,0,0,2,.351,.422,.596,1.018,1,0,0,0,0,0,0.89,-0.052,1.01,-0.04%,-0.46,2,3B,,2022-04-22,135,119,662230,,
16,1311,16,2022-04-23,SDP,,LAD,"W, 3-2 (10)",CG(10),4,2,0,0,0,0,0,0,0,0,2,1,.339,.426,.576,1.003,0,1,0,0,0,0,0.87,-0.043,0.99,-0.03%,-0.67,3,3B,,2022-04-23,135,119,662276,,
17,1312,17,2022-04-24,SDP,,LAD,"L, 2-10",GS-8,3,3,1,1,0,0,0,0,0,0,0,0,.339,.423,.565,.987,1,0,0,0,0,0,0.78,-0.045,0.90,-0.03%,-0.56,3,3B,,2022-04-24,135,119,662274,,
18,1313,18,2022-04-26,SDP,@,CIN,"W, 9-6",CG,5,4,1,2,0,0,0,0,0,0,1,0,.348,.434,.561,.995,2,0,0,0,0,0,0.45,0.103,0.44,0.06%,1.20,3,3B,,2022-04-26,135,113,663079,,
19,1314,19,2022-04-27,SDP,@,CIN,"W, 8-5",CG,5,5,2,3,1,0,0,1,0,0,0,0,.366,.444,.577,1.022,4,0,0,0,0,0,0.43,0.049,0.45,0.03%,1.73,3,3B,,2022-04-27,135,113,663148,,
20,1315,20,2022-04-28,SDP,@,CIN,"W, 7-5",CG,5,5,2,4,1,0,0,1,0,0,0,0,.395,.465,.605,1.070,5,0,0,0,0,0,0.92,0.190,0.99,0.12%,2.07,3,DH,,2022-04-28,135,113,663078,,
21,1316,21,2022-04-29,SDP,@,PIT,"W, 7-3",CG,5,4,0,1,0,0,0,1,1,0,0,2,.388,.451,.588,1.038,1,0,0,0,1,0,1.01,0.075,1.13,0.05%,-0.28,3,3B,,2022-04-29,135,134,662296,,
22,1317,22,2022-04-30,SDP,@,PIT,"L, 6-7 (10)",CG(10),4,3,2,1,0,0,1,2,0,0,1,0,.386,.453,.614,1.067,4,0,0,0,0,0,1.35,0.360,1.48,0.24%,1.69,3,3B,,2022-04-30,135,134,662288,,
23,1318,23,2022-05-01,SDP,@,PIT,"W, 5-2",CG,5,5,0,1,0,0,0,1,0,0,0,1,.375,.440,.591,1.031,1,0,0,0,0,0,0.80,0.069,0.90,0.05%,0.01,3,3B,,2022-05-01,135,134,662293,,
24,1319,24,2022-05-04,SDP,@,CLE,"W, 5-4",CG,5,4,1,2,0,0,1,2,0,0,1,1,.380,.448,.620,1.067,5,0,0,0,0,0,0.88,0.187,0.97,0.12%,1.82,3,3B,1.0,2022-05-04,135,114,663067,,
25,1320,25,2022-05-04,SDP,@,CLE,"L, 5-6 (10)",CG(10),5,4,2,0,0,0,0,0,1,0,1,2,.365,.436,.594,1.030,0,0,0,0,0,0,0.93,-0.024,1.02,-0.02%,-0.15,3,3B,2.0,2022-05-04,135,114,663068,,
26,1321,26,2022-05-05,SDP,,MIA,"W, 2-1",CG,4,3,2,2,0,0,2,2,0,0,1,0,.374,.447,.657,1.104,8,1,0,0,0,0,0.61,0.213,0.70,0.15%,1.03,3,3B,,2022-05-05,135,146,662262,,
27,1322,27,2022-05-06,SDP,,MIA,"W, 3-2",CG,4,3,1,2,0,0,0,1,1,0,1,0,.382,.458,.657,1.114,2,0,0,0,0,0,0.89,0.089,1.02,0.06%,1.11,3,3B,,2022-05-06,135,146,662272,,
28,1323,28,2022-05-07,SDP,,MIA,"L, 0-8",CG,4,3,0,1,0,0,0,0,0,0,1,0,.381,.459,.648,1.107,1,0,0,0,0,0,0.66,0.027,0.76,0.02%,0.26,3,DH,,2022-05-07,135,146,662261,,
29,1324,29,2022-05-08,SDP,,MIA,"W, 3-2",CG,4,4,0,2,0,0,0,0,0,0,0,2,.385,.460,.642,1.103,2,0,0,0,0,0,1.11,0.017,1.25,0.01%,0.14,3,3B,,2022-05-08,135,146,662260,,
30,1325,30,2022-05-09,SDP,,CHC,"L, 0-6",CG,4,4,0,1,0,0,0,0,0,0,0,0,.381,.454,.628,1.082,1,0,0,0,0,0,0.58,-0.028,0.68,-0.02%,-0.34,3,3B,,2022-05-09,135,112,662259,,
31,1326,31,2022-05-10,SDP,,CHC,"W, 5-4",CG,4,3,1,1,1,0,0,1,0,0,1,0,.379,.455,.629,1.085,2,1,0,0,0,0,1.41,0.105,1.58,0.07%,0.01,3,3B,,2022-05-10,135,112,662258,,
32,1327,32,2022-05-11,SDP,,CHC,"L, 5-7",CG,5,4,0,2,0,0,0,0,0,0,1,2,.383,.460,.625,1.085,2,0,0,0,0,0,1.28,-0.002,1.44,0.00%,0.43,3,3B,,2022-05-11,135,112,662273,,
33,1328,33,2022-05-13,SDP,@,ATL,"W, 11-6",CG,5,4,0,0,0,0,0,0,0,0,1,1,.371,.451,.605,1.056,0,0,0,0,0,1,1.34,-0.087,1.50,-0.06%,-1.07,3,3B,,2022-05-13,135,144,661547,,
34,1329,34,2022-05-14,SDP,@,ATL,"L, 5-6",CG,4,4,0,0,0,0,0,1,0,0,0,1,.359,.439,.586,1.025,0,0,0,0,0,0,1.64,0.176,1.90,0.12%,1.23,3,3B,,2022-05-14,135,144,661546,,
35,1330,35,2022-05-15,SDP,@,ATL,"W, 7-3 (11)",10-10,1,0,0,0,0,0,0,0,0,0,1,0,.359,.443,.586,1.029,0,0,0,0,0,1,6.09,0.028,7.21,0.02%,0.25,8,PH,,2022-05-15,135,144,661545,,
36,1331,36,2022-05-17,SDP,@,PHI,"W, 3-0",CG,4,4,0,1,0,0,0,0,0,0,0,2,.356,.438,.576,1.014,1,0,0,0,0,0,0.78,0.026,0.94,0.02%,-0.03,3,3B,,2022-05-17,135,143,661625,,
37,1332,37,2022-05-18,SDP,@,PHI,"L, 0-3",CG,4,4,0,1,0,0,0,0,0,0,0,0,.353,.433,.566,.999,1,0,0,0,0,0,0.54,0.010,0.62,0.01%,0.02,3,3B,,2022-05-18,135,143,661624,,
38,1333,38,2022-05-19,SDP,@,PHI,"W, 2-0",CG,5,5,0,2,0,0,0,0,0,0,0,1,.355,.432,.560,.992,2,0,0,0,0,0,0.64,0.037,0.75,0.03%,0.24,2,3B,,2022-05-19,135,143,661623,,
39,1334,39,2022-05-20,SDP,@,SFG,"W, 8-7 (10)",CG(10),5,5,2,3,1,0,0,1,1,0,0,1,.363,.437,.568,1.006,4,0,0,0,0,0,1.48,0.262,1.90,0.20%,1.71,2,3B,,2022-05-20,135,137,662078,,
40,1335,40,2022-05-21,SDP,@,SFG,"W, 2-1",CG,5,5,1,1,0,0,1,1,0,0,0,0,.358,.430,.576,1.006,4,0,0,0,0,0,0.75,0.049,0.94,0.04%,0.07,2,3B,,2022-05-21,135,137,662077,,
41,1336,41,2022-05-22,SDP,@,SFG,"W, 10-1",GS-8,5,4,3,4,3,1,0,2,0,0,1,0,.374,.446,.619,1.066,9,0,0,0,0,1,0.46,0.103,0.58,0.08%,2.67,2,3B,,2022-05-22,135,137,662076,,
42,1337,42,2022-05-23,SDP,,MIL,"W, 3-2 (10)",CG(10),5,4,1,0,0,0,0,0,0,0,1,1,.365,.440,.604,1.043,0,0,0,0,0,0,2.45,-0.273,2.89,-0.19%,-1.28,2,3B,,2022-05-23,135,158,662257,,
43,1338,43,2022-05-24,SDP,,MIL,"L, 1-4",CG,4,4,0,2,0,0,0,0,0,1,0,0,.368,.441,.601,1.042,2,0,0,0,0,0,0.91,0.086,1.03,0.06%,0.90,2,3B,,2022-05-24,135,158,662229,,
44,1339,44,2022-05-25,SDP,,MIL,"L, 1-2",CG,4,3,0,0,0,0,0,0,0,0,1,0,.361,.437,.590,1.027,0,0,0,0,0,0,1.43,0.028,1.67,0.02%,0.44,2,3B,,2022-05-25,135,158,662228,,
45,1340,45,2022-05-27,SDP,,PIT,"W, 4-3",CG,4,2,1,0,0,0,0,0,0,0,2,0,.357,.438,.583,1.021,0,0,0,0,0,0,1.50,-0.023,1.62,-0.02%,-0.40,2,3B,,2022-05-27,135,134,662281,,
46,1341,48,2022-05-30,SDP,@,STL,"L, 3-6",CG,5,5,0,1,0,0,0,1,0,0,0,2,.353,.432,.572,1.004,1,0,0,0,0,0,1.35,-0.091,1.50,-0.06%,-0.01,2,3B,,2022-05-30,135,138,661989,,
47,1342,49,2022-05-31,SDP,@,STL,"L, 2-3 (10)",GS-6,3,3,0,0,0,0,0,0,0,0,0,2,.347,.426,.563,.988,0,0,0,0,0,0,0.52,-0.039,0.59,-0.03%,-0.35,2,3B,,2022-05-31,135,138,661977,,
48,1343,50,2022-06-01,SDP,@,STL,"L, 2-5",CG,4,4,0,1,0,0,0,1,0,0,0,0,.344,.422,.556,.978,1,0,0,0,0,0,0.83,0.021,0.95,0.01%,0.36,2,3B,,2022-06-01,135,138,661982,,
49,1344,51,2022-06-02,SDP,@,MIL,"L, 4-5",CG,5,5,1,2,1,0,0,0,0,0,0,0,.346,.422,.557,.979,3,0,0,0,0,0,0.54,-0.018,0.66,-0.01%,0.08,3,3B,,2022-06-02,135,158,661340,,
50,1345,52,2022-06-03,SDP,@,MIL,"W, 7-0",CG,5,4,2,1,0,0,1,3,0,0,1,1,.344,.421,.566,.987,4,0,0,0,0,0,0.67,0.154,0.76,0.11%,1.71,3,3B,,2022-06-03,135,158,661334,,
51,1346,53,2022-06-04,SDP,@,MIL,"W, 4-0",CG,4,4,0,1,1,0,0,0,0,0,0,0,.342,.418,.565,.983,2,0,0,0,0,0,0.45,-0.017,0.52,-0.01%,-0.31,3,3B,,2022-06-04,135,158,661214,,
52,1347,54,2022-06-05,SDP,@,MIL,"W, 6-4 (10)",CG(10),5,5,0,0,0,0,0,0,0,0,0,0,.333,.409,.551,.959,0,0,0,0,0,0,0.89,-0.136,1.06,-0.10%,-1.53,3,3B,,2022-06-05,135,158,661241,,
53,1348,55,2022-06-06,SDP,,NYM,"L, 5-11",CG,4,4,0,0,0,0,0,0,0,0,0,0,.327,.402,.540,.941,0,0,0,0,0,0,0.78,-0.075,0.95,-0.06%,-1.07,3,3B,,2022-06-06,135,121,662278,,
54,1349,56,2022-06-07,SDP,,NYM,"W, 7-0",CG,4,4,0,1,0,0,0,2,0,0,0,1,.325,.399,.534,.933,1,0,0,0,0,0,0.39,-0.013,0.47,-0.01%,1.33,3,3B,,2022-06-07,135,121,662277,,
55,1350,57,2022-06-08,SDP,,NYM,"W, 13-2",GS-7,4,4,0,2,2,0,0,2,0,0,0,1,.329,.401,.543,.944,4,0,0,0,0,0,0.60,0.118,0.72,0.09%,2.05,3,DH,,2022-06-08,135,121,662223,,
56,1351,58,2022-06-10,SDP,,COL,"W, 9-0",GS-8,5,4,1,2,0,0,1,1,0,0,1,0,.332,.405,.556,.961,5,0,0,0,0,1,0.23,0.091,0.26,0.06%,0.74,3,3B,,2022-06-10,135,115,662275,,
57,1352,59,2022-06-11,SDP,,COL,"W, 2-1 (10)",CG(10),4,4,1,0,0,0,0,0,0,0,0,2,.326,.398,.546,.944,0,0,0,0,0,0,1.72,0.275,2.02,0.19%,0.03,3,3B,1.0,2022-06-11,135,115,662251,,
58,1353,60,2022-06-11,SDP,,COL,"L, 2-6",CG,4,4,0,0,0,0,0,0,0,0,0,2,.320,.392,.536,.928,0,0,0,0,0,0,0.57,-0.054,0.64,-0.04%,-0.88,3,DH,2.0,2022-06-11,135,115,662222,,
59,1354,61,2022-06-12,SDP,,COL,"L, 2-4",CG,4,4,1,2,0,0,0,0,0,0,0,2,.323,.394,.535,.929,2,0,0,0,0,0,0.97,0.029,1.15,0.02%,0.04,3,3B,,2022-06-12,135,115,662256,,
60,1355,62,2022-06-13,SDP,@,CHC,"W, 4-1",CG,4,4,1,1,0,0,0,1,0,0,0,0,.322,.391,.530,.922,1,0,0,0,0,0,1.41,-0.008,1.63,-0.01%,-0.12,3,3B,,2022-06-13,135,112,663183,,
61,1356,63,2022-06-14,SDP,@,CHC,"W, 12-5",CG,6,5,1,0,0,0,0,0,0,0,1,2,.315,.386,.519,.906,0,0,0,0,0,0,1.11,0.059,1.27,0.04%,-1.13,3,3B,,2022-06-14,135,112,663182,,
62,1357,64,2022-06-15,SDP,@,CHC,"W, 19-5",CG,6,4,3,3,0,0,1,4,0,0,2,0,.322,.396,.536,.932,6,0,0,0,0,1,0.65,0.149,0.75,0.10%,3.28,3,3B,,2022-06-15,135,112,663155,,
63,1358,65,2022-06-16,SDP,@,CHC,"W, 6-4",CG,5,5,0,3,0,0,0,1,0,0,0,0,.328,.400,.537,.937,3,0,0,0,0,0,0.80,0.077,0.91,0.05%,0.35,3,3B,,2022-06-16,135,112,663125,,
64,1359,66,2022-06-17,SDP,@,COL,"L, 4-10",CG,4,4,1,1,1,0,0,1,0,0,0,0,.327,.398,.536,.934,2,0,0,0,0,0,0.65,0.008,0.74,0.01%,0.27,3,DH,,2022-06-17,135,115,662985,,
65,1360,67,2022-06-18,SDP,@,COL,"L, 4-5",CG,5,4,1,2,0,0,1,2,0,0,1,1,.329,.401,.548,.949,5,0,0,0,0,0,2.20,0.083,2.58,0.06%,1.34,3,3B,,2022-06-18,135,115,662999,,
66,1361,68,2022-06-19,SDP,@,COL,"L, 3-8",GS-1,1,1,0,0,0,0,0,0,0,0,0,0,.328,.400,.545,.945,0,0,0,0,0,0,0.41,-0.011,0.49,-0.01%,-0.12,3,3B,,2022-06-19,135,115,662998,,
67,1362,78,2022-06-30,SDP,@,LAD,"L, 1-3",CG,4,4,1,1,1,0,0,0,0,0,0,3,.327,.398,.545,.943,2,0,0,0,0,0,1.24,-0.103,1.88,-0.09%,-0.64,2,DH,,2022-06-30,135,119,662733,,
68,1363,79,2022-07-01,SDP,@,LAD,"L, 1-5",8-GF,1,1,0,0,0,0,0,0,0,0,0,1,.326,.397,.543,.939,0,0,0,0,0,0,2.61,-0.059,3.98,-0.05%,-0.36,8,PH 3B,,2022-07-01,135,119,662609,,
69,1364,80,2022-07-02,SDP,@,LAD,"L, 2-7",CG,5,4,0,1,0,0,0,0,0,0,1,2,.324,.397,.538,.935,1,1,0,0,0,0,0.62,-0.067,0.95,-0.06%,-0.64,2,3B,,2022-07-02,135,119,662718,,
70,1365,81,2022-07-03,SDP,@,LAD,"W, 4-2",CG,4,4,0,0,0,0,0,0,0,0,0,2,.320,.391,.530,.921,0,0,0,0,0,0,1.86,-0.225,2.71,-0.20%,-1.47,2,3B,,2022-07-03,135,119,662684,,
71,1366,82,2022-07-04,SDP,,SEA,"L, 2-8",GS-6,2,1,0,0,0,0,0,0,0,0,1,0,.318,.392,.528,.920,0,0,0,0,0,0,0.55,0.006,0.65,0.00%,0.10,2,3B,,2022-07-04,135,136,662270,,
72,1367,83,2022-07-05,SDP,,SEA,"L, 2-6",CG,5,5,0,1,1,0,0,0,0,0,0,2,.316,.389,.526,.915,2,0,0,0,0,0,1.16,-0.052,1.37,-0.04%,-0.44,2,3B,,2022-07-05,135,136,662226,,
73,1368,84,2022-07-07,SDP,,SFG,"W, 2-1 (10)",CG(10),4,4,1,1,0,0,1,1,0,0,0,1,.315,.387,.533,.920,4,0,0,0,0,0,0.95,0.066,1.21,0.05%,0.59,3,3B,,2022-07-07,135,137,662253,,
74,1369,85,2022-07-08,SDP,,SFG,"W, 6-3",CG,5,3,1,1,0,0,1,3,0,0,2,0,.315,.390,.541,.932,4,0,0,0,0,0,0.58,0.137,0.69,0.10%,1.83,3,3B,,2022-07-08,135,137,662225,,
75,1370,86,2022-07-09,SDP,,SFG,"L, 1-3",CG,4,4,0,0,0,0,0,0,0,0,0,3,.311,.386,.534,.919,0,0,0,0,0,0,0.99,-0.095,1.12,-0.06%,-0.72,3,3B,,2022-07-09,135,137,662266,,
76,1371,87,2022-07-10,SDP,,SFG,"L, 0-12",GS-9,3,2,0,0,0,0,0,0,0,0,1,2,.309,.385,.530,.915,0,0,0,0,0,0,0.49,0.036,0.59,0.03%,-0.03,2,DH,,2022-07-10,135,137,662198,,
77,1372,88,2022-07-11,SDP,@,COL,"W, 6-5",CG,5,5,1,2,0,0,1,1,0,0,0,1,.310,.385,.538,.923,5,0,0,0,0,0,0.91,0.130,0.96,0.08%,0.73,2,3B,,2022-07-11,135,115,662996,,
78,1373,89,2022-07-12,SDP,@,COL,"L, 3-5",CG,5,5,0,0,0,0,0,0,0,0,0,1,.305,.380,.529,.908,0,0,0,0,0,0,1.03,-0.104,1.07,-0.07%,-1.18,3,3B,,2022-07-12,135,115,662984,,
79,1374,90,2022-07-13,SDP,@,COL,"L, 6-10",CG,5,4,2,1,0,0,0,0,0,0,1,0,.304,.380,.525,.905,1,1,0,0,0,0,1.05,-0.085,1.10,-0.05%,-0.85,3,DH,,2022-07-13,135,115,662895,,
80,1375,91,2022-07-14,SDP,@,COL,"L, 5-8",CG,4,4,0,2,0,0,0,0,0,0,0,0,.307,.381,.525,.906,2,0,0,0,0,0,0.81,-0.011,0.88,-0.01%,-0.08,3,3B,,2022-07-14,135,115,661100,,
81,1376,92,2022-07-15,SDP,,ARI,"W, 5-3",CG,4,4,1,1,0,0,0,0,0,0,0,0,.306,.380,.521,.901,1,0,0,0,0,0,0.65,-0.019,0.65,-0.01%,-0.34,3,3B,,2022-07-15,135,109,662197,,
82,1377,93,2022-07-16,SDP,,ARI,"W, 4-3",CG,4,3,1,1,0,0,0,0,0,0,1,0,.306,.381,.519,.900,1,0,0,0,0,0,1.19,0.050,1.15,0.03%,0.12,3,3B,,2022-07-16,135,109,662271,,
83,1378,94,2022-07-17,SDP,,ARI,"L, 1-3",CG,4,4,0,0,0,0,0,0,0,0,0,1,.303,.377,.513,.890,0,0,0,0,0,0,1.36,-0.136,1.29,-0.08%,-0.99,3,3B,,2022-07-17,135,109,662269,,
84,1379,95,2022-07-22,SDP,@,NYM,"W, 4-1",CG,5,4,0,0,0,0,0,0,0,0,1,1,.299,.374,.506,.881,0,0,0,0,0,0,0.80,-0.057,0.80,-0.03%,-0.40,3,3B,,2022-07-22,135,121,662481,,
85,1380,96,2022-07-23,SDP,@,NYM,"W, 2-1",CG,4,4,1,1,0,0,1,2,0,0,0,2,.298,.373,.512,.885,4,0,0,0,0,0,0.60,0.273,0.59,0.16%,1.59,3,3B,,2022-07-23,135,121,662495,,
86,1381,97,2022-07-24,SDP,@,NYM,"L, 5-8",CG,5,5,1,3,1,0,0,1,0,0,0,1,.303,.376,.517,.893,4,0,0,0,0,0,0.87,0.017,0.80,0.01%,1.35,3,3B,,2022-07-24,135,121,662458,,
87,1382,98,2022-07-25,SDP,@,DET,"L, 4-12",GS-7,4,4,0,0,0,0,0,0,0,0,0,2,.299,.372,.511,.883,0,0,0,0,0,0,0.54,-0.051,0.45,-0.03%,-1.09,3,3B,,2022-07-25,135,116,662809,,
88,1383,99,2022-07-26,SDP,@,DET,"W, 6-4 (10)",CG(10),5,5,2,2,0,0,0,0,0,0,0,0,.301,.372,.509,.881,2,1,0,0,0,0,1.43,0.126,1.26,0.07%,-0.03,3,3B,,2022-07-26,135,116,662813,,
89,1384,100,2022-07-27,SDP,@,DET,"L, 3-4",CG,4,2,1,0,0,0,0,0,0,0,2,0,.299,.374,.506,.880,0,1,0,0,0,0,1.06,0.015,0.89,0.01%,0.11,3,3B DH,,2022-07-27,135,116,662900,,
90,1385,101,2022-07-29,SDP,,MIN,"W, 10-1",GS-8,4,4,1,1,0,0,1,2,0,0,0,3,.298,.372,.512,.884,4,0,0,0,0,0,0.57,0.031,0.50,0.02%,0.51,2,3B,,2022-07-29,135,142,662268,,
91,1386,102,2022-07-30,SDP,,MIN,"L, 4-7",CG,5,5,1,1,0,0,1,1,0,0,0,3,.297,.370,.516,.886,4,0,0,0,0,0,1.51,-0.041,1.27,-0.02%,-0.06,2,3B,,2022-07-30,135,142,662196,,
92,1387,103,2022-07-31,SDP,,MIN,"W, 3-2",CG,4,4,0,0,0,0,0,0,0,0,0,0,.293,.366,.510,.876,0,0,0,0,0,0,1.35,-0.176,1.17,-0.09%,-1.47,2,3B,,2022-07-31,135,142,662267,,
93,1388,104,2022-08-01,SDP,,COL,"W, 4-1",CG,4,4,1,1,1,0,0,0,0,0,0,0,.293,.365,.510,.875,2,0,0,0,0,0,0.44,0.027,0.38,0.01%,-0.04,2,3B,,2022-08-01,135,115,662224,,
94,1389,105,2022-08-02,SDP,,COL,"W, 13-5",CG,6,4,1,0,0,0,0,1,0,0,1,3,.290,.362,.504,.866,0,0,0,0,1,1,0.75,-0.082,0.64,-0.04%,-1.22,2,3B,1.0,2022-08-02,135,115,662250,,
95,1390,106,2022-08-02,SDP,,COL,"W, 3-2",CG,4,2,1,0,0,0,0,0,0,0,2,0,.288,.364,.501,.865,0,0,0,0,0,0,1.59,0.058,1.23,0.03%,0.56,2,DH,2.0,2022-08-02,135,115,662220,,
96,1391,107,2022-08-03,SDP,,COL,"W, 9-1",GS-8,4,4,2,3,1,0,1,1,0,0,0,0,.293,.367,.515,.882,7,0,0,0,0,0,0.39,0.094,0.29,0.04%,1.44,3,3B,,2022-08-03,135,115,662244,,
97,1392,108,2022-08-04,SDP,,COL,"L, 3-7",CG,5,4,0,1,0,0,0,1,0,0,1,2,.293,.368,.512,.880,1,0,0,0,0,0,0.58,-0.002,0.39,0.00%,0.34,2,3B,,2022-08-04,135,115,662219,,
98,1393,109,2022-08-05,SDP,@,LAD,"L, 1-8",GS-8,3,3,0,1,1,0,0,0,0,0,0,2,.293,.368,.513,.881,2,0,0,0,0,0,0.49,-0.015,0.36,-0.01%,-0.24,3,DH,,2022-08-05,135,119,662564,,
99,1394,110,2022-08-06,SDP,@,LAD,"L, 3-8",CG,4,4,0,1,0,0,0,0,0,0,0,1,.293,.366,.511,.877,1,0,0,0,0,0,1.25,-0.077,1.00,-0.04%,-0.56,3,3B,,2022-08-06,135,119,662654,,
100,1395,111,2022-08-07,SDP,@,LAD,"L, 0-4",CG,4,4,0,0,0,0,0,0,0,0,0,1,.289,.363,.505,.868,0,0,0,0,0,0,0.92,-0.090,0.73,-0.04%,-0.94,3,3B,,2022-08-07,135,119,662563,,
101,1396,112,2022-08-08,SDP,,SFG,"L, 0-1",CG,4,4,0,1,0,0,0,0,0,0,0,0,.289,.362,.503,.865,1,0,0,0,0,0,1.31,-0.073,1.23,-0.04%,-0.27,3,3B,,2022-08-08,135,137,662218,,
102,1397,113,2022-08-09,SDP,,SFG,"W, 7-4",CG,5,5,2,2,0,0,1,3,0,0,0,0,.290,.362,.509,.871,5,1,0,0,0,0,1.72,0.306,1.69,0.18%,2.17,3,3B,,2022-08-09,135,137,662246,,
103,1398,114,2022-08-10,SDP,,SFG,"W, 13-7",CG,5,5,2,3,2,0,0,2,0,0,0,1,.294,.365,.515,.880,5,0,0,0,0,0,1.01,0.272,0.90,0.15%,2.34,3,3B,,2022-08-10,135,137,662217,,
104,1399,115,2022-08-12,SDP,@,WSN,"W, 10-5",GS-9,5,5,2,2,2,0,0,2,0,0,0,2,.296,.365,.519,.884,4,0,0,0,0,0,0.63,0.045,0.49,0.02%,0.69,3,3B,,2022-08-12,135,120,662551,,
105,1400,116,2022-08-13,SDP,@,WSN,"L, 3-4",CG,5,4,1,2,1,0,1,1,0,0,1,0,.298,.368,.529,.897,6,0,0,0,0,0,1.28,0.191,0.97,0.09%,1.47,3,3B,,2022-08-13,135,120,662473,,
106,1401,117,2022-08-14,SDP,@,WSN,"W, 6-0",CG,5,5,0,2,0,0,0,2,0,0,0,1,.299,.368,.527,.895,2,0,0,0,0,0,0.73,0.051,0.59,0.03%,1.91,3,3B,,2022-08-14,135,120,662472,,
107,1402,118,2022-08-15,SDP,@,MIA,"L, 0-3",CG,4,4,0,2,0,0,0,0,0,0,0,0,.301,.370,.527,.896,2,0,0,0,0,0,0.68,-0.003,0.53,0.00%,-0.01,3,3B,,2022-08-15,135,146,661358,,
108,1403,119,2022-08-16,SDP,@,MIA,"L, 3-4",CG,5,3,0,2,1,0,0,3,0,0,2,1,.304,.374,.530,.904,3,0,0,0,0,0,2.12,0.479,1.61,0.22%,2.75,3,3B,,2022-08-16,135,146,661357,,
109,1404,120,2022-08-17,SDP,@,MIA,"W, 10-3",CG,5,4,1,2,1,0,0,0,0,0,1,1,.305,.377,.532,.909,3,1,0,0,0,1,0.66,0.071,0.56,0.04%,0.38,3,DH,,2022-08-17,135,146,661356,,
110,1405,121,2022-08-18,SDP,,WSN,"L, 1-3",CG,4,4,1,1,0,0,1,1,0,0,0,0,.305,.376,.537,.912,4,0,0,0,0,0,1.20,0.050,0.93,0.02%,0.41,3,3B,,2022-08-18,135,120,662182,,
111,1406,122,2022-08-19,SDP,,WSN,"L, 3-6",CG,4,4,0,1,1,0,0,2,0,0,0,1,.304,.374,.536,.911,2,0,0,0,0,0,1.23,0.309,1.05,0.16%,1.97,3,3B,,2022-08-19,135,120,662181,,
112,1407,123,2022-08-20,SDP,,WSN,"W, 2-1",CG,4,3,0,0,0,0,0,0,0,0,1,1,.302,.373,.533,.906,0,0,0,0,0,0,1.55,-0.090,1.32,-0.05%,-0.66,3,3B,,2022-08-20,135,120,662180,,
113,1408,124,2022-08-21,SDP,,WSN,"W, 2-1",CG,4,4,0,1,0,0,0,0,0,0,0,1,.302,.372,.530,.902,1,0,0,0,0,0,0.77,-0.061,0.59,-0.03%,-0.53,3,3B,,2022-08-21,135,120,662179,,
114,1409,125,2022-08-23,SDP,,CLE,"L, 1-3",CG,4,3,0,0,0,0,0,0,0,0,1,0,.300,.371,.526,.898,0,0,0,0,0,0,1.93,-0.127,1.57,-0.06%,-0.53,3,3B,,2022-08-23,135,114,662213,,
115,1410,126,2022-08-24,SDP,,CLE,"L, 0-7",CG,4,4,0,0,0,0,0,0,0,0,0,1,.297,.368,.522,.890,0,0,0,0,0,0,0.20,-0.020,0.17,-0.01%,-0.68,3,3B,,2022-08-24,135,114,662212,,
116,1411,127,2022-08-26,SDP,@,KCR,"W, 13-5",GS-9,5,4,1,1,0,0,0,0,0,0,1,2,.297,.369,.519,.888,1,0,0,0,0,0,0.58,-0.061,0.49,-0.03%,-1.45,3,3B,,2022-08-26,135,118,662667,,
117,1412,128,2022-08-27,SDP,@,KCR,"W, 4-3",CG,4,4,0,2,0,0,0,1,0,0,0,0,.298,.370,.519,.889,2,1,0,0,0,0,1.32,0.026,1.01,0.01%,0.18,3,3B,,2022-08-27,135,118,662666,,
118,1413,129,2022-08-28,SDP,@,KCR,"L, 7-15",CG,5,5,3,4,1,0,2,4,0,0,0,0,.304,.374,.537,.911,11,0,0,0,0,0,0.61,0.320,0.45,0.14%,4.82,3,3B,,2022-08-28,135,118,662638,,
119,1414,130,2022-08-29,SDP,@,SFG,"W, 6-5",CG,5,5,1,1,0,0,0,0,0,0,0,1,.303,.372,.534,.906,1,0,0,0,0,0,0.50,-0.032,0.45,-0.02%,-0.39,3,3B,,2022-08-29,135,137,662001,,
120,1415,131,2022-08-30,SDP,@,SFG,"W, 4-3",CG,5,5,1,2,1,0,0,1,0,0,0,0,.304,.373,.534,.907,3,0,0,0,0,0,0.74,0.024,0.60,0.01%,0.26,3,3B,,2022-08-30,135,137,662000,,
121,1416,132,2022-08-31,SDP,@,SFG,"W, 5-4",CG,4,4,0,2,1,0,0,3,0,0,0,1,.306,.374,.536,.910,3,0,0,0,0,0,1.23,0.225,0.86,0.10%,2.58,3,3B,,2022-08-31,135,137,662033,,
122,1417,133,2022-09-02,SDP,@,LAD,"W, 7-1",GS-9,4,3,1,1,0,0,1,2,0,0,1,2,.306,.375,.541,.916,4,0,0,0,0,0,0.71,0.221,0.44,0.08%,1.65,3,3B,,2022-09-02,135,119,662603,,
123,1418,134,2022-09-03,SDP,@,LAD,"L, 1-12",GS-7,3,3,1,1,0,0,1,1,0,0,0,1,.306,.374,.546,.921,4,0,0,0,0,0,1.03,-0.077,0.51,-0.02%,0.20,3,3B,,2022-09-03,135,119,662597,,
124,1419,135,2022-09-04,SDP,@,LAD,"L, 4-9",CG,5,5,0,1,0,0,0,0,0,0,0,2,.305,.373,.543,.915,1,0,0,0,0,0,0.81,0.067,0.48,0.02%,0.14,3,3B,,2022-09-04,135,119,662599,,
125,1420,136,2022-09-05,SDP,,ARI,"L, 0-5",CG,4,4,0,0,0,0,0,0,0,0,0,2,.302,.370,.538,.908,0,0,0,0,0,0,0.91,-0.089,0.56,-0.03%,-0.82,3,3B,,2022-09-05,135,109,662211,,
126,1421,137,2022-09-06,SDP,,ARI,"W, 6-5",CG,4,4,0,0,0,0,0,0,0,0,0,1,.300,.367,.534,.901,0,0,0,0,0,0,1.65,-0.175,1.32,-0.08%,-0.76,3,3B,,2022-09-06,135,109,662205,,
127,1422,138,2022-09-07,SDP,,ARI,"W, 6-3",CG,4,4,0,0,0,0,0,0,0,0,0,1,.297,.364,.530,.894,0,0,0,0,0,0,0.79,-0.074,0.53,-0.03%,-0.94,3,3B,,2022-09-07,135,109,662216,,
128,1423,139,2022-09-09,SDP,,LAD,"W, 5-4 (10)",CG(10),5,3,0,3,0,0,0,0,0,0,2,0,.302,.370,.532,.903,3,0,0,0,0,1,1.33,0.310,0.82,0.12%,2.40,3,3B,,2022-09-09,135,119,661850,,
129,1424,140,2022-09-10,SDP,,LAD,"L, 4-8",CG,4,4,2,2,0,0,2,2,0,0,0,0,.303,.371,.544,.915,8,0,0,0,0,0,0.54,0.155,0.25,0.04%,1.51,3,3B,,2022-09-10,135,119,661849,,
130,1425,141,2022-09-11,SDP,,LAD,"L, 2-11",GS-8,3,3,0,0,0,0,0,0,0,0,0,2,.301,.369,.541,.910,0,0,0,0,0,0,1.15,-0.085,0.74,-0.03%,-0.79,3,3B,,2022-09-11,135,119,661848,,
131,1426,142,2022-09-13,SDP,@,SEA,"W, 2-0",CG,5,3,0,1,0,0,0,0,0,0,2,1,.302,.371,.540,.911,1,0,0,0,0,1,0.68,-0.012,0.59,-0.01%,0.00,3,3B,,2022-09-13,135,136,662119,,
132,1427,143,2022-09-14,SDP,@,SEA,"L, 1-6",CG,4,4,0,0,0,0,0,0,0,0,0,3,.299,.369,.535,.904,0,0,0,0,0,0,0.79,-0.074,0.67,-0.04%,-1.04,3,3B,,2022-09-14,135,136,662118,,
133,1428,144,2022-09-15,SDP,@,ARI,"L, 0-4",CG,4,4,0,0,0,0,0,0,0,0,0,0,.297,.366,.531,.897,0,0,0,0,0,0,0.53,-0.054,0.48,-0.03%,-0.59,3,3B,,2022-09-15,135,109,663284,,
134,1429,145,2022-09-16,SDP,@,ARI,"W, 12-3",GS-8,4,4,1,1,0,0,0,0,0,0,0,0,.297,.365,.529,.894,1,0,0,0,0,0,0.33,-0.007,0.31,0.00%,-0.54,3,3B,,2022-09-16,135,109,663283,,
135,1430,146,2022-09-17,SDP,@,ARI,"W, 2-0",CG,4,4,0,1,0,0,0,0,0,0,0,0,.296,.364,.527,.891,1,0,0,0,0,0,0.64,0.001,0.63,0.00%,-0.03,3,3B,,2022-09-17,135,109,663289,,
136,1431,147,2022-09-18,SDP,@,ARI,"W, 6-1",CG,5,4,2,1,0,0,1,2,0,0,1,0,.296,.365,.531,.895,4,0,0,0,0,0,0.53,0.177,0.50,0.10%,1.17,3,DH,,2022-09-18,135,109,663287,,
137,1432,148,2022-09-20,SDP,,STL,"W, 5-0",CG,4,4,1,2,0,0,0,1,0,0,0,1,.297,.366,.530,.896,2,0,0,0,0,0,0.74,-0.006,0.36,0.00%,0.34,3,3B,,2022-09-20,135,138,662204,,
138,1433,149,2022-09-21,SDP,,STL,"W, 1-0",CG,4,3,0,0,0,0,0,0,0,0,1,3,.296,.365,.527,.892,0,0,0,0,0,0,0.71,-0.031,0.18,-0.01%,-0.47,3,3B,,2022-09-21,135,138,662203,,
139,1434,150,2022-09-22,SDP,,STL,"L, 4-5",CG,4,2,1,1,0,0,1,1,1,0,2,0,.296,.367,.533,.900,4,0,0,0,0,0,1.04,0.174,0.27,0.03%,1.79,3,3B,,2022-09-22,135,138,662202,,
140,1435,151,2022-09-23,SDP,@,COL,"L, 3-4 (10)",CG(10),4,4,0,1,0,0,0,1,0,0,0,1,.296,.367,.531,.897,1,0,0,0,0,0,1.14,-0.002,0.53,0.00%,0.27,3,3B,,2022-09-23,135,115,662897,,
141,1436,152,2022-09-24,SDP,@,COL,"W, 9-3",CG,5,4,2,2,1,0,0,2,0,0,1,0,.298,.369,.532,.901,3,0,0,0,0,0,1.26,0.208,0.99,0.10%,1.69,3,3B,,2022-09-24,135,115,662866,,
142,1437,153,2022-09-25,SDP,@,COL,"W, 13-6",CG,6,5,2,2,0,0,1,3,0,0,1,1,.299,.370,.537,.907,5,0,0,0,0,0,0.68,0.046,0.50,0.02%,1.54,3,3B,,2022-09-25,135,115,662865,,
143,1438,154,2022-09-27,SDP,,LAD,"W, 4-3 (10)",CG(10),5,5,1,0,0,0,0,0,0,0,0,3,.296,.367,.532,.899,0,0,0,0,0,0,2.47,-0.382,0.84,-0.08%,-1.93,3,3B,,2022-09-27,135,119,662210,,
144,1439,155,2022-09-28,SDP,,LAD,"L, 0-1 (10)",CG(10),4,3,0,2,0,0,0,0,1,0,1,1,.298,.369,.532,.902,2,0,0,0,0,0,1.07,0.089,0.13,0.01%,0.81,3,3B,,2022-09-28,135,119,662214,,
145,1440,156,2022-09-29,SDP,,LAD,"L, 2-5",CG,5,5,0,1,1,0,0,0,0,0,0,2,.297,.368,.531,.899,2,0,0,0,0,0,1.63,-0.178,0.31,-0.02%,-1.73,3,3B,,2022-09-29,135,119,662209,,
146,1441,157,2022-09-30,SDP,,CHW,"L, 1-3",CG,4,4,0,0,0,0,0,0,0,0,0,2,.295,.366,.528,.893,0,0,0,0,0,0,1.15,-0.114,0.20,-0.01%,-0.75,3,3B,,2022-09-30,135,145,662208,,
147,1442,158,2022-10-01,SDP,,CHW,"W, 5-2",CG,4,4,2,2,0,0,1,1,0,0,0,2,.296,.367,.533,.899,5,0,0,0,0,0,0.64,0.054,0.30,0.02%,1.13,3,3B,,2022-10-01,135,145,662207,,
148,1443,159,2022-10-02,SDP,,CHW,"L, 1-2",CG,4,4,0,0,0,0,0,0,0,0,0,1,.294,.364,.529,.893,0,1,0,0,0,0,2.38,-0.356,0.25,-0.02%,-1.73,3,3B,,2022-10-02,135,145,662190,,
149,1444,161,2022-10-04,SDP,,SFG,"W, 6-2",GS-6,3,3,0,2,0,0,0,1,0,0,0,0,.296,.366,.530,.895,2,0,0,0,0,0,1.19,0.087,0.09,0.00%,0.71,3,3B,,2022-10-04,135,137,662252,,
150,1445,162,2022-10-05,SDP,,SFG,"L, 1-8",CG,4,4,1,2,1,0,0,0,0,0,0,0,.298,.366,.531,.898,3,0,0,0,0,0,0.34,0.048,0.01,0.00%,0.34,3,DH,,2022-10-05,135,137,662238,,
1,1446,1,2023-03-30,SDP,,COL,"L, 2-7",CG,4,3,0,1,0,0,0,1,0,0,0,2,.333,.250,.333,.583,1,0,0,0,1,0,0.88,0.036,0.84,0.02%,0.15,3,3B,,2023-03-30,135,115,718778,5.00,6.50
2,1447,2,2023-03-31,SDP,,COL,"L, 1-4",CG,4,4,0,1,0,0,0,0,0,0,0,0,.286,.250,.286,.536,1,1,0,0,0,0,0.94,-0.049,0.92,-0.03%,-0.58,3,3B,,2023-03-31,135,115,718766,3.00,3.00
3,1448,3,2023-04-01,SDP,,COL,"W, 8-4",CG,5,4,0,2,0,0,0,1,0,0,1,1,.364,.385,.364,.748,2,0,0,0,0,0,0.68,0.038,0.64,0.02%,-0.16,2,3B,,2023-04-01,135,115,718750,10.00,12.50
4,1449,4,2023-04-02,SDP,,COL,"W, 3-1",CG,4,4,0,0,0,0,0,0,0,0,0,1,.267,.294,.267,.561,0,0,0,0,0,0,0.32,-0.031,0.31,-0.02%,-0.53,2,3B,,2023-04-02,135,115,718733,0.00,0.00
5,1450,5,2023-04-03,SDP,,ARI,"W, 5-4",CG,4,4,0,1,0,0,0,1,0,0,0,0,.263,.286,.263,.549,1,0,0,0,0,0,1.53,0.012,1.52,0.01%,0.19,3,3B,,2023-04-03,135,109,718722,5.00,6.50
6,1451,6,2023-04-04,SDP,,ARI,"L, 6-8",GS-4,1,1,0,0,0,0,0,0,0,0,0,1,.250,.273,.250,.523,0,0,0,0,0,0,0.40,-0.010,0.41,-0.01%,-0.10,3,DH,,2023-04-04,135,109,718717,0.00,0.00
7,1452,7,2023-04-06,SDP,@,ATL,"L, 6-7",CG,5,5,0,2,1,0,0,0,0,0,0,2,.280,.296,.320,.616,3,0,0,0,0,0,1.62,0.052,1.52,0.03%,0.30,3,3B,,2023-04-06,135,144,718681,8.00,9.00
8,1453,8,2023-04-07,SDP,@,ATL,"W, 5-4",CG,5,4,2,2,1,0,0,0,1,0,1,1,.310,.344,.379,.723,3,0,0,0,0,0,1.07,0.069,0.96,0.04%,0.65,3,3B,,2023-04-07,135,144,718676,19.00,24.40
9,1454,9,2023-04-08,SDP,@,ATL,"W, 4-1",CG,5,5,0,0,0,0,0,0,0,0,0,2,.265,.297,.324,.621,0,0,0,0,0,0,0.79,-0.109,0.75,-0.06%,-1.85,2,3B,,2023-04-08,135,144,718659,0.00,0.00
10,1455,10,2023-04-09,SDP,@,ATL,"W, 10-2",CG,5,5,2,3,0,0,0,0,0,0,0,1,.308,.333,.359,.692,3,0,0,0,0,0,0.41,0.066,0.42,0.04%,0.88,2,3B,,2023-04-09,135,144,718648,13.00,15.40
11,1456,11,2023-04-10,SDP,@,NYM,"L, 0-5",CG,4,4,0,0,0,0,0,0,0,0,0,1,.279,.304,.326,.630,0,0,0,0,0,0,0.99,-0.100,1.03,-0.06%,-1.07,2,3B,,2023-04-10,135,121,718634,0.00,0.00
12,1457,12,2023-04-11,SDP,@,NYM,"W, 4-2",CG,5,5,0,1,1,0,0,2,0,0,0,0,.271,.294,.333,.627,2,0,0,0,0,0,0.99,0.188,1.01,0.11%,1.10,2,3B,,2023-04-11,135,121,718621,9.00,13.00
13,1458,13,2023-04-12,SDP,@,NYM,"L, 2-5",CG,5,4,1,0,0,0,0,0,0,0,1,1,.250,.286,.308,.593,0,1,0,0,0,0,1.26,-0.120,1.27,-0.07%,-1.03,2,3B,,2023-04-12,135,121,718610,4.00,6.20
14,1459,14,2023-04-13,SDP,,MIL,"L, 3-4 (10)",CG(10),4,4,1,1,0,0,1,1,0,0,0,2,.250,.283,.357,.640,4,1,0,0,0,0,0.92,-0.006,0.94,0.00%,0.27,2,3B,,2023-04-13,135,158,718589,14.00,18.70
15,1460,15,2023-04-14,SDP,,MIL,"L, 2-11",GS-8,3,2,0,1,0,0,0,0,0,0,1,0,.259,.302,.362,.664,1,0,0,0,0,0,0.37,0.015,0.35,0.01%,0.61,2,3B,,2023-04-14,135,158,718574,5.00,6.00
16,1461,16,2023-04-15,SDP,,MIL,"W, 10-3",CG,5,5,0,1,0,0,0,1,0,0,0,1,.254,.294,.349,.643,1,1,0,0,0,0,0.79,-0.012,0.74,-0.01%,-0.98,2,3B,,2023-04-15,135,158,718560,5.00,6.50
17,1462,17,2023-04-16,SDP,,MIL,"L, 0-1",CG,4,4,0,1,0,0,0,0,0,0,0,2,.254,.292,.343,.635,1,0,0,0,0,0,1.25,-0.003,1.22,0.00%,0.47,2,3B,,2023-04-16,135,158,718549,3.00,3.00
18,1463,18,2023-04-17,SDP,,ATL,"L, 0-2",CG,4,4,0,0,0,0,0,0,0,0,0,0,.239,.276,.324,.600,0,1,0,0,0,0,1.75,-0.248,1.62,-0.14%,-1.52,3,3B,,2023-04-17,135,144,718533,0.00,0.00
19,1464,19,2023-04-18,SDP,,ATL,"L, 1-8",CG,4,4,0,1,0,0,0,0,0,0,0,1,.240,.275,.320,.595,1,0,0,0,0,0,0.72,-0.044,0.63,-0.02%,0.01,2,3B,,2023-04-18,135,144,718519,3.00,3.00
20,1465,20,2023-04-19,SDP,,ATL,"W, 1-0",CG,4,4,0,1,0,0,0,0,0,0,0,0,.241,.274,.316,.590,1,0,0,0,0,0,0.77,-0.038,0.62,-0.02%,-0.42,2,3B,,2023-04-19,135,144,718507,3.00,3.00
21,1466,21,2023-04-20,SDP,@,ARI,"W, 7-5",CG,4,4,0,0,0,0,0,0,0,0,0,2,.229,.261,.301,.563,0,0,0,0,0,0,0.61,-0.062,0.58,-0.04%,-0.64,3,3B,,2023-04-20,135,109,718494,0.00,0.00
22,1467,22,2023-04-21,SDP,@,ARI,"L, 0-9",CG,3,3,0,0,0,0,0,0,0,0,0,1,.221,.253,.291,.543,0,0,0,0,0,0,0.85,-0.065,0.86,-0.04%,-0.53,3,3B,,2023-04-21,135,109,718484,0.00,0.00
23,1468,24,2023-04-23,SDP,@,ARI,"W, 7-5",CG,5,5,1,1,0,0,0,0,0,0,0,0,.220,.250,.286,.536,1,1,0,0,0,0,0.55,-0.111,0.56,-0.07%,-2.02,3,3B,,2023-04-23,135,109,718456,5.00,6.20
24,1469,25,2023-04-25,SDP,@,CHC,"L, 0-6",CG,4,3,0,0,0,0,0,0,0,0,1,1,.213,.250,.277,.527,0,0,0,0,0,0,0.90,-0.057,0.89,-0.03%,-0.62,3,3B,,2023-04-25,135,112,718426,2.00,3.00
25,1470,26,2023-04-26,SDP,@,CHC,"W, 5-3",CG,4,4,0,1,1,0,0,0,0,0,0,1,.214,.250,.286,.536,2,0,0,0,0,0,1.02,0.022,0.97,0.01%,0.00,3,3B,,2023-04-26,135,112,718407,5.00,6.00
26,1471,27,2023-04-27,SDP,@,CHC,"L, 2-5",CG,4,4,1,2,0,0,1,1,0,0,0,0,.225,.259,.324,.583,5,0,0,0,0,0,1.05,0.049,1.05,0.03%,0.49,5,3B,,2023-04-27,135,112,718406,17.00,21.70
27,1472,28,2023-04-29,SDP,,SFG,"W, 16-11",CG,6,4,4,3,1,0,2,3,1,0,2,0,.245,.289,.406,.695,10,0,0,0,0,0,0.86,0.455,0.83,0.26%,3.35,2,3B,,2023-04-29,135,137,718384,48.00,65.30
28,1473,29,2023-04-30,SDP,,SFG,"W, 6-4",CG,4,4,0,0,0,0,0,0,0,0,0,4,.236,.280,.391,.671,0,0,0,0,0,0,1.75,-0.202,1.77,-0.12%,-1.41,2,3B,,2023-04-30,135,137,718368,0.00,0.00
29,1474,30,2023-05-01,SDP,,CIN,"W, 8-3",CG,5,4,1,1,0,0,0,2,0,0,1,2,.237,.285,.386,.671,1,1,0,0,0,0,0.93,-0.101,0.98,-0.06%,0.55,2,3B,,2023-05-01,135,113,718345,11.00,16.20
30,1475,31,2023-05-02,SDP,,CIN,"L, 1-2 (10)",CG(10),5,5,1,1,0,0,0,0,0,0,0,0,.235,.281,.378,.659,1,0,0,0,0,0,2.09,-0.222,2.24,-0.14%,-0.85,2,3B,,2023-05-02,135,113,718335,5.00,6.20
31,1476,33,2023-05-05,SDP,,LAD,"W, 5-2",CG,5,3,1,2,0,0,0,0,0,0,2,0,.246,.301,.385,.686,2,0,0,0,0,0,0.54,0.092,0.63,0.06%,1.31,2,3B,,2023-05-05,135,119,718295,12.00,15.20
32,1477,34,2023-05-06,SDP,,LAD,"L, 1-2",CG,4,4,0,0,0,0,0,0,0,0,0,1,.238,.292,.373,.665,0,0,0,0,0,0,1.78,-0.123,2.24,-0.09%,-0.93,2,3B,,2023-05-06,135,119,718279,0.00,0.00
33,1478,35,2023-05-07,SDP,,LAD,"L, 2-5 (10)",CG(10),5,5,1,3,1,0,0,1,0,0,0,1,.252,.303,.389,.692,4,0,0,0,0,0,0.73,0.075,0.85,0.05%,0.70,2,3B,,2023-05-07,135,119,718266,15.00,18.70
34,1479,36,2023-05-09,SDP,@,MIN,"W, 6-1",CG,5,5,1,2,0,0,1,3,0,0,0,2,.257,.306,.412,.718,5,0,0,0,0,0,0.73,0.053,0.73,0.03%,2.34,3,3B,,2023-05-09,135,142,718242,21.00,28.70
35,1480,37,2023-05-10,SDP,@,MIN,"L, 3-4 (11)",CG(11),5,4,0,0,0,0,0,1,0,0,0,0,.250,.296,.400,.696,0,0,0,0,1,0,2.64,-0.180,2.76,-0.11%,-1.55,3,3B,,2023-05-10,135,142,718224,2.00,3.50
36,1481,38,2023-05-11,SDP,@,MIN,"L, 3-5",CG,4,4,1,1,1,0,0,0,0,0,0,0,.250,.295,.403,.698,2,0,0,0,0,0,1.24,-0.026,1.27,-0.02%,-0.17,3,DH,,2023-05-11,135,142,718216,7.00,9.20
37,1482,39,2023-05-12,SDP,@,LAD,"L, 2-4",CG,4,4,0,0,0,0,0,0,0,0,0,1,.243,.288,.392,.679,0,2,0,0,0,0,1.63,-0.289,1.82,-0.19%,-2.15,3,3B,,2023-05-12,135,119,718201,0.00,0.00
38,1483,40,2023-05-13,SDP,@,LAD,"L, 2-4",CG,4,4,0,0,0,0,0,0,0,0,0,0,.237,.280,.382,.662,0,0,0,0,0,0,1.11,-0.037,1.15,-0.02%,-0.32,2,3B,,2023-05-13,135,119,718185,0.00,0.00
39,1484,41,2023-05-14,SDP,@,LAD,"L, 0-4",CG,4,3,0,0,0,0,0,0,0,0,1,0,.232,.280,.374,.654,0,0,0,0,0,0,1.15,-0.066,1.14,-0.04%,-1.02,2,3B,,2023-05-14,135,119,718168,2.00,3.00
40,1485,42,2023-05-15,SDP,,KCR,"W, 4-0",GS-4,2,1,0,0,0,0,0,1,0,0,0,0,.231,.282,.372,.654,0,0,1,0,0,0,1.43,0.040,1.11,0.02%,0.80,3,3B,,2023-05-15,135,118,718162,4.00,6.50
41,1486,57,2023-06-02,SDP,,CHC,"L, 1-2",CG,4,4,0,0,0,0,0,0,0,0,0,2,.225,.276,.363,.638,0,0,0,0,0,0,1.90,-0.196,1.39,-0.09%,-1.06,4,3B,,2023-06-02,135,112,717921,0.00,0.00
42,1487,58,2023-06-03,SDP,,CHC,"W, 6-0",CG,4,4,0,1,0,0,0,0,0,0,0,1,.226,.275,.360,.635,1,0,0,0,0,0,0.56,-0.040,0.36,-0.02%,-0.71,4,3B,,2023-06-03,135,112,717903,3.00,3.00
43,1488,59,2023-06-04,SDP,,CHC,"L, 1-7",CG,4,3,0,0,0,0,0,0,0,0,1,1,.222,.275,.353,.628,0,0,0,0,0,0,0.46,-0.037,0.34,-0.02%,-0.36,4,3B,,2023-06-04,135,112,717889,2.00,3.00
44,1489,60,2023-06-05,SDP,,CHC,"W, 5-0",CG,4,4,3,3,1,0,0,0,0,0,0,0,.234,.285,.368,.653,4,0,0,0,0,0,0.30,0.049,0.20,0.02%,1.12,4,3B,,2023-06-05,135,112,717880,17.00,21.60
45,1490,61,2023-06-06,SDP,,SEA,"L, 1-4",CG,4,3,0,0,0,0,0,0,0,0,1,3,.230,.284,.362,.646,0,0,0,0,0,0,1.49,-0.076,1.04,-0.03%,-0.72,4,3B,,2023-06-06,135,136,717864,2.00,3.00
46,1491,62,2023-06-07,SDP,,SEA,"W, 10-3",CG,5,5,1,2,0,0,0,0,0,0,0,0,.235,.287,.363,.650,2,1,0,0,0,0,0.41,-0.030,0.27,-0.01%,-0.93,3,3B,,2023-06-07,135,136,717863,8.00,9.20
47,1492,63,2023-06-09,SDP,@,COL,"W, 9-6",CG,5,5,1,2,0,0,1,2,0,0,0,0,.239,.290,.380,.670,5,0,0,0,0,0,0.48,0.112,0.34,0.05%,0.76,3,3B,,2023-06-09,135,115,717830,19.00,25.20
48,1493,64,2023-06-10,SDP,@,COL,"W, 3-2",CG,5,5,1,3,1,0,0,0,0,1,0,1,.249,.298,.392,.689,4,0,0,0,0,0,0.89,0.025,0.69,0.01%,0.25,3,3B,,2023-06-10,135,115,717819,13.00,15.20
49,1494,65,2023-06-11,SDP,@,COL,"L, 4-5",CG,4,4,0,0,0,0,0,0,0,0,0,1,.244,.292,.383,.675,0,0,0,0,0,0,0.82,-0.090,0.63,-0.04%,-1.14,3,3B,,2023-06-11,135,115,717798,0.00,0.00
50,1495,66,2023-06-13,SDP,,CLE,"W, 6-3",CG,4,4,1,2,0,0,0,0,0,0,0,0,.249,.296,.386,.682,2,0,0,0,0,0,0.64,0.005,0.48,0.00%,0.36,3,3B,,2023-06-13,135,114,717772,8.00,9.20
51,1496,67,2023-06-14,SDP,,CLE,"W, 5-0",CG,4,4,1,1,0,0,1,1,0,0,0,1,.249,.295,.398,.693,4,0,0,0,0,0,0.59,0.057,0.46,0.03%,0.30,3,3B,,2023-06-14,135,114,717758,14.00,18.70
52,1497,68,2023-06-15,SDP,,CLE,"L, 6-8",CG,5,5,1,2,0,0,1,3,0,0,0,2,.252,.297,.413,.710,5,0,0,0,0,0,2.20,0.026,1.76,0.01%,1.14,3,3B,,2023-06-15,135,114,717750,21.00,28.70
53,1498,69,2023-06-16,SDP,,TBR,"L, 2-6",CG,4,4,0,0,0,0,0,0,0,0,0,0,.248,.292,.405,.697,0,2,0,0,0,0,0.93,-0.136,0.72,-0.06%,-2.05,3,3B,,2023-06-16,135,139,717732,0.00,0.00
54,1499,70,2023-06-17,SDP,,TBR,"W, 2-0",CG,4,4,0,1,0,0,0,1,1,0,0,0,.248,.291,.402,.693,1,0,0,0,0,0,0.80,0.083,0.53,0.03%,0.53,3,3B,,2023-06-17,135,139,717717,10.00,12.50
55,1500,71,2023-06-18,SDP,,TBR,"W, 5-4",CG,4,3,0,1,0,0,0,2,0,0,0,2,.249,.291,.401,.692,1,0,0,0,1,0,1.05,0.038,0.74,0.02%,0.35,3,3B,,2023-06-18,135,139,717703,7.00,10.00
56,1501,72,2023-06-19,SDP,@,SFG,"L, 4-7 (10)",CG(10),5,5,0,1,0,0,0,0,0,0,0,1,.248,.289,.396,.685,1,0,0,0,0,0,1.37,-0.090,1.20,-0.05%,-0.43,3,3B,,2023-06-19,135,137,717697,3.00,3.00
57,1502,73,2023-06-20,SDP,@,SFG,"L, 3-4",CG,5,5,0,1,0,0,0,1,0,0,0,0,.247,.287,.392,.679,1,0,0,0,0,0,1.27,0.060,0.99,0.03%,0.27,3,3B,,2023-06-20,135,137,717688,5.00,6.50
58,1503,74,2023-06-21,SDP,@,SFG,"L, 2-4",CG,4,2,0,2,1,0,0,0,0,0,2,0,.253,.298,.402,.700,3,0,0,0,0,0,1.03,0.221,0.70,0.09%,2.07,3,3B,,2023-06-21,135,137,717674,12.00,15.00
59,1504,75,2023-06-22,SDP,@,SFG,"W, 10-0",GS-9,4,4,2,2,1,0,1,3,0,0,0,0,.258,.302,.421,.722,6,0,0,0,0,0,0.76,0.054,0.47,0.02%,1.85,4,3B,,2023-06-22,135,137,717661,25.00,34.90
60,1505,76,2023-06-23,SDP,,WSN,"W, 13-3",GS-8,4,4,1,0,0,0,0,1,0,0,0,0,.253,.297,.414,.710,0,1,0,0,0,0,0.84,-0.085,0.51,-0.03%,-1.61,4,3B,,2023-06-23,135,120,717642,4.00,6.70
61,1506,77,2023-06-24,SDP,,WSN,"L, 0-2",CG,4,4,0,1,0,0,0,0,0,0,0,0,.253,.296,.411,.707,1,0,0,0,0,0,1.17,-0.081,0.75,-0.03%,-0.56,4,3B,,2023-06-24,135,120,717638,3.00,3.00
62,1507,78,2023-06-25,SDP,,WSN,"L, 3-8",CG,5,4,0,1,0,0,0,0,0,0,1,1,.253,.298,.408,.706,1,0,0,0,0,0,0.63,0.045,0.36,0.02%,-0.33,4,3B,,2023-06-25,135,120,717610,5.00,6.00
63,1508,79,2023-06-27,SDP,@,PIT,"L, 4-9",CG,4,4,1,1,1,0,0,0,0,0,0,1,.253,.297,.410,.707,2,0,0,0,0,0,0.94,-0.007,0.48,0.00%,-0.23,4,3B,,2023-06-27,135,134,717603,7.00,9.20
64,1509,80,2023-06-28,SDP,@,PIT,"L, 1-7",CG,4,4,0,1,0,0,0,0,0,0,0,1,.253,.297,.407,.704,1,0,0,0,0,0,0.74,-0.034,0.32,-0.01%,-0.31,4,3B,,2023-06-28,135,134,717585,3.00,3.00
65,1510,81,2023-06-29,SDP,@,PIT,"L, 4-5",CG,5,5,0,0,0,0,0,0,0,0,0,0,.248,.291,.399,.691,0,0,0,0,0,0,1.09,-0.145,0.43,-0.04%,-1.27,3,3B,,2023-06-29,135,134,717571,0.00,0.00
66,1511,82,2023-06-30,SDP,@,CIN,"L, 5-7 (11)",CG(11),5,5,0,0,0,0,0,0,0,0,0,1,.243,.286,.392,.678,0,0,0,0,0,0,1.15,-0.147,0.39,-0.03%,-1.19,3,3B,,2023-06-30,135,113,717557,0.00,0.00
67,1512,83,2023-07-01,SDP,@,CIN,"W, 12-5",CG,5,5,2,2,0,0,2,3,0,0,0,1,.246,.288,.414,.702,8,0,0,0,0,0,0.43,0.024,0.11,0.00%,2.19,4,3B,,2023-07-01,135,113,717539,30.00,40.90
68,1513,84,2023-07-02,SDP,@,CIN,"L, 3-4",CG,4,4,0,0,0,0,0,0,0,0,0,2,.243,.284,.408,.692,0,0,0,0,0,0,1.62,-0.165,0.53,-0.03%,-1.39,4,3B,,2023-07-02,135,113,717526,0.00,0.00
69,1514,85,2023-07-03,SDP,,LAA,"W, 10-3",CG,5,5,1,2,0,0,0,1,0,0,0,0,.245,.286,.408,.694,2,0,0,0,0,0,0.41,0.029,0.12,0.01%,-0.46,4,3B,,2023-07-03,135,108,717505,10.00,12.70
70,1515,86,2023-07-04,SDP,,LAA,"W, 8-5",CG,4,3,2,3,0,0,0,1,0,0,1,0,.254,.296,.414,.710,3,0,0,0,0,0,0.63,0.094,0.19,0.02%,1.89,4,DH,,2023-07-04,135,108,717497,17.00,21.90
71,1516,87,2023-07-05,SDP,,LAA,"W, 5-3",CG,5,3,1,2,0,0,1,3,0,0,2,0,.258,.304,.428,.731,5,0,0,0,0,0,1.92,0.390,0.72,0.09%,3.06,4,3B,,2023-07-05,135,108,717478,25.00,34.70
72,1517,88,2023-07-07,SDP,,NYM,"L, 5-7 (10)",CG(10),5,5,2,2,1,0,1,3,0,0,0,0,.260,.305,.441,.746,6,0,0,0,0,0,1.28,0.015,0.50,0.00%,1.70,4,3B,,2023-07-07,135,121,717454,25.00,34.90
73,1518,89,2023-07-08,SDP,,NYM,"W, 3-1",CG,4,3,0,0,0,0,0,0,0,0,1,1,.258,.305,.436,.741,0,0,0,0,0,0,0.34,-0.012,0.12,0.00%,-0.50,3,3B,,2023-07-08,135,121,717436,2.00,3.00
74,1519,90,2023-07-09,SDP,,NYM,"W, 6-2",CG,4,4,2,2,0,0,2,5,0,0,0,0,.261,.307,.458,.765,8,0,0,0,0,0,0.55,0.229,0.20,0.05%,3.26,4,3B,,2023-07-09,135,121,717423,34.00,47.90
75,1520,91,2023-07-14,SDP,@,PHI,"W, 8-3",CG,5,4,1,1,0,0,1,1,0,0,1,0,.261,.309,.465,.774,4,0,0,0,0,0,0.43,0.048,0.20,0.01%,-0.14,4,3B,,2023-07-14,135,143,717418,16.00,21.70
76,1521,92,2023-07-15,SDP,@,PHI,"L, 4-6",CG,5,5,1,1,0,0,1,1,0,0,0,1,.260,.307,.470,.777,4,0,0,0,0,0,1.25,0.128,0.68,0.04%,-0.04,4,DH,1.0,2023-07-15,135,143,717408,14.00,18.70
77,1522,93,2023-07-15,SDP,@,PHI,"L, 4-9",CG,4,2,0,0,0,0,0,0,0,0,2,0,.258,.309,.467,.777,0,0,0,0,0,0,0.56,-0.031,0.25,-0.01%,-0.17,4,3B,2.0,2023-07-15,135,143,717397,4.00,6.00
78,1523,94,2023-07-16,SDP,@,PHI,"L, 6-7 (12)",CG(12),5,3,1,0,0,0,0,0,0,0,2,0,.256,.311,.463,.773,0,0,0,0,0,0,0.87,-0.004,0.32,0.00%,-0.39,3,3B,,2023-07-16,135,143,717387,6.00,9.20
79,1524,95,2023-07-18,SDP,@,TOR,"W, 9-1",CG,5,4,2,2,0,0,1,1,0,0,1,0,.259,.315,.473,.788,5,0,0,0,0,0,0.43,0.061,0.12,0.01%,1.46,4,3B,,2023-07-18,135,141,717362,21.00,27.90
80,1525,96,2023-07-19,SDP,@,TOR,"W, 2-0",CG,5,5,0,1,0,0,0,2,0,0,0,1,.258,.313,.469,.782,1,0,0,0,0,0,1.62,0.112,0.49,0.02%,0.28,4,3B,,2023-07-19,135,141,717338,7.00,10.00
81,1526,97,2023-07-20,SDP,@,TOR,"L, 0-4",CG,4,4,0,0,0,0,0,0,0,0,0,2,.255,.310,.463,.772,0,0,0,0,0,0,1.94,-0.192,0.76,-0.05%,-1.29,3,3B,,2023-07-20,135,141,717331,0.00,0.00
82,1527,98,2023-07-21,SDP,@,DET,"W, 5-4",CG,4,3,1,1,0,0,0,0,0,0,1,0,.255,.312,.462,.773,1,0,0,0,0,0,0.31,0.008,0.11,0.00%,0.05,4,3B,,2023-07-21,135,116,717317,7.00,9.20
83,1528,99,2023-07-22,SDP,@,DET,"W, 14-3",GS-8,5,5,2,2,0,0,1,3,0,0,0,1,.258,.313,.470,.783,5,0,0,0,0,0,0.79,0.148,0.34,0.04%,1.05,4,3B,,2023-07-22,135,116,717299,23.00,31.90
84,1529,100,2023-07-23,SDP,@,DET,"L, 1-3",CG,4,3,0,0,0,0,0,0,0,0,1,1,.255,.312,.465,.778,0,0,0,0,0,0,0.87,-0.049,0.43,-0.01%,-0.39,4,3B,,2023-07-23,135,116,717288,2.00,3.00
85,1530,101,2023-07-24,SDP,,PIT,"L, 4-8",CG,4,4,0,1,0,0,0,0,0,0,0,1,.255,.312,.463,.775,1,0,0,0,0,0,0.53,-0.037,0.24,-0.01%,-0.50,4,DH,,2023-07-24,135,134,717276,3.00,3.00
86,1531,102,2023-07-25,SDP,,PIT,"W, 5-1",CG,4,2,1,1,0,0,1,1,0,0,1,0,.257,.316,.472,.788,4,0,1,0,0,0,0.76,0.112,0.32,0.03%,1.19,4,3B,,2023-07-25,135,134,717258,18.00,24.70
87,1532,103,2023-07-26,SDP,,PIT,"L, 2-3",CG,4,4,0,1,1,0,0,1,0,0,0,1,.257,.316,.472,.788,2,1,0,0,0,0,1.55,-0.051,0.69,-0.01%,-0.51,3,3B,,2023-07-26,135,134,717246,7.00,9.50
88,1533,104,2023-07-28,SDP,,TEX,"W, 7-1",CG,4,3,0,1,0,0,0,3,0,0,0,1,.257,.315,.471,.786,1,0,0,0,1,0,1.01,-0.019,0.35,0.00%,0.45,4,3B,,2023-07-28,135,140,717224,9.00,13.50
89,1534,105,2023-07-29,SDP,,TEX,"W, 4-0",CG,4,3,1,1,0,0,0,0,0,0,1,0,.258,.317,.470,.787,1,0,0,0,0,0,0.44,0.044,0.19,0.01%,0.57,4,3B,,2023-07-29,135,140,717209,7.00,9.20
90,1535,106,2023-07-30,SDP,,TEX,"W, 5-3",CG,5,5,0,2,0,0,0,0,0,0,0,1,.260,.318,.469,.787,2,0,0,0,0,0,1.07,0.009,0.51,0.00%,-0.07,4,3B,,2023-07-30,135,140,717191,6.00,6.00
91,1536,107,2023-07-31,SDP,@,COL,"L, 3-4 (10)",CG(10),5,3,0,1,0,0,0,0,0,0,2,0,.261,.322,.468,.789,1,0,0,0,0,0,2.45,0.137,1.33,0.05%,0.86,4,3B,,2023-07-31,135,115,717179,7.00,9.00
92,1537,108,2023-08-01,SDP,@,COL,"W, 8-5",CG,4,4,0,0,0,0,0,0,0,0,0,0,.258,.318,.463,.781,0,0,0,0,0,0,0.69,-0.073,0.35,-0.02%,-0.88,4,3B,,2023-08-01,135,115,717169,0.00,0.00
93,1538,109,2023-08-02,SDP,@,COL,"W, 11-1",CG,5,4,1,1,0,0,0,0,0,0,1,1,.258,.319,.460,.780,1,0,0,0,0,0,0.41,-0.042,0.22,-0.01%,-0.48,4,DH,,2023-08-02,135,115,717158,7.00,9.20
94,1539,110,2023-08-04,SDP,,LAD,"L, 5-10",CG,5,5,0,1,0,0,0,0,0,0,0,0,.257,.318,.457,.775,1,0,0,0,0,0,0.88,-0.058,0.61,-0.02%,-0.65,4,3B,,2023-08-04,135,119,717129,3.00,3.00
95,1540,111,2023-08-05,SDP,,LAD,"W, 8-3",CG,4,4,2,2,0,0,1,3,0,1,0,2,.259,.320,.465,.785,5,0,0,0,0,0,1.27,0.228,0.82,0.09%,1.79,4,3B,,2023-08-05,135,119,717112,23.00,31.90
96,1541,112,2023-08-06,SDP,,LAD,"L, 2-8",CG,4,3,0,0,0,0,0,0,0,0,1,2,.257,.319,.462,.780,0,0,0,0,0,0,0.29,-0.005,0.22,0.00%,-0.24,4,DH,,2023-08-06,135,119,717093,2.00,3.00
97,1542,113,2023-08-07,SDP,,LAD,"L, 7-13",CG,4,3,0,0,0,0,0,1,0,0,0,2,.255,.316,.458,.774,0,0,0,0,1,0,0.58,-0.037,0.37,-0.01%,-0.46,4,DH,,2023-08-07,135,119,717094,2.00,3.50
98,1543,114,2023-08-08,SDP,@,SEA,"L, 0-2",CG,4,4,0,0,0,0,0,0,0,0,0,0,.253,.313,.453,.766,0,0,0,0,0,0,0.79,-0.084,0.41,-0.03%,-0.66,4,3B,,2023-08-08,135,136,717072,0.00,0.00
99,1544,115,2023-08-09,SDP,@,SEA,"L, 1-6",CG,4,2,0,0,0,0,0,0,0,0,2,0,.251,.315,.451,.765,0,0,0,0,0,0,0.85,0.047,0.39,0.01%,0.43,4,3B,,2023-08-09,135,136,717055,4.00,6.00
100,1545,116,2023-08-11,SDP,@,ARI,"W, 10-5",CG,5,4,2,1,0,0,0,1,0,0,1,0,.251,.316,.449,.764,1,0,0,0,0,0,0.48,0.077,0.21,0.02%,0.42,4,3B,,2023-08-11,135,109,717035,11.00,15.90
101,1546,117,2023-08-12,SDP,@,ARI,"L, 0-3",CG,4,4,0,3,2,0,0,0,0,0,0,1,.256,.320,.457,.776,5,0,0,0,0,0,0.83,0.046,0.41,0.01%,0.55,4,3B,,2023-08-12,135,109,717020,13.00,15.00
102,1547,118,2023-08-13,SDP,@,ARI,"L, 4-5",CG,5,4,2,1,1,0,0,1,0,0,1,2,.256,.321,.457,.778,2,0,0,0,0,0,1.17,-0.031,0.48,-0.01%,0.21,4,3B,,2023-08-13,135,109,717003,13.00,18.90
103,1548,119,2023-08-14,SDP,,BAL,"L, 1-4",CG,4,4,0,0,0,0,0,0,0,0,0,1,.254,.318,.453,.770,0,1,0,0,0,0,1.23,-0.158,0.35,-0.03%,-1.41,4,3B,,2023-08-14,135,110,716996,0.00,0.00
104,1549,120,2023-08-15,SDP,,BAL,"W, 10-3",CG,5,4,1,1,1,0,0,2,0,0,1,0,.254,.319,.453,.772,2,1,0,0,0,0,0.32,0.055,0.07,0.01%,0.44,4,3B,,2023-08-15,135,110,716980,13.00,19.20
105,1550,121,2023-08-16,SDP,,BAL,"W, 5-2",CG,4,4,0,0,0,0,0,0,0,0,0,1,.251,.316,.449,.765,0,0,0,0,0,0,1.15,-0.106,0.36,-0.02%,-1.29,4,3B,,2023-08-16,135,110,716965,0.00,0.00
106,1551,122,2023-08-17,SDP,,ARI,"L, 1-3",CG,4,4,0,0,0,0,0,0,0,0,0,2,.249,.313,.444,.757,0,0,0,0,0,0,1.40,-0.135,0.53,-0.03%,-0.92,4,DH,,2023-08-17,135,109,716957,0.00,0.00
107,1552,123,2023-08-18,SDP,,ARI,"W, 4-0",CG,4,1,0,0,0,0,0,0,0,0,3,1,.248,.317,.443,.760,0,0,0,0,0,0,1.06,0.045,0.32,0.01%,0.51,4,DH,,2023-08-18,135,109,716942,6.00,9.00
108,1553,124,2023-08-19,SDP,,ARI,"L, 4-6",CG,4,4,2,2,0,0,2,2,0,0,0,0,.251,.318,.458,.777,8,1,0,0,0,0,0.90,0.073,0.32,0.02%,1.25,4,DH,1.0,2023-08-19,135,109,716919,28.00,37.40
109,1554,125,2023-08-19,SDP,,ARI,"L, 1-8",CG,4,4,0,0,0,0,0,0,0,0,0,0,.248,.316,.454,.770,0,0,0,0,0,0,0.62,-0.091,0.17,-0.02%,-1.22,4,3B,2.0,2023-08-19,135,109,716931,0.00,0.00
110,1555,126,2023-08-21,SDP,,MIA,"W, 6-2",CG,4,3,1,2,0,0,1,2,0,0,0,0,.251,.317,.462,.780,5,0,0,0,1,0,0.46,0.025,0.09,0.00%,1.20,4,3B,,2023-08-21,135,146,716907,19.00,25.20
111,1556,127,2023-08-22,SDP,,MIA,"L, 0-3",CG,4,4,0,0,0,0,0,0,0,0,0,3,.249,.315,.458,.773,0,0,0,0,0,0,0.81,-0.086,0.18,-0.01%,-1.00,4,DH,,2023-08-22,135,146,716887,0.00,0.00
112,1557,128,2023-08-23,SDP,,MIA,"W, 4-0",CG,4,2,1,1,0,0,0,0,0,0,2,1,.250,.318,.458,.777,1,0,0,0,0,0,0.63,0.084,0.09,0.01%,0.80,4,DH,,2023-08-23,135,146,716883,9.00,12.20
113,1558,129,2023-08-25,SDP,@,MIL,"L, 3-7",CG,4,3,1,1,0,0,1,1,0,0,1,2,.251,.320,.464,.784,4,0,0,0,0,0,0.52,0.043,0.08,0.00%,0.84,4,3B,,2023-08-25,135,158,716857,16.00,21.70
114,1559,130,2023-08-26,SDP,@,MIL,"L, 4-5",CG,4,4,0,1,0,0,0,1,0,0,0,1,.251,.319,.462,.782,1,0,0,0,0,0,1.31,-0.026,0.14,0.00%,0.35,4,3B,,2023-08-26,135,158,716838,5.00,6.50
115,1560,131,2023-08-27,SDP,@,MIL,"L, 6-10",CG,5,5,0,1,1,0,0,1,0,0,0,1,.250,.318,.462,.780,2,0,0,0,0,0,1.18,-0.043,0.09,0.00%,-0.70,4,3B,,2023-08-27,135,158,716822,7.00,9.50
116,1561,132,2023-08-28,SDP,@,STL,"W, 4-1",CG,5,5,0,1,0,0,0,0,0,0,0,0,.249,.317,.459,.776,1,0,0,0,0,0,1.06,-0.094,0.05,0.00%,-0.98,3,3B,,2023-08-28,135,138,716809,3.00,3.00
117,1562,133,2023-08-29,SDP,@,STL,"L, 5-6 (10)",CG(10),5,5,0,1,0,0,0,0,0,0,0,2,.249,.316,.456,.772,1,0,0,0,0,0,1.55,-0.130,0.11,-0.01%,-1.20,3,DH,,2023-08-29,135,138,716797,3.00,3.00
118,1563,134,2023-08-30,SDP,@,STL,"L, 4-5",CG,4,4,0,1,0,0,0,1,0,0,0,0,.249,.315,.454,.769,1,0,0,0,0,0,0.96,0.006,0.03,0.00%,-0.02,3,3B,,2023-08-30,135,138,716782,5.00,6.50
119,1564,135,2023-08-31,SDP,,SFG,"L, 2-7",CG,4,4,0,0,0,0,0,0,0,0,0,1,.247,.313,.450,.763,0,0,0,0,0,0,0.38,-0.037,0.01,0.00%,-1.20,3,3B,,2023-08-31,135,137,716777,0.00,0.00
120,1565,136,2023-09-01,SDP,,SFG,"W, 7-3",CG,4,4,0,1,0,0,0,0,0,0,0,0,.247,.312,.449,.761,1,0,0,0,0,0,0.30,-0.010,0.00,0.00%,-0.31,4,DH,,2023-09-01,135,137,716761,3.00,3.00
121,1566,137,2023-09-02,SDP,,SFG,"W, 6-1",CG,4,4,0,0,0,0,0,0,0,0,0,0,.245,.310,.445,.754,0,0,0,0,0,0,0.29,-0.029,0.01,0.00%,-0.74,4,DH,,2023-09-02,135,137,716743,0.00,0.00
122,1567,138,2023-09-03,SDP,,SFG,"W, 4-0",CG,4,4,2,3,0,0,1,1,0,0,0,0,.249,.313,.454,.767,6,0,0,0,0,0,0.24,0.072,0.01,0.00%,1.36,4,DH,,2023-09-03,135,137,716728,22.00,27.90
123,1568,139,2023-09-04,SDP,,PHI,"L, 7-9",CG,5,4,1,2,0,0,0,0,0,0,1,1,.251,.316,.454,.770,2,0,0,0,0,0,1.13,-0.093,0.05,0.00%,-0.47,4,DH,,2023-09-04,135,143,716720,10.00,12.20
124,1569,140,2023-09-05,SDP,,PHI,"W, 8-0",CG,4,3,2,1,0,0,0,0,0,0,1,0,.252,.317,.453,.770,1,0,0,0,0,0,0.48,0.006,0.01,0.00%,0.41,4,DH,,2023-09-05,135,143,716703,9.00,12.40
125,1570,141,2023-09-06,SDP,,PHI,"L, 1-5",CG,4,4,0,1,0,0,0,0,0,0,0,1,.252,.317,.452,.768,1,0,0,0,0,0,0.58,-0.010,0.01,0.00%,-0.36,4,DH,,2023-09-06,135,143,716691,3.00,3.00
126,1571,142,2023-09-08,SDP,@,HOU,"W, 11-2",CG,5,5,1,2,1,0,0,2,0,0,0,1,.253,.317,.453,.770,3,0,0,0,0,0,0.40,0.045,0.00,0.00%,0.89,4,DH,,2023-09-08,135,117,716669,14.00,19.20
127,1572,143,2023-09-09,SDP,@,HOU,"L, 5-7",CG,5,5,0,0,0,0,0,0,0,0,0,1,.251,.315,.448,.763,0,0,0,0,0,0,1.60,-0.189,0.02,0.00%,-1.36,4,DH,,2023-09-09,135,117,716649,0.00,0.00
128,1573,145,2023-09-11,SDP,@,LAD,"W, 11-8",CG,5,5,2,2,0,0,2,3,0,0,0,2,.252,.315,.460,.775,8,0,0,0,0,0,0.69,0.172,0.00,0.00%,2.20,4,DH,,2023-09-11,135,119,716622,30.00,40.90
129,1574,146,2023-09-12,SDP,@,LAD,"L, 2-11",CG,4,4,0,1,0,0,0,0,0,0,0,0,.252,.315,.458,.773,1,0,0,0,0,0,0.86,0.002,0.00,0.00%,-0.14,4,DH,,2023-09-12,135,119,716608,3.00,3.00
130,1575,148,2023-09-15,SDP,@,OAK,"W, 8-3",CG,5,4,0,0,0,0,0,0,0,0,1,3,.250,.314,.455,.769,0,0,0,0,0,0,0.93,-0.063,0.00,0.00%,-1.45,4,DH,,2023-09-15,135,133,716569,2.00,3.00
131,1576,150,2023-09-17,SDP,@,OAK,"W, 10-1",CG,5,5,1,2,1,0,0,0,0,0,0,0,.251,.315,.456,.771,3,0,0,0,0,0,0.45,0.045,0.00,0.00%,0.20,4,DH,,2023-09-17,135,133,716538,10.00,12.20
132,1577,151,2023-09-18,SDP,,COL,"W, 11-9",CG,5,4,0,0,0,0,0,0,0,0,1,1,.250,.314,.453,.766,0,0,0,0,0,0,0.76,-0.073,0.01,0.00%,-0.82,4,DH,,2023-09-18,135,115,716526,2.00,3.00
133,1578,153,2023-09-20,SDP,,COL,"W, 3-2",CG,4,4,0,0,0,0,0,0,0,0,0,0,.248,.311,.449,.761,0,1,0,0,0,0,1.50,-0.197,0.03,0.00%,-1.47,4,DH,,2023-09-20,135,115,716500,0.00,0.00
134,1579,154,2023-09-22,SDP,,STL,"W, 4-2",CG,4,4,2,4,0,0,2,3,0,0,0,0,.253,.316,.465,.781,10,0,0,0,0,0,1.43,0.502,0.09,0.02%,3.18,4,DH,,2023-09-22,135,138,716476,36.00,46.90
135,1580,155,2023-09-23,SDP,,STL,"L, 2-5 (11)",CG(11),5,4,0,1,0,0,0,1,0,0,1,1,.253,.317,.463,.780,1,1,0,0,0,1,1.95,-0.086,0.21,-0.01%,-0.34,4,DH,,2023-09-23,135,138,716457,7.00,9.50
136,1581,157,2023-09-25,SDP,@,SFG,"L, 1-2",CG,4,4,0,2,0,0,0,1,0,0,0,0,.255,.318,.463,.782,2,1,0,0,0,0,2.07,0.128,0.02,0.00%,0.35,4,DH,,2023-09-25,135,137,716441,8.00,9.50
137,1582,159,2023-09-27,SDP,@,SFG,"W, 5-2 (10)",CG(10),5,5,0,3,0,0,0,2,0,0,0,1,.258,.320,.465,.785,3,0,0,0,0,0,1.47,0.287,0.00,0.00%,2.13,4,DH,,2023-09-27,135,137,716426,13.00,16.00
138,1583,160,2023-09-29,SDP,@,CHW,"W, 3-2",CG,5,5,0,1,0,0,0,0,0,0,0,3,.258,.319,.462,.782,1,0,0,0,0,0,1.05,-0.079,0.02,0.00%,-0.92,4,DH,,2023-09-29,135,145,716391,3.00,3.00
1,1584,1,2024-03-20,SDP,,LAD,"L, 2-5",CG,4,3,1,0,0,0,0,0,0,0,1,0,.000,.250,.000,.250,0,0,0,0,0,0,0.84,-0.019,0.85,-0.01%,-0.25,4,DH,,2024-03-20,135,119,745444,4.00,6.20
2,1585,2,2024-03-21,SDP,@,LAD,"W, 15-11",CG,6,4,2,1,0,0,1,3,0,0,2,1,.143,.400,.571,.971,4,1,0,0,0,0,0.67,0.047,0.64,0.03%,0.90,4,DH,,2024-03-21,135,119,746175,24.00,34.90
3,1586,3,2024-03-28,SDP,,SFG,"W, 6-4",CG,4,3,1,0,0,0,0,0,0,0,1,0,.100,.357,.400,.757,0,0,0,0,0,0,1.00,-0.036,0.98,-0.02%,-0.75,4,DH,,2024-03-28,135,137,745445,4.00,6.20
4,1587,4,2024-03-29,SDP,,SFG,"L, 3-8",CG,4,4,1,1,0,0,1,1,0,0,0,1,.143,.333,.571,.905,4,1,0,0,0,0,0.96,-0.041,0.96,-0.03%,0.00,4,DH,,2024-03-29,135,137,745435,14.00,18.70
5,1588,5,2024-03-30,SDP,,SFG,"L, 6-9",CG,5,4,0,1,0,0,0,0,0,0,1,1,.167,.348,.500,.848,1,0,0,0,0,0,0.99,0.003,1.02,0.00%,0.04,4,DH,,2024-03-30,135,137,745436,5.00,6.00
6,1589,6,2024-03-31,SDP,,SFG,"W, 13-4",CG,5,5,2,2,2,0,0,3,0,0,0,1,.217,.357,.565,.922,4,0,0,0,0,0,0.30,0.048,0.29,0.03%,1.24,4,DH,,2024-03-31,135,137,745438,20.00,28.90
7,1590,7,2024-04-01,SDP,,STL,"L, 2-6",CG,4,4,0,2,0,0,0,0,0,0,0,1,.259,.375,.556,.931,2,0,0,0,0,0,0.43,0.012,0.40,0.01%,0.25,4,DH,,2024-04-01,135,138,745437,6.00,6.00
8,1591,8,2024-04-02,SDP,,STL,"L, 2-5",CG,4,4,0,0,0,0,0,0,0,0,0,2,.226,.333,.484,.817,0,0,0,0,0,0,1.07,-0.107,0.95,-0.06%,-1.05,4,DH,,2024-04-02,135,138,745439,0.00,0.00
9,1592,9,2024-04-03,SDP,,STL,"W, 3-2",CG,4,4,0,0,0,0,0,0,0,0,0,0,.200,.300,.429,.729,0,0,0,0,0,0,0.83,-0.079,0.69,-0.04%,-1.05,4,DH,,2024-04-03,135,138,745440,0.00,0.00
10,1593,10,2024-04-05,SDP,@,SFG,"L, 2-3",CG,4,3,0,0,0,0,0,0,0,0,1,0,.184,.295,.395,.690,0,1,0,0,0,0,1.69,-0.084,1.61,-0.05%,-0.73,4,DH,,2024-04-05,135,137,745361,2.00,3.00
11,1594,11,2024-04-06,SDP,@,SFG,"W, 4-0",CG,4,4,1,1,0,0,0,0,0,0,0,0,.190,.292,.381,.673,1,1,0,0,0,0,0.36,-0.006,0.33,0.00%,-0.63,4,DH,,2024-04-06,135,137,745359,5.00,6.20
12,1595,12,2024-04-07,SDP,@,SFG,"L, 2-3",CG,4,4,0,1,0,0,0,0,0,0,0,2,.196,.288,.370,.658,1,0,0,0,0,0,0.98,0.007,0.96,0.00%,-0.03,4,DH,,2024-04-07,135,137,745362,3.00,3.00
13,1596,13,2024-04-08,SDP,,CHC,"W, 9-8",CG,4,4,1,1,0,0,0,0,0,0,0,2,.200,.286,.360,.646,1,0,0,0,0,0,1.09,-0.084,0.96,-0.05%,-0.45,4,DH,,2024-04-08,135,112,745432,5.00,6.20
14,1597,14,2024-04-09,SDP,,CHC,"L, 1-5",CG,4,4,0,2,1,0,0,0,0,0,0,1,.222,.300,.389,.689,3,0,0,0,0,0,0.55,0.046,0.50,0.03%,0.26,4,DH,,2024-04-09,135,112,745433,8.00,9.00
15,1598,15,2024-04-10,SDP,,CHC,"W, 10-2",CG,5,5,2,2,0,0,0,0,0,0,0,3,.237,.308,.390,.698,2,0,0,0,0,0,0.47,0.029,0.40,0.02%,-0.63,4,DH,,2024-04-10,135,112,745429,10.00,12.40
16,1599,16,2024-04-12,SDP,@,LAD,"W, 8-7 (11)",CG(11),5,4,1,1,0,0,1,2,0,0,1,1,.238,.314,.429,.743,4,0,0,0,0,1,1.75,0.128,1.80,0.08%,1.38,4,DH,,2024-04-12,135,119,746162,18.00,25.20
17,1600,17,2024-04-13,SDP,@,LAD,"L, 2-5",CG,4,4,0,1,0,0,0,0,0,0,0,2,.239,.311,.418,.729,1,0,0,0,0,0,0.88,-0.058,0.94,-0.04%,-0.45,4,DH,,2024-04-13,135,119,746161,3.00,3.00
18,1601,18,2024-04-14,SDP,@,LAD,"W, 6-3",CG,5,4,2,2,0,0,1,1,0,0,1,0,.254,.329,.465,.794,5,0,0,0,0,0,1.04,0.069,1.06,0.04%,1.01,4,DH,,2024-04-14,135,119,746164,21.00,27.90
19,1602,19,2024-04-15,SDP,@,MIL,"W, 7-3",CG,5,5,1,2,0,0,0,1,0,0,0,2,.263,.333,.461,.794,2,0,0,0,0,0,1.05,0.144,1.01,0.08%,0.96,4,DH,,2024-04-15,135,158,746002,10.00,12.70
20,1603,20,2024-04-16,SDP,@,MIL,"W, 6-3",CG,5,4,0,1,0,0,0,1,0,0,1,2,.263,.337,.450,.787,1,0,0,0,0,0,0.80,0.027,0.84,0.02%,0.46,4,DH,,2024-04-16,135,158,746004,7.00,9.50
21,1604,21,2024-04-17,SDP,@,MIL,"L, 0-1",CG,4,4,0,1,0,0,0,0,0,0,0,0,.262,.333,.440,.774,1,0,0,0,0,0,1.52,-0.055,1.63,-0.04%,-0.33,4,DH,,2024-04-17,135,158,746005,3.00,3.00
22,1605,22,2024-04-19,SDP,,TOR,"L, 1-5",CG,4,4,0,0,0,0,0,0,0,0,0,1,.250,.320,.420,.740,0,0,0,0,0,0,0.63,-0.061,0.64,-0.04%,-0.77,4,DH,,2024-04-19,135,141,745430,0.00,0.00
23,1606,23,2024-04-20,SDP,,TOR,"L, 2-5",CG,4,4,0,1,0,0,0,0,0,0,0,0,.250,.317,.413,.730,1,0,0,0,0,0,1.43,-0.106,1.37,-0.06%,-1.16,4,DH,,2024-04-20,135,141,745431,3.00,3.00
24,1607,24,2024-04-21,SDP,,TOR,"W, 6-3",CG,4,4,0,2,0,0,0,0,0,0,0,1,.260,.324,.417,.740,2,0,0,0,0,0,0.96,0.100,0.80,0.05%,0.86,4,DH,,2024-04-21,135,141,745434,6.00,6.00
25,1608,29,2024-04-26,SDP,,PHI,"L, 3-9",CG,4,4,0,1,0,0,0,0,0,0,0,2,.260,.321,.410,.731,1,0,0,0,0,0,0.44,-0.040,0.42,-0.02%,-0.59,4,3B,,2024-04-26,135,143,745424,3.00,3.00
26,1609,30,2024-04-27,SDP,,PHI,"L, 1-5",CG,3,3,0,0,0,0,0,0,0,0,0,1,.252,.313,.398,.711,0,0,0,0,0,0,0.47,-0.038,0.43,-0.02%,-0.44,4,DH,,2024-04-27,135,143,745425,0.00,0.00
27,1610,31,2024-04-28,SDP,,PHI,"L, 6-8",CG,4,4,0,1,0,0,0,0,0,0,0,0,.252,.310,.393,.703,1,0,0,0,0,0,0.91,0.051,0.77,0.03%,0.08,4,3B,,2024-04-28,135,143,745428,3.00,3.00
28,1611,32,2024-04-29,SDP,,CIN,"L, 2-5",CG,4,4,0,1,0,0,0,1,0,0,0,1,.252,.308,.387,.696,1,0,0,0,0,0,0.67,-0.053,0.54,-0.03%,0.34,4,3B,,2024-04-29,135,113,745427,5.00,6.50
29,1612,33,2024-04-30,SDP,,CIN,"W, 6-4",CG,5,5,1,1,1,0,0,3,0,0,0,1,.250,.304,.388,.692,2,0,0,0,0,0,1.24,0.030,0.93,0.01%,0.09,4,DH,,2024-04-30,135,113,745426,13.00,19.70
30,1613,34,2024-05-01,SDP,,CIN,"W, 6-2",CG,4,4,0,1,0,0,0,0,0,0,0,1,.250,.302,.383,.686,1,0,0,0,0,0,1.00,-0.047,0.83,-0.02%,-0.66,4,3B,,2024-05-01,135,113,745423,3.00,3.00
31,1614,35,2024-05-03,SDP,@,ARI,"W, 7-1",CG,5,4,2,1,0,0,1,2,0,0,1,1,.250,.306,.403,.709,4,0,0,0,0,0,0.39,0.034,0.35,0.02%,0.89,4,DH,,2024-05-03,135,109,747208,20.00,28.40
32,1615,36,2024-05-04,SDP,@,ARI,"W, 13-1",GS-8,4,4,1,2,1,0,0,3,0,0,0,0,.258,.312,.414,.726,3,1,0,0,0,0,1.01,0.040,0.95,0.02%,1.67,4,3B,,2024-05-04,135,109,747209,16.00,22.70
33,1616,37,2024-05-05,SDP,@,ARI,"L, 4-11",CG,4,4,0,1,0,0,0,0,0,0,0,0,.258,.310,.409,.719,1,1,0,0,0,0,0.69,-0.098,0.70,-0.06%,-1.19,4,3B,,2024-05-05,135,109,747206,3.00,3.00
34,1617,39,2024-05-07,SDP,@,CHC,"L, 2-3",CG,4,4,0,0,0,0,0,0,0,0,0,3,.250,.301,.397,.698,0,0,0,0,0,0,1.51,-0.146,1.49,-0.09%,-1.20,4,DH,,2024-05-07,135,112,746885,0.00,0.00
35,1618,40,2024-05-08,SDP,@,CHC,"W, 3-0",CG,4,4,0,1,0,0,0,1,0,0,0,0,.250,.300,.393,.693,1,0,0,0,0,0,1.08,0.007,1.00,0.00%,-0.50,4,3B,,2024-05-08,135,112,746879,5.00,6.50
36,1619,41,2024-05-10,SDP,,LAD,"W, 2-1",CG,3,3,0,0,0,0,0,0,0,0,0,2,.245,.294,.385,.679,0,0,0,0,0,0,0.57,-0.044,0.62,-0.03%,-0.44,4,3B,,2024-05-10,135,119,745421,0.00,0.00
37,1620,42,2024-05-11,SDP,,LAD,"L, 0-5",CG,4,4,0,0,0,0,0,0,0,0,0,1,.238,.287,.374,.661,0,0,0,0,0,0,0.58,-0.062,0.69,-0.04%,-0.95,4,DH,,2024-05-11,135,119,745422,0.00,0.00
38,1621,43,2024-05-12,SDP,,LAD,"W, 4-0",CG,4,3,0,0,0,0,0,0,1,0,1,1,.233,.286,.367,.652,0,0,0,0,0,0,0.43,0.002,0.47,0.00%,-0.20,4,3B,,2024-05-12,135,119,745419,7.00,9.00
39,1622,44,2024-05-13,SDP,,COL,"L, 4-5",CG,5,4,1,0,0,0,0,0,0,0,1,0,.227,.283,.357,.640,0,1,0,0,0,0,2.97,-0.662,3.01,-0.40%,-2.28,4,3B,,2024-05-13,135,115,745420,4.00,6.20
40,1623,45,2024-05-14,SDP,,COL,"L, 3-6",CG,4,4,0,1,0,0,0,0,0,0,0,0,.228,.282,.354,.637,1,2,0,0,0,0,1.19,-0.088,1.09,-0.05%,-1.28,4,3B,,2024-05-14,135,115,745418,3.00,3.00
41,1624,46,2024-05-15,SDP,,COL,"L, 0-8",CG,4,4,0,0,0,0,0,0,0,0,0,3,.222,.276,.346,.622,0,0,0,0,0,0,0.40,-0.042,0.35,-0.02%,-1.03,4,DH,,2024-05-15,135,115,745417,0.00,0.00
42,1625,47,2024-05-17,SDP,@,ATL,"W, 3-1",CG,5,4,0,0,0,0,0,1,1,0,1,1,.217,.274,.337,.611,0,0,0,0,0,0,1.14,0.005,0.98,0.00%,-0.35,5,3B,,2024-05-17,135,144,747122,9.00,12.50
43,1626,48,2024-05-19,SDP,@,ATL,"W, 9-1",GS-8,4,4,1,2,0,0,0,0,0,0,0,0,.224,.279,.341,.620,2,0,0,0,0,0,0.56,-0.025,0.50,-0.01%,0.25,5,3B,,2024-05-19,135,144,747120,8.00,9.20
44,1627,49,2024-05-20,SDP,@,ATL,"W, 6-5",CG,4,4,1,2,2,0,0,2,0,0,0,2,.230,.283,.356,.640,4,0,0,0,0,0,1.90,0.385,1.88,0.23%,1.64,5,3B,1.0,2024-05-20,135,144,747119,16.00,22.20
45,1628,50,2024-05-20,SDP,@,ATL,"L, 0-3",CG,4,4,0,1,0,0,0,0,0,0,0,1,.230,.283,.354,.637,1,0,0,0,0,0,0.71,-0.008,0.72,-0.01%,-0.13,5,DH,2.0,2024-05-20,135,144,747121,3.00,3.00
46,1629,51,2024-05-21,SDP,@,CIN,"L, 0-2",CG,4,4,0,0,0,0,0,0,0,0,0,2,.225,.277,.346,.623,0,0,0,0,0,0,1.51,-0.147,1.36,-0.08%,-1.08,4,3B,,2024-05-21,135,113,746716,0.00,0.00
47,1630,52,2024-05-22,SDP,@,CIN,"W, 7-3",CG,4,4,0,2,2,0,0,0,0,0,0,0,.231,.281,.360,.642,4,0,0,0,0,0,0.74,0.147,0.68,0.08%,0.97,5,3B,,2024-05-22,135,113,746712,10.00,12.00
48,1631,53,2024-05-23,SDP,@,CIN,"W, 6-4 (10)",CG(10),5,5,0,1,1,0,0,2,0,0,0,1,.230,.279,.361,.641,2,1,0,0,0,0,1.02,0.040,1.01,0.02%,0.10,5,3B,,2024-05-23,135,113,746714,9.00,13.00
49,1632,54,2024-05-24,SDP,,NYY,"L, 0-8",GS-9,3,2,0,1,0,0,0,0,0,0,1,0,.233,.285,.363,.648,1,0,0,0,0,0,0.50,0.039,0.47,0.02%,0.47,4,DH,,2024-05-24,135,147,745415,5.00,6.00
50,1633,55,2024-05-25,SDP,,NYY,"L, 1-4",CG,4,4,0,1,0,0,0,0,0,0,0,0,.234,.284,.360,.645,1,0,0,0,0,0,0.86,-0.038,0.80,-0.02%,-0.56,5,3B,,2024-05-25,135,147,745411,3.00,3.00
51,1634,56,2024-05-26,SDP,,NYY,"W, 5-2",CG,4,3,1,1,1,0,0,1,0,0,1,1,.235,.288,.365,.653,2,0,0,0,0,0,1.40,0.044,1.20,0.02%,0.94,5,3B,,2024-05-26,135,147,745413,11.00,15.70
52,1635,57,2024-05-27,SDP,,MIA,"W, 2-1",CG,4,4,0,1,0,0,0,0,0,0,0,0,.235,.288,.363,.650,1,0,0,0,0,0,1.94,0.045,1.85,0.03%,0.27,4,3B,,2024-05-27,135,146,745416,3.00,3.00
53,1636,58,2024-05-28,SDP,,MIA,"W, 4-0",CG,4,3,1,1,0,0,0,0,1,0,1,1,.237,.291,.362,.654,1,0,0,0,0,0,0.34,-0.015,0.34,-0.01%,-0.16,4,DH,,2024-05-28,135,146,745412,12.00,15.20
54,1637,59,2024-05-29,SDP,,MIA,"L, 1-9",CG,4,4,0,1,0,0,0,0,0,0,0,1,.237,.291,.360,.651,1,0,0,0,0,0,0.90,-0.079,0.92,-0.05%,-0.28,4,3B,,2024-05-29,135,146,745414,3.00,3.00
55,1638,60,2024-05-31,SDP,@,KCR,"W, 11-8",CG,5,5,1,2,0,0,0,1,0,1,0,1,.241,.293,.361,.654,2,0,0,0,0,0,1.09,-0.018,1.08,-0.01%,-0.14,5,3B,,2024-05-31,135,118,746303,10.00,12.70
56,1639,61,2024-06-01,SDP,@,KCR,"W, 7-3",CG,4,1,1,0,0,0,0,0,0,0,3,0,.240,.301,.359,.660,0,0,0,0,0,1,0.96,0.015,1.03,0.01%,0.16,5,3B,,2024-06-01,135,118,746305,8.00,12.20
57,1640,62,2024-06-02,SDP,@,KCR,"L, 3-4",CG,4,4,0,1,0,0,0,1,0,0,0,1,.240,.300,.357,.657,1,0,0,0,0,0,1.24,0.017,1.32,0.01%,0.65,4,DH,,2024-06-02,135,118,746301,5.00,6.50
58,1641,63,2024-06-03,SDP,@,LAA,"L, 1-2",CG,4,2,1,1,0,0,1,1,1,0,2,0,.242,.307,.372,.680,4,0,0,0,0,2,1.76,0.134,1.72,0.08%,1.24,3,3B,,2024-06-03,135,108,746224,23.00,30.70
59,1642,64,2024-06-04,SDP,@,LAA,"L, 2-4",CG,4,4,0,3,0,0,0,1,1,0,0,0,.251,.315,.379,.693,3,0,0,0,0,0,1.55,0.228,1.51,0.13%,2.15,3,3B,,2024-06-04,135,108,746222,16.00,18.50
60,1643,65,2024-06-05,SDP,@,LAA,"L, 2-3",GS-4,2,2,0,0,0,0,0,0,0,0,0,0,.249,.312,.376,.688,0,1,0,0,0,0,1.33,-0.085,1.29,-0.05%,-0.89,3,3B,,2024-06-05,135,108,746221,0.00,0.00
61,1644,66,2024-06-06,SDP,,ARI,"L, 3-4",8-9,1,1,0,0,0,0,0,0,0,0,0,0,.248,.311,.374,.685,0,0,0,0,0,0,5.85,-0.171,5.70,-0.10%,-0.60,9,PH,,2024-06-06,135,109,745408,0.00,0.00
62,1645,70,2024-06-10,SDP,,OAK,"W, 6-1",GS-7,4,4,0,2,0,0,0,0,0,0,0,1,.252,.314,.376,.690,2,0,0,0,0,0,0.77,0.031,0.69,0.02%,0.58,5,DH,,2024-06-10,135,133,745409,6.00,6.00
63,1646,71,2024-06-11,SDP,,OAK,"W, 4-3",GS-8,4,4,0,2,1,0,0,0,0,0,0,0,.256,.317,.382,.699,3,1,0,0,0,0,1.30,-0.090,1.20,-0.05%,-1.11,4,DH,,2024-06-11,135,133,745404,8.00,9.00
64,1647,72,2024-06-12,SDP,,OAK,"W, 5-4",CG,4,4,0,0,0,0,0,0,0,0,0,3,.252,.312,.376,.688,0,0,0,0,0,0,1.29,-0.127,1.29,-0.08%,-0.87,3,DH,,2024-06-12,135,133,745405,0.00,0.00
65,1648,73,2024-06-14,SDP,@,NYM,"L, 1-2",CG,4,4,0,0,0,0,0,0,0,0,0,3,.248,.307,.370,.677,0,0,0,0,0,0,1.97,-0.233,2.12,-0.15%,-1.18,4,DH,,2024-06-14,135,121,745810,0.00,0.00
66,1649,74,2024-06-15,SDP,@,NYM,"L, 1-5",CG,4,4,0,0,0,0,0,0,0,0,0,0,.244,.303,.364,.667,0,0,0,0,0,0,0.98,-0.100,1.03,-0.06%,-0.93,4,3B,,2024-06-15,135,121,745805,0.00,0.00
67,1650,75,2024-06-16,SDP,@,NYM,"L, 6-11",GS-6,3,3,0,1,0,0,0,1,0,0,0,2,.245,.303,.364,.667,1,0,0,0,0,0,1.00,0.069,0.98,0.04%,0.54,5,3B,,2024-06-16,135,121,745807,5.00,6.50
68,1651,76,2024-06-17,SDP,@,PHI,"L, 2-9",CG,4,4,1,2,0,0,0,0,0,0,0,1,.249,.306,.366,.672,2,1,0,0,0,0,0.53,0.090,0.46,0.05%,0.12,4,3B,,2024-06-17,135,143,745567,8.00,9.20
69,1652,77,2024-06-18,SDP,@,PHI,"L, 3-4",CG,4,4,0,0,0,0,0,0,0,0,0,2,.245,.301,.360,.662,0,0,0,0,0,0,0.80,-0.084,0.63,-0.04%,-0.82,4,3B,,2024-06-18,135,143,745563,0.00,0.00
70,1653,78,2024-06-19,SDP,@,PHI,"W, 5-2",CG,5,5,1,2,0,0,0,0,0,0,0,0,.248,.303,.361,.664,2,0,0,0,0,0,0.94,0.024,0.66,0.01%,0.05,4,DH,,2024-06-19,135,143,745561,8.00,9.20
71,1654,79,2024-06-20,SDP,,MIL,"W, 7-6",CG,4,3,1,2,0,0,1,3,0,0,1,0,.253,.309,.375,.685,5,0,0,0,0,1,0.76,0.274,0.64,0.14%,2.83,5,3B,,2024-06-20,135,158,745401,23.00,31.70
72,1655,80,2024-06-21,SDP,,MIL,"W, 9-5",CG,5,5,2,4,1,0,0,1,0,0,0,0,.263,.318,.387,.704,5,1,0,0,0,0,1.03,0.131,0.93,0.07%,1.90,5,3B,,2024-06-21,135,158,745403,20.00,24.90
73,1656,81,2024-06-22,SDP,,MIL,"W, 6-4",CG,4,4,0,0,0,0,0,0,0,0,0,0,.259,.313,.381,.695,0,0,0,0,0,0,0.81,-0.053,0.78,-0.03%,-0.94,4,3B,,2024-06-22,135,158,745402,0.00,0.00
74,1657,82,2024-06-23,SDP,,MIL,"L, 2-6",CG,4,3,0,1,0,0,0,1,0,0,0,0,.260,.313,.381,.693,1,0,0,0,1,0,0.66,-0.021,0.70,-0.01%,-0.02,4,3B,,2024-06-23,135,158,745396,5.00,6.50
75,1658,83,2024-06-24,SDP,,WSN,"W, 7-6 (10)",CG(10),4,4,0,1,0,0,0,0,0,0,0,0,.260,.312,.379,.691,1,0,0,0,0,0,0.82,-0.054,0.78,-0.03%,-0.17,3,3B,,2024-06-24,135,120,745397,3.00,3.00
76,1659,84,2024-06-25,SDP,,WSN,"W, 9-7",CG,4,3,2,1,0,0,1,2,0,0,1,2,.260,.314,.389,.703,4,0,0,0,0,0,0.85,0.177,0.85,0.11%,1.62,3,3B,,2024-06-25,135,120,745399,20.00,28.40
77,1660,85,2024-06-26,SDP,,WSN,"W, 8-5",CG,4,4,1,2,0,0,0,0,0,0,0,0,.264,.316,.390,.707,2,0,0,0,0,0,0.41,-0.014,0.43,-0.01%,-0.09,3,DH,,2024-06-26,135,120,745400,8.00,9.20
78,1661,86,2024-06-28,SDP,@,BOS,"W, 9-2",CG,5,5,1,2,0,0,0,0,0,0,0,1,.266,.318,.391,.708,2,1,0,0,0,0,0.54,0.038,0.52,0.02%,0.08,4,3B,,2024-06-28,135,111,746939,8.00,9.20
79,1662,87,2024-06-29,SDP,@,BOS,"W, 11-1",CG,5,5,2,2,0,0,2,5,0,0,0,1,.268,.319,.411,.730,8,0,0,0,0,0,0.42,0.193,0.43,0.12%,2.95,4,DH,,2024-06-29,135,111,746940,34.00,47.90
80,1663,88,2024-06-30,SDP,@,BOS,"L, 1-4",CG,4,4,0,1,0,0,0,0,0,0,0,0,.268,.318,.409,.727,1,1,0,0,0,0,0.92,-0.074,0.96,-0.05%,-0.98,4,DH,,2024-06-30,135,111,746938,3.00,3.00
81,1664,89,2024-07-02,SDP,@,TEX,"L, 0-7",CG,3,3,0,0,0,0,0,0,0,0,0,3,.265,.315,.405,.720,0,0,0,0,0,0,0.36,-0.027,0.38,-0.02%,-0.42,4,DH,,2024-07-02,135,140,744999,0.00,0.00
82,1665,90,2024-07-03,SDP,@,TEX,"W, 6-4",CG,5,5,1,1,0,0,1,2,0,0,0,0,.264,.314,.411,.724,4,0,0,0,0,0,1.58,0.033,1.58,0.02%,0.29,4,3B,,2024-07-03,135,140,744998,16.00,22.20
83,1666,91,2024-07-04,SDP,@,TEX,"W, 3-1",CG,4,3,0,0,0,0,0,0,0,0,1,0,.262,.313,.407,.720,0,0,0,0,0,0,0.93,-0.021,0.96,-0.01%,-0.50,4,3B,,2024-07-04,135,140,744996,2.00,3.00
84,1667,92,2024-07-05,SDP,,ARI,"W, 10-8",CG,5,5,3,4,1,0,1,2,0,0,0,0,.270,.320,.425,.745,8,1,0,0,0,0,1.35,0.401,1.67,0.30%,2.45,4,3B,,2024-07-05,135,109,745398,31.00,40.60
85,1668,93,2024-07-06,SDP,,ARI,"L, 5-7 (10)",CG(10),5,4,0,1,0,0,0,1,0,0,1,3,.270,.321,.423,.744,1,0,0,0,0,0,1.93,0.020,2.39,0.02%,0.53,4,3B,,2024-07-06,135,109,745395,7.00,9.50
86,1669,94,2024-07-07,SDP,,ARI,"L, 1-9",CG,4,4,0,0,0,0,0,0,0,0,0,0,.267,.317,.418,.736,0,0,0,0,0,0,0.84,-0.084,1.03,-0.06%,-0.86,4,DH,,2024-07-07,135,109,745391,0.00,0.00
87,1670,95,2024-07-09,SDP,,SEA,"L, 3-8",CG,4,4,0,0,0,0,0,0,0,0,0,2,.263,.314,.413,.727,0,1,0,0,0,0,0.46,-0.049,0.48,-0.03%,-1.15,4,3B,,2024-07-09,135,136,745393,0.00,0.00
88,1671,96,2024-07-10,SDP,,SEA,"L, 0-2",GS-9,4,3,0,0,0,0,0,0,0,0,1,0,.261,.313,.410,.723,0,0,0,0,0,0,1.98,0.035,2.04,0.02%,-0.22,4,DH,,2024-07-10,135,136,745394,2.00,3.00
89,1672,97,2024-07-12,SDP,,ATL,"L, 1-6",CG,4,4,0,1,1,0,0,1,0,0,0,1,.261,.313,.411,.723,2,0,0,0,0,0,0.71,0.076,0.80,0.05%,0.50,4,3B,,2024-07-12,135,144,745390,7.00,9.50
90,1673,98,2024-07-13,SDP,,ATL,"W, 4-0",CG,4,4,2,3,0,0,1,1,0,0,0,0,.267,.317,.423,.740,6,0,0,0,0,0,0.50,0.052,0.51,0.03%,1.48,4,DH,,2024-07-13,135,144,745392,22.00,27.90
91,1674,99,2024-07-14,SDP,,ATL,"L, 3-6",CG,4,3,0,1,0,0,0,0,0,0,1,1,.267,.319,.422,.742,1,0,0,0,0,0,1.30,-0.019,1.45,-0.01%,0.12,3,3B,,2024-07-14,135,144,745385,5.00,6.00
92,1675,100,2024-07-19,SDP,@,CLE,"L, 0-7",CG,4,4,0,0,0,0,0,0,0,0,0,1,.264,.316,.418,.733,0,0,0,0,0,0,0.82,-0.082,0.79,-0.05%,-1.05,4,3B,,2024-07-19,135,114,746618,0.00,0.00
93,1676,101,2024-07-20,SDP,@,CLE,"W, 7-0",CG,5,5,0,0,0,0,0,0,0,0,0,2,.261,.312,.412,.723,0,0,0,0,0,0,0.73,-0.097,0.64,-0.05%,-1.56,4,3B,,2024-07-20,135,114,746613,0.00,0.00
94,1677,102,2024-07-21,SDP,@,CLE,"W, 2-1",CG,4,3,0,0,0,0,0,0,0,0,0,0,.258,.311,.408,.719,0,0,1,0,0,0,0.76,-0.037,0.71,-0.02%,-0.50,4,3B,,2024-07-21,135,114,746610,2.00,3.00
95,1678,103,2024-07-23,SDP,@,WSN,"W, 4-0",CG,4,3,1,2,1,0,0,0,0,0,1,1,.262,.316,.413,.729,3,0,0,0,0,0,0.85,0.091,0.87,0.06%,1.74,4,3B,,2024-07-23,135,120,744828,12.00,15.20
96,1679,104,2024-07-24,SDP,@,WSN,"W, 12-3",CG,6,5,0,2,1,0,0,1,0,0,1,1,.264,.318,.416,.734,3,0,0,0,0,0,0.62,-0.059,0.65,-0.04%,0.79,4,3B,,2024-07-24,135,120,744824,12.00,15.50
97,1680,105,2024-07-25,SDP,@,WSN,"W, 3-0",CG,4,4,0,0,0,0,0,0,0,0,0,0,.261,.315,.411,.726,0,1,0,0,0,0,0.77,-0.090,0.89,-0.06%,-1.61,4,DH,,2024-07-25,135,120,744827,0.00,0.00
98,1681,106,2024-07-26,SDP,@,BAL,"W, 6-4",CG,4,4,1,0,0,0,0,0,0,0,0,1,.258,.312,.407,.719,0,0,0,0,0,0,0.73,-0.013,0.79,-0.01%,-0.26,4,3B,,2024-07-26,135,110,747010,2.00,3.20
99,1682,107,2024-07-27,SDP,@,BAL,"W, 9-4",CG,5,5,2,3,0,0,1,3,0,0,0,0,.262,.316,.417,.733,6,0,0,0,0,0,0.48,0.052,0.59,0.04%,2.69,4,3B,,2024-07-27,135,110,747006,26.00,34.90
100,1683,108,2024-07-28,SDP,@,BAL,"L, 6-8",CG,4,4,1,1,0,0,0,0,0,0,0,2,.262,.315,.416,.730,1,0,0,0,0,0,1.00,-0.039,1.28,-0.03%,-0.20,4,3B,,2024-07-28,135,110,747008,5.00,6.20
101,1684,109,2024-07-30,SDP,,LAD,"W, 6-5 (10)",CG(10),4,4,2,2,0,0,2,2,0,0,0,0,.265,.317,.432,.749,8,0,0,0,0,0,1.38,0.083,1.95,0.07%,1.39,4,3B,,2024-07-30,135,119,745389,28.00,37.40
102,1685,110,2024-07-31,SDP,,LAD,"W, 8-1",CG,5,5,0,2,0,0,0,0,0,0,0,0,.267,.318,.431,.749,2,0,0,0,0,0,0.27,-0.029,0.42,-0.03%,0.03,4,3B,,2024-07-31,135,119,745386,6.00,6.00
103,1686,111,2024-08-02,SDP,,COL,"L, 2-5",CG,4,4,1,2,1,0,1,1,0,0,0,1,.269,.319,.442,.762,6,0,0,0,0,0,0.87,0.102,1.25,0.09%,1.02,4,3B,,2024-08-02,135,115,745387,19.00,24.70
104,1687,112,2024-08-03,SDP,,COL,"W, 3-2",CG,3,2,2,1,1,0,0,0,0,0,1,0,.270,.322,.445,.767,2,0,0,0,0,0,1.54,0.194,2.17,0.17%,1.25,4,3B,,2024-08-03,135,115,745388,11.00,15.40
105,1688,113,2024-08-04,SDP,,COL,"W, 10-2",CG,5,4,0,2,1,0,0,2,0,0,1,0,.272,.325,.448,.773,3,1,0,0,0,0,0.50,-0.041,0.71,-0.04%,1.06,4,3B,,2024-08-04,135,115,745384,14.00,19.00
106,1689,114,2024-08-06,SDP,@,PIT,"W, 6-0",CG,5,5,0,0,0,0,0,0,0,0,0,0,.269,.321,.443,.764,0,2,0,0,0,0,0.56,-0.098,0.84,-0.09%,-2.59,4,3B,,2024-08-06,135,134,745467,0.00,0.00
107,1690,115,2024-08-07,SDP,@,PIT,"W, 9-8 (10)",CG(10),6,5,1,2,0,0,0,1,1,0,0,1,.271,.321,.442,.763,2,0,0,0,1,0,1.86,-0.134,2.83,-0.12%,-0.95,4,3B,,2024-08-07,135,134,745469,15.00,18.70
108,1691,116,2024-08-08,SDP,@,PIT,"W, 7-6",CG,4,4,1,1,0,0,1,2,0,0,0,1,.270,.321,.447,.768,4,0,0,0,0,0,0.58,0.144,0.92,0.14%,1.42,4,3B,,2024-08-08,135,134,745466,16.00,22.20
109,1692,117,2024-08-09,SDP,@,MIA,"W, 6-2 (10)",CG(10),5,5,1,2,2,0,0,3,0,0,0,0,.272,.322,.452,.773,4,1,0,0,0,0,1.98,0.098,3.00,0.09%,0.68,4,3B,,2024-08-09,135,146,746032,18.00,25.70
110,1693,118,2024-08-10,SDP,@,MIA,"W, 9-8 (10)",CG(10),5,5,0,1,0,0,0,1,0,0,0,1,.271,.320,.449,.769,1,0,0,0,0,0,1.67,-0.077,2.47,-0.07%,-0.30,4,3B,,2024-08-10,135,146,746026,5.00,6.50
111,1694,119,2024-08-11,SDP,@,MIA,"L, 6-7",CG,4,4,0,0,0,0,0,0,0,0,0,1,.269,.318,.444,.762,0,1,0,0,0,0,1.04,-0.142,1.54,-0.13%,-1.77,4,3B,,2024-08-11,135,146,746025,0.00,0.00
112,1695,121,2024-08-13,SDP,,PIT,"W, 3-0",CG,4,2,0,1,0,0,0,2,0,0,1,0,.270,.319,.445,.764,1,0,0,0,1,0,0.86,0.017,1.15,0.01%,0.54,4,3B,,2024-08-13,135,134,745382,9.00,13.00
113,1696,122,2024-08-14,SDP,,PIT,"W, 8-2",CG,4,3,1,0,0,0,0,0,0,0,1,1,.268,.319,.442,.760,0,0,0,0,0,0,0.24,0.005,0.31,0.00%,-0.02,4,3B,,2024-08-14,135,134,745381,4.00,6.20
114,1697,123,2024-08-16,SDP,@,COL,"L, 3-7",CG,5,5,0,0,0,0,0,0,0,0,0,1,.265,.315,.437,.752,0,1,0,0,0,0,0.95,-0.156,1.28,-0.13%,-2.54,4,3B,,2024-08-16,135,115,746518,0.00,0.00
115,1698,124,2024-08-17,SDP,@,COL,"W, 8-3",CG,5,4,1,4,1,0,0,0,0,0,1,0,.271,.322,.444,.766,5,0,0,0,0,0,0.52,0.103,0.67,0.08%,2.09,4,DH,,2024-08-17,135,115,746515,18.00,21.20
116,1699,125,2024-08-18,SDP,@,COL,"L, 2-3",CG,4,4,1,1,0,0,1,1,0,0,0,1,.271,.322,.449,.771,4,0,0,0,0,0,1.41,0.009,1.96,0.01%,0.03,4,3B,,2024-08-18,135,115,746516,14.00,18.70
117,1700,126,2024-08-19,SDP,,MIN,"W, 5-3",CG,4,4,0,0,0,0,0,0,0,0,0,1,.269,.319,.445,.764,0,0,0,0,0,0,1.03,-0.099,1.35,-0.08%,-1.55,4,3B,,2024-08-19,135,142,745380,0.00,0.00
118,1701,127,2024-08-20,SDP,,MIN,"W, 7-5",CG,4,4,1,1,0,0,1,2,0,0,0,0,.269,.319,.450,.768,4,0,0,0,0,0,1.23,0.207,1.64,0.17%,0.61,4,3B,,2024-08-20,135,142,745374,16.00,22.20
119,1702,128,2024-08-21,SDP,,MIN,"L, 4-11",GS-6,2,1,0,0,0,0,0,0,0,0,1,1,.268,.319,.449,.768,0,0,0,0,0,0,0.48,0.015,0.60,0.01%,-0.03,4,3B,,2024-08-21,135,142,745375,2.00,3.00
120,1703,129,2024-08-22,SDP,,NYM,"L, 3-8",CG,4,3,0,0,0,0,0,0,1,0,1,1,.266,.319,.446,.765,0,0,0,0,0,0,1.67,-0.070,2.14,-0.05%,-0.60,4,3B,,2024-08-22,135,121,745379,7.00,9.00
121,1704,130,2024-08-23,SDP,,NYM,"W, 7-0",CG,5,5,0,3,0,0,0,1,0,0,0,0,.270,.322,.448,.769,3,0,0,0,0,0,0.16,0.016,0.22,0.01%,0.93,4,3B,,2024-08-23,135,121,745378,11.00,12.50
122,1705,131,2024-08-24,SDP,,NYM,"L, 1-7",CG,4,4,0,0,0,0,0,0,0,0,0,1,.268,.319,.444,.763,0,0,0,0,0,0,0.58,-0.058,0.73,-0.04%,-1.07,4,3B,,2024-08-24,135,121,745377,0.00,0.00
123,1706,132,2024-08-25,SDP,,NYM,"W, 3-2",CG,4,3,0,2,1,0,0,0,0,0,1,0,.270,.322,.447,.770,3,0,0,0,0,0,1.21,0.097,1.66,0.08%,0.91,4,DH,,2024-08-25,135,121,745376,10.00,12.00
124,1707,133,2024-08-26,SDP,@,STL,"W, 7-4",CG,5,4,3,2,1,0,1,3,0,0,1,0,.272,.325,.456,.781,6,0,0,0,0,1,0.68,0.250,0.77,0.17%,2.91,4,3B,,2024-08-26,135,138,745133,29.00,41.10
125,1708,134,2024-08-27,SDP,@,STL,"W, 7-5",CG,4,4,1,1,0,0,1,1,0,0,0,0,.272,.324,.461,.785,4,0,0,0,0,0,1.11,0.006,1.24,0.00%,0.17,4,3B,,2024-08-27,135,138,745132,14.00,18.70
126,1709,135,2024-08-28,SDP,@,STL,"L, 3-4",CG,5,5,0,2,1,0,0,1,1,0,0,1,.273,.325,.462,.787,3,0,0,0,0,0,2.01,-0.049,2.59,-0.04%,0.86,4,3B,,2024-08-28,135,138,745134,15.00,18.50
127,1710,136,2024-08-29,SDP,@,STL,"L, 1-4",CG,4,4,0,0,0,0,0,0,0,0,0,0,.271,.323,.458,.781,0,0,0,0,0,0,1.03,-0.106,1.21,-0.08%,-0.97,4,3B,,2024-08-29,135,138,745135,0.00,0.00
128,1711,137,2024-08-30,SDP,@,TBR,"W, 13-5",CG,5,5,2,3,0,0,1,4,0,0,0,0,.274,.325,.466,.791,6,0,0,0,0,0,0.61,0.189,0.68,0.13%,3.67,4,DH,,2024-08-30,135,139,745052,28.00,38.40
129,1712,138,2024-08-31,SDP,@,TBR,"L, 4-11",CG,5,4,0,1,0,0,0,0,0,0,1,0,.274,.326,.464,.790,1,0,0,0,0,0,0.39,-0.005,0.44,0.00%,-0.87,4,3B,,2024-08-31,135,139,745050,5.00,6.00
130,1713,139,2024-09-01,SDP,@,TBR,"W, 4-3",CG,5,4,0,1,0,0,0,0,0,0,1,1,.274,.327,.462,.789,1,0,0,0,0,0,1.43,0.128,1.55,0.08%,-0.10,4,3B,,2024-09-01,135,139,745048,5.00,6.00
131,1714,140,2024-09-02,SDP,,DET,"W, 3-0",CG,4,4,0,1,0,0,0,1,0,0,0,1,.274,.326,.461,.787,1,0,0,0,0,0,0.68,-0.023,0.78,-0.02%,0.35,4,3B,,2024-09-02,135,116,745373,5.00,6.50
132,1715,141,2024-09-04,SDP,,DET,"W, 6-5 (10)",CG(10),5,5,0,1,0,0,0,2,0,0,0,0,.273,.325,.458,.783,1,0,0,0,0,0,1.77,-0.009,1.83,-0.01%,-0.24,4,3B,,2024-09-04,135,116,745370,7.00,10.00
133,1716,142,2024-09-05,SDP,,DET,"L, 3-4",CG,4,4,0,0,0,0,0,0,0,0,0,1,.271,.323,.455,.777,0,0,0,0,0,0,1.18,-0.119,1.40,-0.09%,-0.94,4,3B,,2024-09-05,135,116,745369,0.00,0.00
134,1717,143,2024-09-06,SDP,,SFG,"W, 5-1",CG,4,4,2,3,0,0,2,3,1,0,0,1,.274,.326,.468,.794,9,0,0,0,0,0,0.40,0.135,0.45,0.09%,3.00,4,3B,,2024-09-06,135,137,745371,38.00,49.90
135,1718,144,2024-09-07,SDP,,SFG,"L, 3-6",CG,4,4,0,2,0,0,0,1,0,0,0,1,.276,.327,.469,.795,2,0,0,0,0,0,2.04,0.027,2.63,0.02%,0.86,4,3B,,2024-09-07,135,137,745372,8.00,9.50
136,1719,145,2024-09-08,SDP,,SFG,"L, 6-7",CG,4,2,0,0,0,0,0,0,0,0,2,0,.275,.328,.467,.795,0,0,0,0,0,0,0.60,-0.034,0.71,-0.02%,-0.03,4,3B,,2024-09-08,135,137,745368,4.00,6.00
137,1720,146,2024-09-10,SDP,@,SEA,"W, 7-3",CG,5,5,1,2,0,0,1,4,0,0,0,1,.276,.329,.472,.801,5,0,0,0,0,0,0.71,0.163,0.85,0.12%,2.36,4,3B,,2024-09-10,135,136,745210,23.00,32.20
138,1721,147,2024-09-11,SDP,@,SEA,"L, 2-5",CG,4,4,0,0,0,0,0,0,0,0,0,2,.274,.326,.468,.795,0,0,0,0,0,0,0.72,-0.072,0.92,-0.06%,-0.90,4,3B,,2024-09-11,135,136,745214,0.00,0.00
139,1722,148,2024-09-13,SDP,@,SFG,"W, 5-0",CG,5,5,1,2,1,0,0,1,0,0,0,0,.275,.327,.470,.797,3,0,0,0,0,0,0.44,0.011,0.52,0.01%,0.45,4,3B,,2024-09-13,135,137,745286,12.00,15.70
140,1723,149,2024-09-14,SDP,@,SFG,"W, 8-0",GS-9,5,5,0,2,1,0,0,3,0,0,0,2,.277,.328,.471,.798,3,0,0,0,0,0,0.68,0.159,0.87,0.12%,1.98,4,3B,,2024-09-14,135,137,745284,14.00,19.50
141,1724,150,2024-09-15,SDP,@,SFG,"W, 4-3 (10)",CG(10),4,3,0,0,0,0,0,1,0,0,0,1,.275,.326,.468,.794,0,0,0,0,1,0,1.17,-0.030,1.58,-0.03%,-0.62,4,DH,,2024-09-15,135,137,745287,2.00,3.50
142,1725,151,2024-09-16,SDP,,HOU,"W, 3-1",CG,4,4,0,2,1,0,0,1,0,1,0,1,.277,.327,.470,.797,3,0,0,0,0,0,0.78,0.041,0.94,0.03%,0.02,4,3B,,2024-09-16,135,117,745367,10.00,12.50
143,1726,152,2024-09-17,SDP,,HOU,"L, 3-4 (10)",CG(10),5,5,1,2,0,0,1,2,0,0,0,1,.278,.327,.475,.802,5,0,0,0,0,0,3.62,-0.181,3.91,-0.12%,0.33,4,3B,,2024-09-17,135,117,745366,19.00,25.20
144,1727,153,2024-09-18,SDP,,HOU,"W, 4-0",CG,4,4,2,2,0,0,2,2,0,0,0,1,.279,.328,.486,.814,8,0,0,0,0,0,1.04,0.123,1.15,0.08%,1.29,3,3B,,2024-09-18,135,117,745365,28.00,37.40
145,1728,154,2024-09-20,SDP,,CHW,"W, 3-2 (10)",CG(10),4,4,1,1,0,0,0,0,1,0,0,2,.279,.328,.484,.812,1,0,0,0,0,0,1.12,0.010,1.21,0.01%,-0.13,4,3B,,2024-09-20,135,145,745364,10.00,12.20
146,1729,155,2024-09-21,SDP,,CHW,"W, 6-2",CG,4,4,0,0,0,0,0,0,0,0,0,3,.277,.326,.481,.806,0,0,0,0,0,0,0.68,-0.069,0.61,-0.04%,-1.36,4,3B,,2024-09-21,135,145,745360,0.00,0.00
147,1730,156,2024-09-22,SDP,,CHW,"W, 4-2",CG,4,3,0,0,0,0,0,0,0,0,1,1,.276,.325,.478,.803,0,0,0,0,0,0,1.26,0.002,1.61,0.00%,-0.44,4,3B,,2024-09-22,135,145,745358,2.00,3.00
148,1731,157,2024-09-24,SDP,@,LAD,"W, 4-2",CG,4,4,0,1,1,0,0,0,0,0,0,1,.276,.325,.478,.803,2,0,0,0,0,0,0.70,-0.065,1.50,-0.08%,-0.48,4,3B,,2024-09-24,135,119,746093,5.00,6.00
149,1732,158,2024-09-25,SDP,@,LAD,"L, 3-4",CG,4,2,1,0,0,0,0,0,1,0,2,1,.275,.326,.477,.803,0,0,0,0,0,0,1.28,0.001,4.33,0.00%,0.29,4,3B,,2024-09-25,135,119,746095,11.00,15.20
150,1733,159,2024-09-26,SDP,@,LAD,"L, 2-7",CG,4,4,0,3,0,0,0,0,0,0,0,0,.278,.329,.479,.807,3,0,0,0,0,0,1.13,0.092,1.74,0.09%,0.90,4,3B,,2024-09-26,135,119,746088,9.00,9.00
151,1734,160,2024-09-27,SDP,@,ARI,"W, 5-3",CG,5,5,1,1,0,0,0,1,0,0,0,1,.277,.328,.476,.804,1,0,0,0,0,0,0.74,0.041,0.47,0.02%,0.12,4,3B,,2024-09-27,135,109,747145,7.00,9.70
152,1735,161,2024-09-28,SDP,@,ARI,"W, 5-0",CG,5,5,0,0,0,0,0,0,0,0,0,1,.275,.325,.472,.797,0,0,0,0,0,0,1.14,-0.147,0.08,-0.01%,-1.25,3,3B,,2024-09-28,135,109,747146,0.00,0.00
