Rk,Gcar,Gtm,Date,Tm,Unnamed: 5,Opp,Rslt,Inngs,PA,AB,R,H,2B,3B,HR,RBI,BB,IBB,SO,HBP,SH,SF,ROE,GDP,SB,CS,BA,OBP,SLG,OPS,BOP,aLI,WPA,acLI,cWPA,RE24,DFS(DK),DFS(FD),Pos,dbl,game_date,team_id,opp_id,game_id
1,1,17 (16),2022-04-26,PIT,,MIL,"L,8-12",CG,5,5,1,1,0,0,0,0,0,0.0,0,0,0,0.0,1,0.0,0,0,0.2,0.2,0.2,0.4,8,0.76,-0.056,0.78,-0.03%,-0.25,5.0,6.2,RF,,2022-04-26,134,158,662297
2,2,18,2022-04-27,PIT,,MIL,"L,1-3",CG,3,3,0,0,0,0,0,0,0,0.0,1,0,0,0.0,0,0.0,0,0,0.125,0.125,0.125,0.25,8,1.11,-0.085,1.1,-0.05%,-0.62,0.0,0.0,RF,,2022-04-27,134,158,662289
3,3,19,2022-04-28,PIT,,MIL,"L,2-3",CG,4,4,0,1,0,0,0,1,0,0.0,1,0,0,0.0,0,0.0,0,0,0.167,0.167,0.167,0.333,6,1.53,0.058,1.39,0.03%,0.5,5.0,6.5,RF,,2022-04-28,134,158,662295
4,4,20,2022-04-29,PIT,,SDP,"L,3-7",CG,4,4,0,1,0,0,0,0,0,0.0,1,0,0,0.0,0,0.0,0,0,0.188,0.188,0.188,0.375,6,1.28,-0.051,0.98,-0.02%,-0.56,3.0,3.0,RF,,2022-04-29,134,135,662296
5,5,21,2022-04-30,PIT,,SDP,"W,7-6",CG(10),4,4,0,0,0,0,0,0,0,0.0,0,0,0,0.0,0,0.0,0,0,0.15,0.15,0.15,0.3,6,1.01,-0.1,0.74,-0.04%,-0.72,0.0,0.0,RF,,2022-04-30,134,135,662288
6,6,22,2022-05-01,PIT,,SDP,"L,2-5",GS-9,3,3,1,2,0,0,0,0,0,0.0,0,0,0,0.0,0,0.0,0,0,0.217,0.217,0.217,0.435,7,0.97,0.013,0.78,0.01%,0.2,8.0,9.2,RF,,2022-05-01,134,135,662293
7,7,23,2022-05-04,PIT,@,DET,"L,2-3",GS-7,2,2,0,0,0,0,0,0,0,0.0,0,0,0,0.0,0,1.0,0,0,0.2,0.2,0.2,0.4,7,1.38,-0.107,0.94,-0.04%,-0.97,0.0,0.0,RF,1.0,2022-05-04,134,116,662838
8,8,25 (1),2022-05-07,PIT,@,CIN,"L,2-9",9-GF,1,1,0,0,0,0,0,0,0,0.0,1,0,0,0.0,0,0.0,0,0,0.192,0.192,0.192,0.385,7,0.01,0.0,0.01,0.00%,-0.17,0.0,0.0,PH,1.0,2022-05-07,134,113,663089
9,9,26,2022-05-07,PIT,@,CIN,"W,8-5",CG,5,3,1,1,1,0,0,1,1,0.0,1,1,0,0.0,0,0.0,0,0,0.207,0.258,0.241,0.499,7,0.64,0.11,0.39,0.04%,0.87,13.0,18.7,RF,2.0,2022-05-07,134,113,663070
10,10,27,2022-05-08,PIT,@,CIN,"L,3-7",CG,3,3,1,1,0,0,0,0,0,0.0,0,0,0,0.0,0,0.0,0,0,0.219,0.265,0.25,0.515,7,0.76,-0.036,0.5,-0.01%,-0.43,5.0,6.2,RF,,2022-05-08,134,113,663069
11,11,28,2022-05-09,PIT,,LAD,"W,5-1",CG,4,4,1,1,0,0,1,2,0,0.0,1,0,0,0.0,0,1.0,0,0,0.222,0.263,0.333,0.596,7,0.88,-0.133,0.6,-0.06%,-0.16,16.0,22.2,CF RF,,2022-05-09,134,119,662287
12,12,29,2022-05-10,PIT,,LAD,"L,1-11",CG,4,3,0,0,0,0,0,0,1,0.0,1,0,0,0.0,1,0.0,0,0,0.205,0.262,0.308,0.57,7,0.19,-0.018,0.13,-0.01%,0.78,2.0,3.0,CF RF,,2022-05-10,134,119,662292
13,13,30,2022-05-11,PIT,,LAD,"W,5-3",CG,4,3,1,2,1,0,1,1,1,0.0,1,0,0,0.0,0,0.0,0,0,0.238,0.304,0.429,0.733,6,1.14,0.228,0.73,0.09%,1.76,21.0,27.7,RF,,2022-05-11,134,119,662385
14,14,31,2022-05-12,PIT,,CIN,"L,0-4",CG,3,2,0,0,0,0,0,0,1,0.0,0,0,0,0.0,0,0.0,0,0,0.227,0.306,0.409,0.715,6,1.18,-0.02,0.8,-0.01%,-0.01,2.0,3.0,RF,,2022-05-12,134,113,662372
15,15,32,2022-05-13,PIT,,CIN,"L,2-8",CG,4,4,0,0,0,0,0,0,0,0.0,3,0,0,0.0,0,0.0,0,0,0.208,0.283,0.375,0.658,6,0.68,-0.072,0.43,-0.03%,-0.84,0.0,0.0,RF,,2022-05-13,134,113,662494
16,16,33,2022-05-14,PIT,,CIN,"W,3-1",CG,3,3,1,0,0,0,0,0,0,0.0,1,0,0,0.0,0,0.0,0,0,0.196,0.268,0.353,0.621,6,0.94,0.048,0.55,0.02%,0.15,2.0,3.2,CF,,2022-05-14,134,113,662384
17,17,34,2022-05-15,PIT,,CIN,"W,1-0",CG,3,3,0,0,0,0,0,0,0,0.0,2,0,0,0.0,0,0.0,0,0,0.185,0.254,0.333,0.588,7,1.03,-0.078,0.67,-0.03%,-0.49,0.0,0.0,RF,,2022-05-15,134,113,662519
18,18,35,2022-05-16,PIT,@,CHC,"L,0-9",CG,3,3,0,0,0,0,0,0,0,0.0,1,0,0,0.0,0,0.0,0,0,0.175,0.242,0.316,0.558,8,0.06,-0.005,0.04,0.00%,-0.72,0.0,0.0,LF RF,,2022-05-16,134,112,663151
19,19,36,2022-05-17,PIT,@,CHC,"L,0-7",CG,3,3,0,1,0,0,0,0,0,0.0,1,0,0,0.0,0,0.0,0,0,0.183,0.246,0.317,0.563,9,0.43,0.015,0.28,0.01%,-0.34,3.0,3.0,RF,,2022-05-17,134,112,663157
20,20,37,2022-05-18,PIT,@,CHC,"W,3-2",CG,4,4,1,1,0,0,1,1,0,0.0,2,0,0,0.0,0,0.0,0,0,0.188,0.246,0.359,0.606,9,0.95,0.075,0.58,0.03%,0.3,14.0,18.7,LF RF,,2022-05-18,134,112,663156
21,21,38,2022-05-20,PIT,,STL,"L,3-5",CG,4,4,0,0,0,0,0,0,0,0.0,2,0,0,0.0,0,0.0,0,0,0.176,0.233,0.338,0.571,7,1.31,-0.128,0.88,-0.05%,-0.97,0.0,0.0,RF,,2022-05-20,134,138,662506
22,22,39,2022-05-21,PIT,,STL,"L,4-5",CG,4,4,0,0,0,0,0,0,0,0.0,1,0,0,0.0,0,0.0,0,0,0.167,0.221,0.319,0.54,9,1.3,-0.133,0.8,-0.05%,-0.73,0.0,0.0,RF,,2022-05-21,134,138,662478
23,23,40,2022-05-22,PIT,,STL,"L,4-18",6-GF,2,2,1,1,0,0,1,2,0,0.0,1,0,0,0.0,0,0.0,0,0,0.176,0.228,0.365,0.593,2,0.0,0.0,0.0,0.00%,1.65,16.0,22.2,CF,,2022-05-22,134,138,662479
24,24,41,2022-05-23,PIT,,COL,"W,2-1",CG,3,3,0,1,1,0,0,0,0,0.0,0,0,0,0.0,0,0.0,0,0,0.182,0.232,0.377,0.608,8,1.38,-0.017,0.62,-0.01%,-0.12,5.0,6.0,RF,,2022-05-23,134,115,662455
25,25,42,2022-05-24,PIT,,COL,"L,1-2",10-GF(10),0,0,0,0,0,0,0,0,0,,0,0,0,,0,,0,0,0.182,0.232,0.377,0.608,9,,,,,,0.0,0.0,PR,,2022-05-24,134,115,662454
26,26,43,2022-05-25,PIT,,COL,"W,10-5",CG,4,3,2,1,0,0,1,3,1,0.0,1,0,0,0.0,0,0.0,1,0,0.188,0.244,0.413,0.657,8,0.89,0.305,0.39,0.08%,2.5,27.0,37.9,LF,,2022-05-25,134,115,662453
27,27,44,2022-05-27,PIT,@,SDP,"L,3-4",CG,3,3,0,0,0,0,0,0,0,0.0,1,0,0,0.0,0,0.0,0,0,0.181,0.236,0.398,0.634,9,1.16,-0.092,0.59,-0.03%,-0.78,0.0,0.0,LF,,2022-05-27,134,135,662281
28,28,45,2022-05-28,PIT,@,SDP,"W,4-2",CG,4,4,0,1,0,0,0,0,0,0.0,3,0,0,0.0,0,0.0,0,0,0.184,0.237,0.391,0.627,7,1.99,-0.092,0.89,-0.02%,-0.29,3.0,3.0,DH,,2022-05-28,134,135,662280
29,29,46,2022-05-29,PIT,@,SDP,"L,2-4",CG(10),4,2,0,0,0,0,0,0,2,0.0,0,0,0,0.0,0,0.0,0,0,0.18,0.247,0.382,0.629,6,1.2,-0.019,0.62,-0.01%,0.06,4.0,6.0,CF,,2022-05-29,134,135,662279
30,30,47,2022-05-30,PIT,@,LAD,"W,6-5",CG,4,4,1,1,0,0,0,0,0,0.0,0,0,0,0.0,0,0.0,0,0,0.183,0.248,0.376,0.624,5,1.06,-0.008,0.47,0.00%,-0.42,5.0,6.2,RF,,2022-05-30,134,119,662743
31,31,48,2022-05-31,PIT,@,LAD,"W,5-3",CG,4,4,0,1,0,0,0,0,0,0.0,2,0,0,0.0,0,0.0,0,0,0.186,0.248,0.371,0.619,7,0.66,-0.037,0.3,-0.01%,-0.78,3.0,3.0,RF,,2022-05-31,134,119,662735
32,32,50 (1),2022-06-03,PIT,,ARI,"L,6-8",CG,4,4,1,3,0,0,0,1,0,0.0,1,0,0,0.0,0,0.0,0,0,0.208,0.266,0.386,0.652,6,1.02,0.163,0.59,0.06%,1.18,13.0,15.7,LF RF,,2022-06-03,134,109,662452
33,33,51,2022-06-04,PIT,,ARI,"W,2-1",CG,4,4,1,1,0,0,1,2,0,0.0,0,0,0,0.0,0,0.0,0,0,0.21,0.265,0.41,0.675,3,2.0,0.606,1.05,0.19%,1.21,16.0,22.2,LF,,2022-06-04,134,109,662451
34,34,52,2022-06-05,PIT,,ARI,"W,3-0",CG,4,4,1,3,2,0,0,0,0,0.0,0,0,0,0.0,0,0.0,1,0,0.229,0.282,0.44,0.722,5,0.66,0.11,0.38,0.04%,1.19,20.0,24.2,LF,,2022-06-05,134,109,662450
35,35,53,2022-06-07,PIT,,DET,"L,3-5",CG,4,3,1,1,0,0,0,0,0,0.0,1,1,0,0.0,0,0.0,0,0,0.232,0.289,0.438,0.727,3,1.14,-0.05,0.66,-0.02%,-0.25,7.0,9.2,LF,,2022-06-07,134,116,662449
36,36,54,2022-06-08,PIT,,DET,"L,1-3",GS-9,3,3,1,1,0,0,1,1,0,0.0,2,0,0,0.0,0,0.0,0,0,0.235,0.29,0.461,0.751,3,1.11,0.085,0.59,0.03%,0.61,14.0,18.7,LF,,2022-06-08,134,116,662448
37,37,55,2022-06-09,PIT,@,ATL,"L,1-3",CG,4,4,1,1,0,0,1,1,0,0.0,2,0,0,0.0,0,0.0,0,0,0.235,0.289,0.479,0.768,6,0.62,0.031,0.34,0.01%,0.54,14.0,18.7,RF,,2022-06-09,134,144,661514
38,38,56,2022-06-10,PIT,@,ATL,"L,2-4",7-GF,2,2,0,0,0,0,0,0,0,0.0,2,0,0,0.0,0,0.0,0,0,0.231,0.285,0.471,0.756,9,0.44,-0.024,0.22,-0.01%,-0.34,0.0,0.0,PH LF,,2022-06-10,134,144,661513
39,39,57,2022-06-11,PIT,@,ATL,"L,4-10",CG,4,2,0,0,0,0,0,0,2,0.0,1,0,0,0.0,0,0.0,0,0,0.228,0.291,0.463,0.754,6,0.5,-0.02,0.22,-0.01%,-0.02,4.0,6.0,LF,,2022-06-11,134,144,661160
40,40,58,2022-06-12,PIT,@,ATL,"L,3-5",CG,4,4,0,0,0,0,0,0,0,0.0,3,0,0,0.0,0,0.0,0,0,0.22,0.283,0.449,0.731,5,1.68,-0.158,0.65,-0.04%,-1.14,0.0,0.0,LF,,2022-06-12,134,144,661144
41,41,59,2022-06-13,PIT,@,STL,"L,5-7",CG,4,3,0,0,0,0,0,0,1,0.0,2,0,0,0.0,0,0.0,0,0,0.215,0.282,0.438,0.72,7,0.75,-0.035,0.27,-0.01%,-0.4,2.0,3.0,RF,,2022-06-13,134,138,661974
42,42,60,2022-06-14,PIT,@,STL,"L,1-3",CG,4,4,0,1,0,0,0,0,0,0.0,2,0,0,0.0,0,0.0,0,0,0.216,0.281,0.433,0.714,6,0.95,0.002,0.3,0.00%,0.13,3.0,3.0,CF,1.0,2022-06-14,134,138,662018
43,43,61,2022-06-14,PIT,@,STL,"L,1-9",CG,4,4,0,0,0,0,0,0,0,0.0,1,0,0,0.0,0,0.0,0,0,0.21,0.273,0.42,0.694,3,0.21,-0.019,0.06,0.00%,-0.81,0.0,0.0,CF RF,2.0,2022-06-14,134,138,661973
44,44,62,2022-06-15,PIT,@,STL,"W,6-4",7-GF,1,1,0,0,0,0,0,0,0,0.0,1,0,0,0.0,0,0.0,0,0,0.209,0.272,0.417,0.689,7,0.45,-0.013,0.1,0.00%,-0.22,0.0,0.0,LF,,2022-06-15,134,138,661972
45,45,63,2022-06-17,PIT,,SFG,"L,0-2",CG,3,3,0,1,0,0,0,0,0,0.0,0,0,0,0.0,0,1.0,0,0,0.211,0.273,0.415,0.688,6,0.82,-0.055,0.19,-0.01%,-0.49,3.0,3.0,LF,,2022-06-17,134,137,662437
46,46,64,2022-06-18,PIT,,SFG,"L,5-7",CG,4,3,0,1,0,0,0,0,1,0.0,1,0,0,0.0,0,0.0,0,0,0.214,0.278,0.414,0.692,5,1.13,0.016,0.19,0.00%,-0.08,5.0,6.0,LF,,2022-06-18,134,137,661123
47,47,65,2022-06-19,PIT,,SFG,"W,4-3",CG,4,3,3,3,0,0,3,3,1,0.0,0,0,0,0.0,0,0.0,0,0,0.23,0.296,0.486,0.783,5,1.3,0.737,0.17,0.06%,3.37,44.0,59.1,LF,,2022-06-19,134,137,661122
48,48,66,2022-06-20,PIT,,CHC,"W,12-1",CG,5,4,2,1,1,0,0,0,1,0.0,2,0,0,0.0,0,0.0,0,0,0.23,0.299,0.487,0.786,3,0.24,0.016,0.04,0.00%,1.15,11.0,15.4,LF CF,,2022-06-20,134,112,661121
49,49,67,2022-06-21,PIT,,CHC,"W,7-1",CG,4,2,2,0,0,0,0,0,2,0.0,2,0,0,0.0,0,0.0,0,0,0.227,0.304,0.481,0.785,3,0.4,0.003,0.07,0.00%,0.1,8.0,12.4,LF,,2022-06-21,134,112,661124
50,50,68,2022-06-22,PIT,,CHC,"L,5-14",7-GF,2,2,0,0,0,0,0,0,0,0.0,2,0,0,0.0,0,0.0,0,0,0.224,0.301,0.474,0.775,2,0.02,-0.001,0.01,0.00%,-1.23,0.0,0.0,CF,,2022-06-22,134,112,661107
51,51,69,2022-06-23,PIT,,CHC,"W,8-7",CG(10),4,4,0,0,0,0,0,0,0,0.0,1,0,0,0.0,0,0.0,0,0,0.219,0.294,0.463,0.756,5,0.94,-0.095,0.16,-0.01%,-0.85,0.0,0.0,LF,,2022-06-23,134,112,661106
52,52,70,2022-06-24,PIT,@,TBR,"L,3-4",CG(10),5,5,0,0,0,0,0,0,0,0.0,3,0,0,0.0,0,0.0,0,0,0.212,0.286,0.448,0.734,1,1.54,-0.201,0.28,-0.02%,-1.27,0.0,0.0,LF,,2022-06-24,134,139,661888
53,53,71,2022-06-25,PIT,@,TBR,"L,5-6",CG,4,3,1,1,0,0,1,3,1,1.0,1,0,0,0.0,0,0.0,0,0,0.214,0.29,0.464,0.755,6,1.46,0.349,0.26,0.04%,2.12,20.0,28.7,LF,,2022-06-25,134,139,661887
54,54,72,2022-06-26,PIT,@,TBR,"L,2-4",CG,4,3,0,0,0,0,0,0,1,0.0,1,0,0,0.0,0,0.0,0,0,0.211,0.289,0.456,0.746,6,0.87,-0.052,0.11,0.00%,-0.42,2.0,3.0,CF,,2022-06-26,134,139,661886
55,55,73,2022-06-27,PIT,@,WSN,"L,2-3",CG,4,4,0,1,1,0,0,0,0,0.0,0,0,0,0.0,0,0.0,0,0,0.211,0.289,0.457,0.746,6,1.46,-0.024,0.19,0.00%,0.15,5.0,6.0,LF,,2022-06-27,134,120,662487
56,56,74,2022-06-28,PIT,@,WSN,"L,1-3",CG,4,4,0,0,0,0,0,0,0,0.0,2,0,0,0.0,0,0.0,0,0,0.207,0.283,0.447,0.73,7,0.96,-0.093,0.09,-0.01%,-0.62,0.0,0.0,LF,,2022-06-28,134,120,662484
57,57,75,2022-06-29,PIT,@,WSN,"W,8-7",CG,4,3,1,1,0,0,0,0,0,0.0,2,1,0,0.0,0,0.0,0,0,0.209,0.287,0.445,0.732,7,1.72,-0.01,0.15,0.00%,0.21,7.0,9.2,LF,,2022-06-29,134,120,662493
58,58,76,2022-06-30,PIT,,MIL,"W,8-7",CG,4,3,3,2,0,0,1,1,1,0.0,1,0,0,0.0,0,0.0,0,0,0.216,0.296,0.465,0.761,7,0.52,0.125,0.05,0.01%,1.36,23.0,31.1,LF,,2022-06-30,134,158,661105
59,59,77,2022-07-01,PIT,,MIL,"L,2-19",CG,4,2,0,0,0,0,0,0,1,0.0,1,1,0,0.0,0,0.0,0,0,0.214,0.3,0.46,0.76,7,0.1,0.007,0.02,0.00%,0.16,4.0,6.0,LF CF,,2022-07-01,134,158,661104
60,60,78,2022-07-02,PIT,,MIL,"W,7-4",7-GF,0,0,0,0,0,0,0,0,0,,0,0,0,,0,,0,0,0.214,0.3,0.46,0.76,9,,,,,,0.0,0.0,LF,,2022-07-02,134,158,661103
61,61,79,2022-07-03,PIT,,MIL,"L,0-2",CG,4,3,0,2,2,0,0,0,1,0.0,1,0,0,0.0,0,0.0,0,0,0.221,0.308,0.474,0.782,7,1.17,0.167,0.13,0.01%,0.97,12.0,15.0,LF,,2022-07-03,134,158,661102
62,62,80,2022-07-05,PIT,,NYY,"W,5-2",CG,4,4,2,2,0,0,1,2,0,0.0,0,0,0,0.0,0,0.0,0,0,0.227,0.312,0.49,0.802,3,0.48,0.117,0.04,0.01%,1.43,21.0,28.4,LF,,2022-07-05,134,147,662329
63,63,81,2022-07-06,PIT,,NYY,"L,0-16",CG,4,4,0,0,0,0,0,0,0,0.0,2,0,0,0.0,0,0.0,0,0,0.222,0.306,0.48,0.786,3,0.85,-0.101,0.07,-0.01%,-1.45,0.0,0.0,LF,,2022-07-06,134,147,662328
64,64,82,2022-07-07,PIT,@,CIN,"W,4-2",CG,4,4,0,0,0,0,0,0,0,0.0,1,0,0,0.0,0,0.0,0,0,0.218,0.301,0.47,0.771,6,0.81,-0.078,0.07,0.00%,-1.13,0.0,0.0,CF,1.0,2022-07-07,134,113,663071
65,65,83,2022-07-07,PIT,@,CIN,"L,1-5",CG,4,3,0,0,0,0,0,0,1,0.0,2,0,0,0.0,0,0.0,0,1,0.215,0.3,0.463,0.763,5,1.2,-0.113,0.12,-0.01%,-1.25,2.0,3.0,LF,2.0,2022-07-07,134,113,663140
66,66,84,2022-07-08,PIT,@,MIL,"L,3-4",CG,4,3,0,0,0,0,0,0,1,0.0,2,0,0,0.0,0,0.0,0,0,0.212,0.299,0.457,0.756,6,1.3,-0.1,0.13,-0.01%,-0.53,2.0,3.0,LF,,2022-07-08,134,158,661177
67,67,85,2022-07-09,PIT,@,MIL,"W,4-3",CG,4,4,0,0,0,0,0,0,0,0.0,1,0,0,0.0,0,0.0,0,0,0.208,0.294,0.448,0.742,4,1.29,-0.131,0.08,-0.01%,-1.06,0.0,0.0,LF CF,,2022-07-09,134,158,661224
68,68,86,2022-07-10,PIT,@,MIL,"W,8-6",7-GF,2,2,0,0,0,0,0,0,0,0.0,1,0,0,0.0,0,0.0,0,0,0.206,0.292,0.444,0.736,2,1.21,-0.056,0.12,0.00%,-0.67,0.0,0.0,PH CF,,2022-07-10,134,158,661178
69,69,87,2022-07-11,PIT,@,MIA,"W,5-1",8-GF,1,1,0,0,0,0,0,0,0,0.0,0,0,0,0.0,0,0.0,0,0,0.205,0.29,0.442,0.732,5,0.18,-0.005,0.02,0.00%,-0.77,0.0,0.0,LF,,2022-07-11,134,146,661324
70,70,88,2022-07-12,PIT,@,MIA,"W,3-2",CG,4,4,0,0,0,0,0,0,0,0.0,0,0,0,0.0,0,1.0,0,0,0.201,0.286,0.434,0.72,6,1.05,-0.118,0.13,-0.01%,-1.21,0.0,0.0,LF,,2022-07-12,134,146,661377
71,71,89,2022-07-13,PIT,@,MIA,"L,4-5",CG(10),4,2,1,0,0,0,0,0,2,0.0,0,0,0,0.0,0,0.0,0,1,0.199,0.289,0.43,0.719,7,1.69,-0.162,0.23,-0.01%,-0.73,6.0,9.2,LF,,2022-07-13,134,146,661376
72,72,90,2022-07-14,PIT,@,MIA,"L,2-3",8-GF(11),1,1,0,0,0,0,0,0,0,0.0,0,0,0,0.0,0,0.0,0,0,0.198,0.288,0.428,0.716,5,3.94,-0.018,0.52,0.00%,-0.18,0.0,0.0,PR LF,,2022-07-14,134,146,661375
73,73,128 (37),2022-08-29,PIT,@,MIL,"L,5-7",CG,4,3,0,1,0,0,0,0,1,0.0,1,0,0,0.0,0,0.0,0,0,0.2,0.291,0.427,0.718,6,0.71,-0.022,0.0,0.00%,-0.2,5.0,6.0,LF,,2022-08-29,134,158,661167
74,74,129,2022-08-30,PIT,@,MIL,"W,4-2",CG,4,4,0,0,0,0,0,0,0,0.0,1,0,0,0.0,0,1.0,0,0,0.197,0.287,0.419,0.706,6,1.41,-0.162,0.0,0.00%,-1.54,0.0,0.0,RF,,2022-08-30,134,158,661166
75,75,131 (1),2022-09-02,PIT,,TOR,"L,0-4",CG,4,4,0,2,0,0,0,0,0,0.0,0,0,0,0.0,0,0.0,0,0,0.202,0.29,0.421,0.711,4,0.74,0.058,0.0,0.00%,0.32,6.0,6.0,RF,,2022-09-02,134,141,662356
76,76,132,2022-09-03,PIT,,TOR,"L,1-4",CG,4,4,0,0,0,0,0,0,0,0.0,3,0,0,0.0,0,0.0,0,0,0.198,0.286,0.414,0.699,4,1.21,-0.126,0.0,0.00%,-1.11,0.0,0.0,LF,,2022-09-03,134,141,662286
77,77,133,2022-09-04,PIT,,TOR,"L,3-4",CG,4,4,0,1,0,0,0,0,0,0.0,1,0,0,0.0,0,0.0,0,0,0.199,0.285,0.411,0.696,5,1.67,0.054,0.0,0.00%,-0.3,3.0,3.0,LF,,2022-09-04,134,141,662299
78,78,134,2022-09-06,PIT,,NYM,"W,8-2",CG,4,4,0,2,0,0,0,0,0,0.0,2,0,0,0.0,0,0.0,0,0,0.204,0.288,0.412,0.701,7,0.5,0.055,0.0,0.00%,0.31,6.0,6.0,LF,,2022-09-06,134,121,662282
79,79,135,2022-09-07,PIT,,NYM,"L,1-5",CG,4,4,0,0,0,0,0,0,0,0.0,1,0,0,0.0,0,0.0,0,0,0.201,0.284,0.406,0.69,4,0.78,-0.081,0.0,0.00%,-1.12,0.0,0.0,CF,1.0,2022-09-07,134,121,662283
80,80,136,2022-09-07,PIT,,NYM,"L,0-10",CG,3,2,0,0,0,0,0,0,1,0.0,0,0,0,0.0,0,0.0,0,0,0.199,0.285,0.402,0.687,6,0.23,-0.006,0.0,0.00%,0.0,2.0,3.0,LF CF,2.0,2022-09-07,134,121,662285
81,81,137,2022-09-09,PIT,,STL,"W,8-2",CG,4,3,1,1,0,0,0,0,1,0.0,1,0,0,0.0,0,0.0,0,0,0.201,0.288,0.402,0.689,6,0.66,-0.01,0.0,0.00%,0.0,7.0,9.2,LF,,2022-09-09,134,138,662284
82,82,138,2022-09-10,PIT,,STL,"L,5-7",CG,4,4,1,3,0,0,1,2,0,0.0,0,0,0,0.0,0,0.0,0,0,0.209,0.294,0.419,0.713,6,1.09,0.167,0.0,0.00%,2.11,22.0,28.2,LF,,2022-09-10,134,138,662265
83,83,139,2022-09-11,PIT,,STL,"L,3-4",CG,4,4,1,1,0,0,1,1,0,0.0,1,0,0,0.0,0,0.0,0,0,0.21,0.294,0.427,0.721,6,1.04,0.013,0.0,0.00%,0.38,14.0,18.7,LF,,2022-09-11,134,138,662325
84,84,140,2022-09-12,PIT,@,CIN,"W,6-3",CG,5,5,0,0,0,0,0,0,0,0.0,1,0,0,0.0,0,0.0,1,0,0.206,0.289,0.419,0.708,6,0.93,-0.096,0.0,0.00%,-1.38,5.0,6.0,RF,,2022-09-12,134,113,663085
85,85,141,2022-09-13,PIT,@,CIN,"W,6-1",CG,5,5,0,0,0,0,0,0,0,0.0,4,0,0,0.0,0,0.0,0,0,0.202,0.284,0.412,0.696,4,0.58,-0.076,0.0,0.00%,-1.31,0.0,0.0,CF,1.0,2022-09-13,134,113,663158
86,86,142,2022-09-13,PIT,@,CIN,"W,1-0",9-GF,0,0,0,0,0,0,0,0,0,,0,0,0,,0,,0,0,0.202,0.284,0.412,0.696,6,,,,,,0.0,0.0,RF,2.0,2022-09-13,134,113,663106
87,87,143,2022-09-14,PIT,@,CIN,"W,10-4",8-GF,2,2,0,0,0,0,0,0,0,0.0,0,0,0,0.0,0,0.0,0,0,0.201,0.282,0.409,0.691,6,0.36,-0.02,0.0,0.00%,0.03,0.0,0.0,PH RF,,2022-09-14,134,113,663006
88,88,144,2022-09-15,PIT,@,NYM,"L,1-7",CG,3,3,0,0,0,0,0,0,0,0.0,3,0,0,0.0,0,0.0,0,0,0.199,0.279,0.404,0.684,8,1.04,-0.078,0.0,0.00%,-0.96,0.0,0.0,LF,,2022-09-15,134,121,662398
89,89,145,2022-09-16,PIT,@,NYM,"L,3-4",CG,3,3,0,0,0,0,0,0,0,0.0,1,0,0,0.0,0,0.0,0,0,0.196,0.277,0.4,0.677,8,1.46,-0.116,0.0,0.00%,-0.95,0.0,0.0,LF,,2022-09-16,134,121,662404
90,90,146,2022-09-17,PIT,@,NYM,"L,1-5",GS-7,2,2,0,0,0,0,0,0,0,0.0,0,0,0,0.0,0,0.0,0,0,0.195,0.275,0.397,0.672,8,0.58,-0.028,0.0,0.00%,-0.3,0.0,0.0,LF,,2022-09-17,134,121,662403
91,91,147,2022-09-18,PIT,@,NYM,"L,3-7",CG,4,4,0,0,0,0,0,0,0,0.0,4,0,0,0.0,0,0.0,0,0,0.192,0.271,0.392,0.663,6,0.74,-0.073,0.0,0.00%,-0.84,0.0,0.0,CF,,2022-09-18,134,121,662402
92,92,148,2022-09-20,PIT,@,NYY,"L,8-9",6-GF,3,2,1,1,0,0,0,0,1,0.0,0,0,0,0.0,0,0.0,0,0,0.194,0.275,0.392,0.667,5,1.23,0.084,0.0,0.00%,0.51,7.0,9.2,PH RF,,2022-09-20,134,147,661229
93,93,149,2022-09-21,PIT,@,NYY,"L,2-14",CG,4,4,0,0,0,0,0,0,0,0.0,2,0,0,0.0,0,0.0,0,0,0.192,0.272,0.387,0.659,7,0.43,-0.043,0.0,0.00%,-0.84,0.0,0.0,LF,,2022-09-21,134,147,661228
94,94,150,2022-09-22,PIT,,CHC,"L,2-3",CG,4,4,0,0,0,0,0,0,0,0.0,2,0,0,0.0,0,0.0,0,0,0.189,0.268,0.382,0.65,7,1.53,-0.161,0.0,0.00%,-0.79,0.0,0.0,CF,,2022-09-22,134,112,662264
95,95,151,2022-09-23,PIT,,CHC,"L,5-6",CG,4,1,1,1,0,0,1,1,3,0.0,0,0,0,0.0,0,0.0,1,0,0.192,0.277,0.394,0.671,6,1.31,0.257,0.0,0.00%,1.87,25.0,33.7,LF,,2022-09-23,134,112,662263
96,96,152,2022-09-24,PIT,,CHC,"W,6-0",5-GF,2,2,1,1,0,0,1,3,0,0.0,1,0,0,0.0,0,0.0,0,0,0.194,0.278,0.405,0.683,4,0.37,0.087,0.0,0.00%,2.38,18.0,25.7,PH LF,,2022-09-24,134,112,662249
97,97,153,2022-09-25,PIT,,CHC,"L,3-8",CG,4,3,0,0,0,0,0,1,0,0.0,2,0,0,1.0,0,0.0,0,0,0.192,0.275,0.401,0.676,6,0.68,-0.077,0.0,0.00%,-0.78,2.0,3.5,LF,,2022-09-25,134,112,662243
98,98,154,2022-09-26,PIT,,CIN,"W,8-3",CG,5,4,1,2,2,0,0,2,1,0.0,0,0,0,0.0,0,0.0,0,0,0.196,0.28,0.408,0.688,4,1.44,0.34,0.0,0.00%,1.99,18.0,25.2,LF,,2022-09-26,134,113,662242
99,99,155,2022-09-27,PIT,,CIN,"W,4-1",CG,4,2,1,0,0,0,0,0,2,0.0,2,0,0,0.0,0,0.0,0,0,0.195,0.282,0.406,0.688,4,2.07,0.012,0.0,0.00%,0.02,6.0,9.2,LF,,2022-09-27,134,113,662241
100,100,156,2022-09-28,PIT,,CIN,"W,4-3",8-GF(10),1,1,0,0,0,0,0,0,0,0.0,0,0,0,0.0,0,0.0,0,0,0.194,0.282,0.405,0.686,6,4.31,-0.096,0.0,0.00%,-0.47,0.0,0.0,PR LF,,2022-09-28,134,113,662240
101,101,157,2022-09-30,PIT,@,STL,"L,1-2",CG,4,3,0,1,0,0,0,0,1,0.0,1,0,0,0.0,0,0.0,0,0,0.196,0.284,0.404,0.688,4,1.24,-0.019,0.0,0.00%,0.16,5.0,6.0,RF,,2022-09-30,134,138,661958
102,102,158,2022-10-01,PIT,@,STL,"L,3-13",CG,4,4,0,1,0,0,0,0,0,0.0,1,0,0,0.0,0,0.0,0,0,0.196,0.284,0.402,0.686,7,0.24,-0.036,0.0,0.00%,-0.79,3.0,3.0,RF,,2022-10-01,134,138,661956
103,103,159,2022-10-02,PIT,@,STL,"W,7-5",CG,4,2,1,1,0,0,0,1,2,0.0,1,0,0,0.0,0,0.0,0,0,0.198,0.289,0.403,0.691,4,0.89,0.167,0.0,0.00%,1.14,11.0,15.7,LF,,2022-10-02,134,138,661954
104,104,160,2022-10-03,PIT,,STL,"W,3-2",CG,3,2,1,1,0,0,1,1,1,0.0,0,0,0,0.0,0,0.0,0,0,0.2,0.292,0.413,0.705,8,1.52,0.315,0.0,0.00%,1.16,16.0,21.7,RF,,2022-10-03,134,138,662309
105,105,161,2022-10-04,PIT,,STL,"L,7-8",CG(10),5,4,1,2,0,0,0,1,1,0.0,1,0,0,0.0,0,0.0,0,0,0.204,0.296,0.414,0.71,5,0.85,0.103,0.0,0.00%,0.55,12.0,15.7,RF,,2022-10-04,134,138,662319
106,106,162,2022-10-05,PIT,,STL,"W,5-3",CG,4,2,1,0,0,0,0,0,2,0.0,1,0,0,0.0,0,0.0,0,0,0.202,0.298,0.411,0.709,7,0.86,0.036,0.0,0.00%,0.15,6.0,9.2,RF,,2022-10-05,134,138,662304
1,107,1,2023-03-30,PIT,@,CIN,"W,5-4",CG,4,4,0,0,0,0,0,0,0,0.0,2,0,0,0.0,0,0.0,0,0,0.0,0.0,0.0,0.0,7,0.78,-0.081,0.8,-0.05%,-0.72,0.0,0.0,CF RF,,2023-03-30,134,113,718773
2,108,4 (2),2023-04-03,PIT,@,BOS,"W,7-6",CG,4,3,0,1,0,0,0,1,1,0.0,0,0,0,0.0,0,0.0,0,0,0.143,0.25,0.143,0.393,7,0.93,0.053,0.82,0.03%,0.38,7.0,9.5,RF,,2023-04-03,134,111,718724
3,109,6 (1),2023-04-05,PIT,@,BOS,"W,4-1",CG,4,2,0,0,0,0,0,0,2,0.0,0,0,0,0.0,0,0.0,0,0,0.111,0.333,0.111,0.444,6,1.29,-0.036,1.24,-0.02%,0.08,4.0,6.0,CF RF,,2023-04-05,134,111,718702
4,110,7,2023-04-07,PIT,,CHW,"W,13-9",CG,5,5,0,0,0,0,0,0,0,0.0,4,0,0,0.0,0,0.0,0,0,0.071,0.235,0.071,0.307,6,0.77,-0.139,0.77,-0.08%,-2.06,0.0,0.0,CF RF,,2023-04-07,134,145,718679
5,111,9 (1),2023-04-09,PIT,,CHW,"W,1-0",CG,3,1,0,0,0,0,0,1,1,0.0,0,0,0,1.0,0,0.0,0,0,0.067,0.25,0.067,0.317,8,0.97,0.007,0.97,0.00%,-0.01,4.0,6.5,CF,,2023-04-09,134,145,718653
6,112,11 (1),2023-04-11,PIT,,HOU,"W,7-4",CG,4,4,1,1,0,0,1,2,0,0.0,1,0,0,0.0,0,0.0,0,0,0.105,0.25,0.263,0.513,8,1.36,0.08,1.34,0.05%,1.02,16.0,22.2,CF,,2023-04-11,134,117,718623
7,113,12,2023-04-12,PIT,,HOU,"L,0-7",CG,4,4,0,1,0,0,0,0,0,0.0,2,0,0,0.0,0,0.0,0,0,0.13,0.25,0.261,0.511,7,0.5,0.032,0.49,0.02%,-0.2,3.0,3.0,CF,,2023-04-12,134,117,718608
8,114,14 (1),2023-04-14,PIT,@,STL,"L,0-3",CG,4,4,0,1,0,0,0,0,0,0.0,1,0,0,0.0,0,0.0,0,0,0.148,0.25,0.259,0.509,5,1.01,-0.043,1.17,-0.03%,-0.14,3.0,3.0,CF,,2023-04-14,134,138,718582
9,115,16 (1),2023-04-16,PIT,@,STL,"L,4-5",GS-7,3,3,1,2,1,0,0,0,0,0.0,1,0,0,0.0,0,0.0,0,0,0.2,0.286,0.333,0.619,6,0.88,0.037,1.01,0.03%,0.38,10.0,12.2,CF,,2023-04-16,134,138,718548
10,116,17,2023-04-17,PIT,@,COL,"W,14-3",7-GF,1,1,1,1,0,0,1,1,0,0.0,0,0,0,0.0,0,0.0,0,0,0.226,0.306,0.452,0.757,2,0.0,0.0,0.0,0.00%,1.0,14.0,18.7,LF,,2023-04-17,134,115,718535
11,117,18,2023-04-18,PIT,@,COL,"W,5-3",CG,4,3,2,2,0,0,2,3,1,0.0,0,0,0,0.0,0,0.0,0,0,0.265,0.35,0.647,0.997,5,0.97,0.201,1.05,0.13%,2.15,32.0,43.9,CF RF,,2023-04-18,134,115,718521
12,118,19,2023-04-19,PIT,@,COL,"W,14-3",CG,5,2,0,0,0,0,0,1,2,0.0,0,0,0,1.0,0,0.0,0,0,0.25,0.356,0.611,0.967,8,0.22,0.022,0.24,0.01%,0.07,6.0,9.5,LF CF,,2023-04-19,134,115,718509
13,119,20,2023-04-20,PIT,,CIN,"W,4-3",CG,3,2,1,1,0,0,1,1,1,0.0,1,0,0,0.0,0,0.0,0,0,0.263,0.375,0.684,1.059,6,0.25,0.064,0.27,0.04%,1.14,16.0,21.7,CF RF,,2023-04-20,134,113,718500
14,120,21,2023-04-21,PIT,,CIN,"W,4-2",CG,4,3,1,0,0,0,0,0,1,0.0,2,0,0,0.0,0,0.0,0,0,0.244,0.365,0.634,1.0,6,1.17,-0.053,1.38,-0.04%,-0.75,4.0,6.2,CF RF,,2023-04-21,134,113,718492
15,121,22,2023-04-22,PIT,,CIN,"W,2-1",CG,4,4,0,1,1,0,0,1,0,0.0,3,0,0,0.0,0,0.0,0,0,0.244,0.357,0.622,0.979,5,0.91,0.032,1.06,0.02%,0.14,7.0,9.5,RF,,2023-04-22,134,113,718474
16,122,23,2023-04-23,PIT,,CIN,"W,2-0",CG,4,2,0,1,1,0,0,1,2,0.0,0,0,0,0.0,0,0.0,2,0,0.255,0.383,0.638,1.022,5,0.67,0.109,0.78,0.08%,1.41,21.0,27.5,LF,,2023-04-23,134,113,718463
17,123,24,2023-04-25,PIT,,LAD,"L,7-8",CG,5,5,0,2,1,0,0,0,0,0.0,0,0,0,0.0,0,0.0,0,0,0.269,0.385,0.635,1.019,5,0.98,-0.06,1.22,-0.05%,0.2,8.0,9.0,LF,,2023-04-25,134,119,718432
18,124,25,2023-04-26,PIT,,LAD,"W,8-1",CG,4,2,1,1,0,0,0,0,2,0.0,0,0,0,0.0,0,0.0,1,0,0.278,0.406,0.63,1.035,5,0.94,0.047,1.18,0.04%,0.81,14.0,18.2,CF RF,,2023-04-26,134,119,718413
19,125,26,2023-04-27,PIT,,LAD,"W,6-2",CG,4,4,0,1,0,0,0,1,0,0.0,3,0,0,0.0,0,0.0,1,0,0.276,0.397,0.603,1.001,6,0.56,0.075,0.7,0.06%,0.51,10.0,12.5,CF RF,,2023-04-27,134,119,718403
20,126,27,2023-04-29,PIT,@,WSN,"W,6-3",8-GF,1,0,1,0,0,0,0,0,1,0.0,0,0,0,0.0,0,0.0,1,0,0.276,0.405,0.603,1.009,6,0.09,0.004,0.1,0.00%,0.22,9.0,12.2,PR RF,1.0,2023-04-29,134,120,718383
21,127,28,2023-04-29,PIT,@,WSN,"W,16-1",CG,6,6,1,3,1,0,1,5,0,0.0,2,0,0,0.0,0,0.0,0,1,0.297,0.413,0.656,1.069,5,0.34,0.022,0.4,0.02%,2.76,30.0,41.7,LF CF,2.0,2023-04-29,134,120,718399
22,128,29,2023-04-30,PIT,@,WSN,"L,2-7",CG,4,4,0,0,0,0,0,0,0,0.0,3,0,0,0.0,0,0.0,0,0,0.279,0.393,0.618,1.011,5,1.01,-0.1,1.21,-0.07%,-1.54,0.0,0.0,CF,,2023-04-30,134,120,718367
23,129,30,2023-05-02,PIT,@,TBR,"L,1-4",CG,4,4,0,0,0,0,0,0,0,0.0,1,0,0,0.0,0,0.0,0,0,0.264,0.375,0.583,0.958,5,1.37,-0.147,1.57,-0.10%,-1.36,0.0,0.0,CF,,2023-05-02,134,139,718347
24,130,31,2023-05-03,PIT,@,TBR,"L,1-8",9-GF,1,1,0,0,0,0,0,0,0,0.0,1,0,0,0.0,0,0.0,0,0,0.26,0.371,0.575,0.946,9,0.01,0.0,0.01,0.00%,-0.23,0.0,0.0,PH,,2023-05-03,134,139,718328
25,131,32,2023-05-04,PIT,@,TBR,"L,2-3",CG,4,3,0,0,0,0,0,0,1,0.0,2,0,0,0.0,0,0.0,0,0,0.25,0.366,0.553,0.918,5,1.8,-0.059,2.14,-0.04%,-0.6,2.0,3.0,CF,,2023-05-04,134,139,718309
26,132,33,2023-05-05,PIT,,TOR,"L,0-4",CG,4,4,0,0,0,0,0,0,0,0.0,3,0,0,0.0,0,0.0,0,0,0.238,0.351,0.525,0.876,4,0.96,-0.098,1.14,-0.07%,-1.12,0.0,0.0,CF,,2023-05-05,134,141,718307
27,133,34,2023-05-06,PIT,,TOR,"L,2-8",CG,4,2,1,1,0,0,1,1,2,0.0,0,0,0,0.0,0,0.0,0,0,0.244,0.366,0.561,0.927,5,0.21,0.006,0.25,0.00%,1.36,18.0,24.7,CF,,2023-05-06,134,141,718286
28,134,35,2023-05-07,PIT,,TOR,"L,1-10",CG,4,4,0,0,0,0,0,0,0,0.0,2,0,0,0.0,0,0.0,0,0,0.233,0.352,0.535,0.887,6,1.2,-0.113,1.41,-0.08%,-1.47,0.0,0.0,CF,,2023-05-07,134,141,718278
29,135,36,2023-05-08,PIT,,COL,"W,2-0",CG,3,2,0,1,0,0,0,0,1,0.0,1,0,0,0.0,0,0.0,0,0,0.239,0.361,0.534,0.895,7,0.99,0.073,1.21,0.05%,0.54,5.0,6.0,CF RF,,2023-05-08,134,115,718258
30,136,37,2023-05-09,PIT,,COL,"L,1-10",CG,4,3,0,0,0,0,0,0,0,0.0,2,1,0,0.0,0,0.0,0,0,0.231,0.357,0.516,0.874,5,0.8,0.021,0.94,0.02%,-0.05,2.0,3.0,LF CF,,2023-05-09,134,115,718252
31,137,38,2023-05-10,PIT,,COL,"L,3-4",GS-6,2,2,0,0,0,0,0,0,0,0.0,1,0,0,0.0,0,0.0,0,0,0.226,0.351,0.505,0.856,6,1.59,-0.075,1.92,-0.05%,-0.74,0.0,0.0,CF,,2023-05-10,134,115,718231
32,138,39,2023-05-12,PIT,@,BAL,"L,3-6",CG,4,4,0,2,0,0,0,1,0,0.0,0,0,0,0.0,0,0.0,0,0,0.237,0.356,0.505,0.861,5,1.17,0.061,1.37,0.04%,1.15,8.0,9.5,CF,,2023-05-12,134,110,718213
33,139,40,2023-05-13,PIT,@,BAL,"L,0-2",CG,4,3,0,0,0,0,0,0,1,0.0,2,0,0,0.0,0,0.0,0,0,0.23,0.352,0.49,0.842,5,1.28,-0.069,1.47,-0.05%,-0.61,2.0,3.0,CF,,2023-05-13,134,110,718193
34,140,41,2023-05-14,PIT,@,BAL,"W,4-0",CG,4,2,1,1,0,0,0,0,2,0.0,1,0,0,0.0,0,0.0,0,0,0.235,0.365,0.49,0.855,4,0.65,0.054,0.73,0.04%,0.72,9.0,12.2,CF RF,,2023-05-14,134,110,718179
35,141,42,2023-05-16,PIT,@,DET,"L,0-4",CG,4,4,0,0,0,0,0,0,0,0.0,1,0,0,0.0,0,0.0,0,0,0.226,0.354,0.472,0.826,4,0.66,-0.076,0.74,-0.05%,-1.1,0.0,0.0,CF,,2023-05-16,134,116,718155
36,142,44 (1),2023-05-19,PIT,,ARI,"W,13-3",CG,5,4,1,2,1,0,0,2,1,0.0,1,0,0,0.0,0,0.0,0,0,0.236,0.363,0.482,0.845,3,0.56,0.018,0.66,0.01%,1.67,16.0,22.2,LF CF,,2023-05-19,134,109,718118
37,143,45,2023-05-20,PIT,,ARI,"L,3-4",CG,4,4,0,1,1,0,0,0,0,0.0,1,0,0,0.0,0,0.0,0,0,0.237,0.36,0.482,0.842,3,1.48,0.024,1.9,0.02%,-0.54,5.0,6.0,CF,,2023-05-20,134,109,718101
38,144,46,2023-05-21,PIT,,ARI,"L,3-8",CG,4,3,0,0,0,0,0,0,1,0.0,0,0,0,0.0,0,0.0,0,0,0.231,0.357,0.47,0.827,3,0.77,-0.066,1.0,-0.05%,-0.4,2.0,3.0,CF,,2023-05-21,134,109,718091
39,145,47,2023-05-22,PIT,,TEX,"W,6-4",CG,4,3,1,1,0,0,0,0,1,0.0,1,0,0,0.0,0,0.0,0,0,0.233,0.361,0.467,0.827,3,0.96,0.06,1.06,0.04%,0.53,7.0,9.2,CF,,2023-05-22,134,140,718075
40,146,48,2023-05-23,PIT,,TEX,"L,1-6",CG,4,4,0,0,0,0,0,0,0,0.0,2,0,0,0.0,0,0.0,0,0,0.226,0.351,0.452,0.803,3,0.76,-0.105,0.9,-0.08%,-1.2,0.0,0.0,CF,,2023-05-23,134,140,718065
41,147,49,2023-05-24,PIT,,TEX,"L,2-3",CG,4,4,0,0,0,0,0,1,0,0.0,2,0,0,0.0,0,0.0,0,0,0.219,0.342,0.438,0.779,7,3.34,-0.275,3.75,-0.19%,-1.21,2.0,3.5,CF RF,,2023-05-24,134,140,718045
42,148,50,2023-05-26,PIT,@,SEA,"W,11-6",CG,5,5,2,3,0,0,2,3,0,0.0,1,0,0,0.0,0,0.0,0,0,0.233,0.35,0.489,0.839,5,0.62,0.19,0.7,0.13%,2.67,33.0,43.9,CF RF,,2023-05-26,134,136,718012
43,149,51,2023-05-27,PIT,@,SEA,"L,0-5",CG,4,4,0,1,0,0,0,0,0,0.0,3,0,0,0.0,0,0.0,0,0,0.234,0.348,0.482,0.829,5,0.49,-0.009,0.55,-0.01%,-0.29,3.0,3.0,CF,,2023-05-27,134,136,718004
44,150,52,2023-05-28,PIT,@,SEA,"L,3-6",6-GF(10),2,1,0,0,0,0,0,0,1,0.0,1,0,0,0.0,0,0.0,1,0,0.232,0.349,0.478,0.828,4,3.86,0.223,4.43,0.15%,-0.35,7.0,9.0,LF,,2023-05-28,134,136,717983
45,151,53,2023-05-29,PIT,@,SFG,"L,4-14",CG,4,4,2,2,0,0,2,2,0,0.0,0,0,0,0.0,0,0.0,0,0,0.239,0.353,0.521,0.874,4,0.44,-0.008,0.5,-0.01%,1.6,28.0,37.4,CF,,2023-05-29,134,137,717978
46,152,54,2023-05-30,PIT,@,SFG,"W,2-1",CG,4,4,0,1,0,0,0,0,0,0.0,3,0,0,0.0,0,0.0,0,0,0.24,0.351,0.514,0.864,4,0.8,-0.035,0.85,-0.02%,-0.41,3.0,3.0,LF,,2023-05-30,134,137,717972
47,153,55,2023-05-31,PIT,@,SFG,"W,9-4",CG,5,4,0,1,0,0,0,1,1,0.0,3,0,0,0.0,0,0.0,0,0,0.24,0.352,0.507,0.859,6,0.54,-0.015,0.62,-0.01%,0.13,7.0,9.5,RF,,2023-05-31,134,137,717953
48,154,56,2023-06-02,PIT,,STL,"W,7-5",CG,5,3,2,0,0,0,0,0,2,0.0,2,0,0,0.0,0,0.0,0,0,0.235,0.353,0.497,0.85,4,0.89,-0.012,1.08,-0.01%,-0.54,8.0,12.4,CF RF,,2023-06-02,134,138,717930
49,155,57,2023-06-03,PIT,,STL,"W,4-3",9-GF,0,0,0,0,0,0,0,0,0,,0,0,0,,0,,0,0,0.235,0.353,0.497,0.85,3,,,,,,0.0,0.0,RF,,2023-06-03,134,138,717907
50,156,58,2023-06-04,PIT,,STL,"W,2-1",CG,4,4,1,1,0,0,0,0,0,0.0,1,0,0,0.0,0,0.0,0,0,0.236,0.351,0.49,0.842,3,0.88,-0.026,1.11,-0.02%,-0.47,5.0,6.2,LF,,2023-06-04,134,138,717898
51,157,59,2023-06-05,PIT,,OAK,"W,5-4",6-GF,1,0,0,0,0,0,0,1,0,0.0,0,0,0,1.0,0,0.0,0,0,0.236,0.349,0.49,0.84,3,3.43,-0.018,4.13,-0.01%,-0.6,2.0,3.5,PH RF,,2023-06-05,134,133,717884
52,158,60,2023-06-06,PIT,,OAK,"L,2-11",CG,4,4,0,0,0,0,0,0,0,0.0,1,0,0,0.0,0,0.0,0,0,0.23,0.342,0.478,0.82,4,1.84,-0.027,2.26,-0.02%,0.08,0.0,0.0,CF,,2023-06-06,134,133,717874
53,159,62 (1),2023-06-09,PIT,,NYM,"W,14-7",CG,5,4,4,3,1,0,1,2,1,0.0,0,0,0,0.0,0,0.0,0,0,0.242,0.354,0.509,0.863,5,0.7,0.062,0.86,0.05%,2.79,32.0,43.8,CF,,2023-06-09,134,121,717836
54,160,63,2023-06-10,PIT,,NYM,"L,1-5",CG,4,3,1,0,0,0,0,0,1,0.0,0,0,0,0.0,1,1.0,0,0,0.238,0.351,0.5,0.851,5,1.02,-0.031,1.3,-0.02%,-0.51,4.0,6.2,CF,,2023-06-10,134,121,717812
55,161,64,2023-06-11,PIT,,NYM,"W,2-1",CG,4,4,1,2,0,0,1,1,0,0.0,2,0,0,0.0,0,0.0,0,0,0.244,0.354,0.517,0.872,5,1.21,0.091,1.46,0.07%,0.4,17.0,21.7,CF RF,,2023-06-11,134,121,717803
56,162,65,2023-06-13,PIT,@,CHC,"L,3-11",CG,4,2,2,2,0,0,2,2,2,0.0,0,0,0,0.0,0,0.0,0,0,0.253,0.367,0.557,0.924,3,0.87,0.299,1.13,0.23%,2.67,32.0,43.4,CF,,2023-06-13,134,112,717782
57,163,66,2023-06-14,PIT,@,CHC,"L,6-10",CG,4,3,0,0,0,0,0,0,1,0.0,1,0,0,0.0,0,0.0,0,0,0.249,0.364,0.548,0.913,6,0.79,-0.068,1.02,-0.05%,-0.65,2.0,3.0,CF,,2023-06-14,134,112,717763
58,164,67,2023-06-15,PIT,@,CHC,"L,2-7",CG,4,4,0,0,0,0,0,0,0,0.0,3,0,0,0.0,0,0.0,0,0,0.243,0.358,0.536,0.894,5,0.78,-0.088,0.94,-0.06%,-1.31,0.0,0.0,CF,,2023-06-15,134,112,717747
59,165,68,2023-06-16,PIT,@,MIL,"L,4-5",CG,4,2,1,0,0,0,0,0,1,0.0,1,1,0,0.0,0,0.0,0,0,0.24,0.36,0.53,0.89,5,1.64,0.112,2.09,0.09%,0.27,6.0,9.2,CF,,2023-06-16,134,158,717740
60,166,69,2023-06-17,PIT,@,MIL,"L,0-5",9-GF,1,1,0,0,0,0,0,0,0,0.0,1,0,0,0.0,0,0.0,0,0,0.239,0.359,0.527,0.886,6,0.18,-0.005,0.22,0.00%,-0.3,0.0,0.0,PH,,2023-06-17,134,158,717720
61,167,70,2023-06-18,PIT,@,MIL,"L,2-5",CG,4,4,0,0,0,0,0,0,0,0.0,1,0,0,0.0,0,0.0,0,0,0.234,0.352,0.516,0.868,3,0.64,-0.067,0.69,-0.04%,-0.7,0.0,0.0,CF RF,,2023-06-18,134,158,717710
62,168,71,2023-06-19,PIT,,CHC,"L,0-8",9-GF,1,1,0,0,0,0,0,0,0,0.0,1,0,0,0.0,0,0.0,0,0,0.233,0.351,0.513,0.864,1,0.0,0.0,0.0,0.00%,-0.11,0.0,0.0,PH DH,,2023-06-19,134,112,717698
63,169,72,2023-06-20,PIT,,CHC,"L,0-4",CG,4,4,0,0,0,0,0,0,0,0.0,0,0,0,0.0,0,0.0,0,0,0.228,0.345,0.503,0.847,3,0.82,-0.085,0.69,-0.04%,-0.82,0.0,0.0,CF,,2023-06-20,134,112,717686
64,170,73,2023-06-21,PIT,,CHC,"L,3-8",CG,4,2,0,0,0,0,0,0,2,0.0,0,0,0,0.0,0,0.0,0,0,0.226,0.347,0.497,0.845,3,0.52,0.039,0.38,0.02%,0.44,4.0,6.0,CF,,2023-06-21,134,112,717671
65,171,74,2023-06-22,PIT,@,MIA,"L,4-6",CG,4,4,0,0,0,0,0,0,0,0.0,4,0,0,0.0,0,0.0,0,0,0.221,0.342,0.487,0.829,6,1.02,-0.102,0.64,-0.04%,-0.79,0.0,0.0,LF CF,,2023-06-22,134,146,717654
66,172,76 (1),2023-06-24,PIT,@,MIA,"L,3-4",GS-6,2,2,0,0,0,0,0,0,0,0.0,0,0,0,0.0,0,0.0,0,0,0.219,0.339,0.483,0.821,3,1.43,-0.069,0.89,-0.03%,-0.69,0.0,0.0,CF,,2023-06-24,134,146,717630
67,173,77,2023-06-25,PIT,@,MIA,"L,0-2",GS-7,2,2,0,0,0,0,0,0,0,0.0,1,0,0,0.0,0,0.0,0,0,0.217,0.336,0.478,0.814,6,1.16,-0.056,0.66,-0.02%,-0.55,0.0,0.0,CF,,2023-06-25,134,146,717620
68,174,78,2023-06-27,PIT,,SDP,"W,9-4",CG,5,4,2,1,0,0,1,1,1,0.0,1,0,0,0.0,0,0.0,0,0,0.217,0.337,0.488,0.825,5,0.65,0.085,0.3,0.02%,-0.04,18.0,24.9,CF,,2023-06-27,134,135,717603
69,175,79,2023-06-28,PIT,,SDP,"W,7-1",CG,4,2,1,0,0,0,0,0,2,0.0,1,0,0,0.0,0,0.0,1,0,0.215,0.34,0.483,0.823,7,0.68,0.04,0.33,0.01%,-0.15,11.0,15.2,CF,,2023-06-28,134,135,717585
70,176,80,2023-06-29,PIT,,SDP,"W,5-4",CG,4,3,1,1,0,0,0,1,1,0.0,0,0,0,0.0,0,0.0,0,0,0.217,0.342,0.481,0.824,1,1.18,0.226,0.63,0.07%,1.04,9.0,12.7,CF,,2023-06-29,134,135,717571
71,177,81,2023-06-30,PIT,,MIL,"W,8-7",CG,4,3,1,2,0,0,0,1,1,0.0,1,0,0,0.0,0,0.0,0,0,0.223,0.349,0.484,0.832,5,1.36,0.128,0.97,0.05%,0.86,12.0,15.7,CF,,2023-06-30,134,158,717562
72,178,82,2023-07-01,PIT,,MIL,"L,8-11",CG,4,4,1,2,0,0,1,4,0,0.0,2,0,0,0.0,0,0.0,0,0,0.228,0.351,0.498,0.849,3,0.18,-0.007,0.13,0.00%,3.28,23.0,32.2,CF,,2023-07-01,134,158,717540
73,179,83,2023-07-02,PIT,,MIL,"L,3-6",GS-7,3,2,0,1,1,0,0,0,1,0.0,0,0,0,0.0,0,0.0,0,0,0.231,0.354,0.502,0.857,1,1.27,0.06,0.83,0.02%,0.62,7.0,9.0,CF,,2023-07-02,134,158,717531
74,180,84,2023-07-03,PIT,@,LAD,"L,2-5",CG,4,2,0,0,0,0,0,0,0,0.0,0,2,0,0.0,0,0.0,0,0,0.229,0.357,0.498,0.854,3,0.8,0.053,0.45,0.02%,0.46,4.0,6.0,CF,,2023-07-03,134,119,717506
75,181,85,2023-07-04,PIT,@,LAD,"W,9-7",CG,5,3,2,2,0,0,1,1,2,0.0,1,0,0,0.0,0,0.0,0,0,0.235,0.365,0.513,0.878,5,1.85,0.147,0.85,0.04%,1.07,23.0,30.9,CF,,2023-07-04,134,119,717492
76,182,86,2023-07-05,PIT,@,LAD,"L,4-6",CG,5,4,1,1,0,0,1,3,1,0.0,2,0,0,0.0,0,0.0,0,0,0.235,0.365,0.522,0.887,5,1.99,-0.064,1.09,-0.02%,0.48,20.0,28.7,CF,,2023-07-05,134,119,717479
77,183,87,2023-07-06,PIT,@,LAD,"L,2-5",CG,3,3,1,1,1,0,0,0,0,0.0,2,0,0,0.0,0,0.0,0,0,0.236,0.365,0.524,0.889,6,0.89,0.047,0.37,0.01%,0.6,7.0,9.2,CF,,2023-07-06,134,119,717462
78,184,88,2023-07-07,PIT,@,ARI,"L,3-7",CG,4,3,0,1,0,0,0,0,1,0.0,2,0,0,0.0,0,0.0,0,0,0.237,0.367,0.521,0.888,3,0.43,-0.009,0.15,0.00%,0.05,5.0,6.0,CF,,2023-07-07,134,109,717452
79,185,89,2023-07-08,PIT,@,ARI,"L,2-3",CG(10),4,4,0,1,1,0,0,1,0,0.0,3,0,0,0.0,0,0.0,0,0,0.238,0.365,0.521,0.886,3,1.29,0.08,0.37,0.01%,0.48,7.0,9.5,CF,,2023-07-08,134,109,717439
80,186,90,2023-07-09,PIT,@,ARI,"W,4-2",CG,4,3,0,0,0,0,0,1,0,0.0,2,0,0,1.0,0,0.0,0,0,0.235,0.36,0.514,0.875,1,1.1,-0.057,0.26,-0.01%,-0.76,2.0,3.5,CF,,2023-07-09,134,109,717425
81,187,91,2023-07-14,PIT,,SFG,"L,4-6",CG,4,4,0,0,0,0,0,0,0,0.0,0,0,0,0.0,0,0.0,0,0,0.231,0.355,0.506,0.862,1,1.16,-0.124,0.32,-0.02%,-0.99,0.0,0.0,CF,,2023-07-14,134,137,717416
82,188,92,2023-07-15,PIT,,SFG,"L,1-3",CG,5,5,0,0,0,0,0,0,0,0.0,3,0,0,0.0,0,0.0,0,0,0.226,0.35,0.496,0.846,1,1.61,-0.207,0.35,-0.03%,-1.64,0.0,0.0,CF,,2023-07-15,134,137,717398
83,189,94 (1),2023-07-17,PIT,,CLE,"L,0-11",CG,4,3,0,0,0,0,0,0,1,0.0,2,0,0,0.0,0,0.0,0,0,0.224,0.348,0.49,0.839,1,0.73,-0.077,0.1,-0.01%,-0.52,2.0,3.0,CF,,2023-07-17,134,114,717371
84,190,96 (1),2023-07-19,PIT,,CLE,"W,7-5",GS-7,3,3,0,1,1,0,0,1,0,0.0,1,0,0,0.0,0,0.0,0,0,0.225,0.348,0.492,0.84,1,1.24,0.065,0.1,0.00%,0.62,7.0,9.5,CF,,2023-07-19,134,114,717348
85,191,97,2023-07-21,PIT,@,LAA,"L,5-8",GS-7,3,3,1,1,0,0,1,2,0,0.0,2,0,0,0.0,0,0.0,0,0,0.226,0.348,0.502,0.85,1,1.06,0.117,0.1,0.01%,1.19,16.0,22.2,CF,,2023-07-21,134,108,717312
86,192,98,2023-07-22,PIT,@,LAA,"W,3-0",9-GF,1,1,0,0,0,0,0,0,0,0.0,0,0,0,0.0,0,0.0,0,0,0.225,0.347,0.5,0.847,1,0.12,-0.003,0.01,0.00%,-0.17,0.0,0.0,PH CF,,2023-07-22,134,108,717297
87,193,99,2023-07-23,PIT,@,LAA,"L,5-7",7-GF,2,2,0,0,0,0,0,0,0,0.0,2,0,0,0.0,0,0.0,0,0,0.223,0.345,0.496,0.841,1,1.39,-0.071,0.13,0.00%,-0.84,0.0,0.0,PH CF,,2023-07-23,134,108,717278
88,194,100,2023-07-24,PIT,@,SDP,"W,8-4",CG,5,5,1,3,1,0,1,1,0,0.0,1,0,0,0.0,0,0.0,0,0,0.23,0.349,0.513,0.862,1,0.46,0.163,0.03,0.01%,0.91,22.0,27.7,CF,,2023-07-24,134,135,717276
89,195,102 (1),2023-07-26,PIT,@,SDP,"W,3-2",CG,4,3,0,0,0,0,0,0,0,0.0,1,1,0,0.0,0,0.0,0,0,0.228,0.348,0.507,0.855,1,0.72,-0.031,0.05,0.00%,-0.29,2.0,3.0,CF,,2023-07-26,134,135,717246
90,196,103,2023-07-28,PIT,,PHI,"L,1-2",GS-8,3,3,0,0,0,0,0,0,0,0.0,1,0,0,0.0,0,0.0,0,0,0.225,0.344,0.502,0.846,1,1.19,-0.092,0.11,-0.01%,-0.74,0.0,0.0,CF,,2023-07-28,134,143,717234
91,197,104,2023-07-29,PIT,,PHI,"W,7-6",CG,5,5,0,2,1,0,0,0,0,0.0,1,0,0,0.0,0,0.0,0,0,0.229,0.345,0.504,0.849,1,0.98,-0.036,0.05,0.00%,-0.39,8.0,9.0,CF,,2023-07-29,134,143,717216
92,198,106 (1),2023-08-01,PIT,,DET,"W,4-1",CG,4,4,0,0,0,0,0,0,0,0.0,1,0,0,0.0,0,0.0,0,0,0.225,0.341,0.496,0.838,4,0.51,-0.056,0.05,0.00%,-1.18,0.0,0.0,CF,,2023-08-01,134,116,717178
93,199,107,2023-08-02,PIT,,DET,"L,3-6",CG,4,3,0,0,0,0,0,0,1,0.0,3,0,0,0.0,0,0.0,0,0,0.223,0.34,0.491,0.831,6,0.88,-0.069,0.1,-0.01%,-0.64,2.0,3.0,CF,,2023-08-02,134,116,717166
94,200,108,2023-08-03,PIT,@,MIL,"L,1-14",CG,4,3,0,0,0,0,0,1,1,0.0,2,0,0,0.0,0,0.0,0,0,0.221,0.339,0.486,0.825,4,0.64,0.03,0.07,0.00%,-0.46,4.0,6.5,CF,,2023-08-03,134,158,717143
95,201,109,2023-08-04,PIT,@,MIL,"W,8-4",CG,5,4,1,0,0,0,0,0,1,0.0,0,0,0,0.0,0,0.0,0,0,0.218,0.337,0.48,0.817,3,0.43,-0.031,0.04,0.00%,-0.92,4.0,6.2,CF,,2023-08-04,134,158,717131
96,202,110,2023-08-05,PIT,@,MIL,"L,2-3",9-GF(10),0,0,0,0,0,0,0,0,0,,0,0,0,,0,,0,0,0.218,0.337,0.48,0.817,4,,,,,,0.0,0.0,CF,,2023-08-05,134,158,717116
97,203,111,2023-08-06,PIT,@,MIL,"W,4-1",CG,4,3,0,0,0,0,0,0,1,0.0,1,0,0,0.0,0,0.0,0,0,0.215,0.336,0.475,0.811,5,0.55,-0.054,0.05,0.00%,-0.31,2.0,3.0,CF,,2023-08-06,134,158,717105
98,204,112,2023-08-07,PIT,,ATL,"W,7-6",CG,4,3,1,1,0,0,0,0,1,0.0,2,0,0,0.0,0,0.0,1,1,0.217,0.338,0.473,0.811,5,0.54,-0.026,0.06,0.00%,-0.25,12.0,15.2,CF,,2023-08-07,134,144,717095
99,205,113,2023-08-08,PIT,,ATL,"L,6-8",CG,5,5,0,0,0,0,0,0,0,0.0,2,0,0,0.0,0,0.0,0,0,0.213,0.333,0.466,0.799,4,1.41,-0.176,0.19,-0.01%,-1.38,0.0,0.0,CF,,2023-08-08,134,144,717079
100,206,114,2023-08-09,PIT,,ATL,"L,5-6",CG,4,3,1,0,0,0,0,0,0,0.0,3,1,0,0.0,0,0.0,0,0,0.211,0.332,0.461,0.793,7,1.89,-0.085,0.2,-0.01%,-0.14,4.0,6.2,CF,,2023-08-09,134,144,717058
101,207,115,2023-08-10,PIT,,ATL,"W,7-5",CG,4,3,1,1,1,0,0,0,1,0.0,1,0,0,0.0,0,0.0,0,0,0.212,0.334,0.463,0.797,6,1.32,0.175,0.11,0.01%,0.63,9.0,12.2,CF,,2023-08-10,134,144,717056
102,208,116,2023-08-11,PIT,,CIN,"L,2-9",CG,3,3,0,0,0,0,0,0,0,0.0,2,0,0,0.0,0,0.0,0,0,0.21,0.332,0.459,0.79,7,0.5,-0.039,0.05,0.00%,-0.53,0.0,0.0,CF,,2023-08-11,134,113,717046
103,209,117,2023-08-13,PIT,,CIN,"W,4-2",9-GF,0,0,0,0,0,0,0,0,0,,0,0,0,,0,,0,0,0.21,0.332,0.459,0.79,5,,,,,,0.0,0.0,CF,1.0,2023-08-13,134,113,717015
104,210,118,2023-08-13,PIT,,CIN,"L,5-6",CG(10),5,4,0,1,1,0,0,0,1,0.0,2,0,0,0.0,0,0.0,0,0,0.211,0.332,0.459,0.792,4,1.29,-0.1,0.11,-0.01%,0.35,7.0,9.0,CF,2.0,2023-08-13,134,113,717027
105,211,119,2023-08-14,PIT,@,NYM,"L,2-7",CG,4,3,0,0,0,0,0,0,1,0.0,1,0,0,0.0,0,0.0,0,0,0.209,0.332,0.455,0.786,4,1.11,-0.051,0.05,0.00%,-0.65,2.0,3.0,CF,,2023-08-14,134,121,717002
106,212,120,2023-08-15,PIT,@,NYM,"W,7-4",7-GF,2,1,1,0,0,0,0,1,1,0.0,1,0,0,0.0,0,0.0,0,0,0.208,0.332,0.453,0.786,7,2.16,0.128,0.07,0.00%,0.77,6.0,9.7,PH CF,,2023-08-15,134,121,716988
107,213,121,2023-08-16,PIT,@,NYM,"L,3-8",CG,4,3,0,1,1,0,0,0,1,0.0,1,0,0,0.0,0,0.0,0,0,0.209,0.334,0.455,0.79,4,0.71,-0.036,0.04,0.00%,-0.3,7.0,9.0,CF,,2023-08-16,134,121,716974
108,214,122,2023-08-18,PIT,@,MIN,"L,1-5",CG,4,4,0,0,0,0,0,0,0,0.0,2,0,0,0.0,0,0.0,0,0,0.207,0.331,0.45,0.781,4,2.38,-0.284,0.08,-0.01%,-2.41,0.0,0.0,LF,,2023-08-18,134,142,716951
109,215,123,2023-08-19,PIT,@,MIN,"W,7-4",CG,5,2,0,0,0,0,0,0,3,0.0,1,0,0,0.0,0,0.0,0,0,0.205,0.334,0.447,0.781,7,0.96,-0.004,0.02,0.00%,0.45,6.0,9.0,CF,,2023-08-19,134,142,716936
110,216,125 (1),2023-08-21,PIT,,STL,"W,11-1",CG,5,5,0,0,0,0,0,0,0,0.0,3,0,0,0.0,0,0.0,0,0,0.202,0.33,0.44,0.771,8,0.52,-0.081,0.01,0.00%,-3.01,0.0,0.0,CF,,2023-08-21,134,138,716912
111,217,128 (2),2023-08-24,PIT,,CHC,"L,4-5",9-GF(10),1,0,0,0,0,0,0,0,1,0.0,0,0,0,0.0,0,0.0,0,0,0.202,0.332,0.44,0.772,6,2.28,0.074,0.03,0.00%,0.39,2.0,3.0,PH CF,,2023-08-24,134,112,716870
112,218,129,2023-08-25,PIT,,CHC,"W,2-1",CG,4,4,0,1,0,0,0,0,0,0.0,0,0,0,0.0,0,0.0,0,0,0.203,0.331,0.438,0.769,6,0.69,-0.031,0.0,0.00%,-0.45,3.0,3.0,CF,,2023-08-25,134,112,716862
113,219,130,2023-08-26,PIT,,CHC,"L,6-10",CG,4,2,1,0,0,0,0,0,2,0.0,1,0,0,0.0,0,0.0,0,0,0.202,0.333,0.436,0.768,8,0.28,-0.001,0.0,0.00%,0.14,6.0,9.2,CF,,2023-08-26,134,112,716842
114,220,131,2023-08-27,PIT,,CHC,"L,1-10",CG,4,4,0,1,0,0,0,0,0,0.0,2,0,0,0.0,0,0.0,1,0,0.202,0.332,0.434,0.765,6,0.7,-0.02,0.0,0.00%,-0.49,8.0,9.0,CF,,2023-08-27,134,112,716834
115,221,132,2023-08-28,PIT,@,KCR,"W,5-0",CG,4,3,1,1,0,0,0,0,1,0.0,2,0,0,0.0,0,0.0,0,0,0.203,0.333,0.433,0.766,6,0.81,0.022,0.0,0.00%,0.46,7.0,9.2,RF,,2023-08-28,134,118,716811
116,222,133,2023-08-29,PIT,@,KCR,"W,6-3",CG,4,4,1,1,0,1,0,0,0,0.0,1,0,0,0.0,0,0.0,0,0,0.204,0.333,0.436,0.769,8,1.65,-0.154,0.0,0.00%,-0.3,10.0,12.2,CF,,2023-08-29,134,118,716793
117,223,134,2023-08-30,PIT,@,KCR,"W,4-1",CG,4,4,1,2,0,0,1,2,0,0.0,1,0,0,0.0,0,0.0,0,0,0.207,0.334,0.445,0.779,7,0.6,0.128,0.0,0.00%,1.44,19.0,25.2,CF RF,,2023-08-30,134,118,716780
118,224,135,2023-09-01,PIT,@,STL,"W,4-2",GS-9,3,3,0,0,0,0,0,0,0,0.0,0,0,0,0.0,0,0.0,0,0,0.206,0.332,0.442,0.773,5,0.78,-0.06,0.01,0.00%,-0.6,0.0,0.0,CF,,2023-09-01,134,138,716766
119,225,136,2023-09-02,PIT,@,STL,"W,7-6",7-9,1,0,0,0,0,0,0,0,1,0.0,0,0,0,0.0,0,0.0,0,0,0.206,0.333,0.442,0.775,6,0.37,0.01,0.0,0.00%,0.13,2.0,3.0,RF,,2023-09-02,134,138,716744
120,226,137,2023-09-03,PIT,@,STL,"L,4-6",CG,4,4,0,0,0,0,0,0,0,0.0,1,0,0,0.0,0,0.0,0,0,0.203,0.33,0.437,0.767,7,1.18,-0.126,0.02,0.00%,-0.94,0.0,0.0,CF,,2023-09-03,134,138,716733
121,227,138,2023-09-04,PIT,,MIL,"W,4-2",CG,4,4,1,2,0,0,1,2,0,0.0,2,0,0,0.0,0,0.0,0,0,0.207,0.332,0.446,0.777,5,0.73,0.142,0.01,0.00%,1.03,19.0,25.2,CF RF,,2023-09-04,134,158,716718
122,228,139,2023-09-05,PIT,,MIL,"L,3-7",GS-9,3,2,0,0,0,0,0,0,1,0.0,1,0,0,0.0,0,0.0,0,0,0.205,0.332,0.443,0.775,5,0.33,0.018,0.0,0.00%,-0.15,2.0,3.0,CF,,2023-09-05,134,158,716714
123,229,140,2023-09-06,PIT,,MIL,"W,5-4",GS-7,3,3,0,1,1,0,0,1,0,0.0,0,0,0,0.0,1,0.0,0,0,0.206,0.332,0.445,0.777,4,1.45,0.246,0.0,0.00%,1.65,7.0,9.5,DH,,2023-09-06,134,158,716697
124,230,141,2023-09-08,PIT,@,ATL,"L,2-8",CG,4,4,1,1,0,0,1,2,0,0.0,1,0,0,0.0,0,0.0,0,0,0.207,0.331,0.451,0.782,4,0.43,-0.035,0.0,0.00%,1.0,16.0,22.2,LF,,2023-09-08,134,144,716674
125,231,142,2023-09-09,PIT,@,ATL,"W,8-4",CG,5,4,1,2,0,0,0,1,1,0.0,0,0,0,0.0,1,0.0,2,0,0.21,0.334,0.451,0.786,7,0.6,0.105,0.0,0.00%,1.32,22.0,27.7,RF,,2023-09-09,134,144,716651
126,232,143,2023-09-10,PIT,@,ATL,"L,2-5",CG,4,4,0,1,1,0,0,1,0,0.0,2,0,0,0.0,0,0.0,0,0,0.21,0.333,0.452,0.785,4,1.1,0.044,0.01,0.00%,0.18,7.0,9.5,CF,,2023-09-10,134,144,716644
127,233,145 (1),2023-09-12,PIT,,WSN,"W,5-1",CG,5,3,0,2,1,0,0,0,2,2.0,1,0,0,0.0,0,0.0,1,0,0.214,0.338,0.456,0.795,4,0.9,0.047,0.0,0.00%,0.35,17.0,21.0,CF,,2023-09-12,134,120,716620
128,234,146,2023-09-13,PIT,,WSN,"W,7-6",CG,4,3,1,1,0,0,0,1,1,0.0,0,0,0,0.0,0,0.0,0,0,0.215,0.34,0.455,0.795,4,0.54,0.048,0.0,0.00%,0.58,9.0,12.7,DH,,2023-09-13,134,120,716600
129,235,147,2023-09-14,PIT,,WSN,"W,2-0",CG,3,3,1,2,0,0,1,1,0,0.0,1,0,0,0.0,0,0.0,0,0,0.218,0.342,0.464,0.806,4,0.59,0.108,0.0,0.00%,1.28,17.0,21.7,CF,,2023-09-14,134,120,716591
130,236,148,2023-09-15,PIT,,NYY,"L,5-7",CG,5,4,0,0,0,0,0,1,0,0.0,3,0,0,1.0,0,0.0,0,0,0.216,0.338,0.46,0.798,4,1.28,-0.103,0.0,0.00%,-1.24,2.0,3.5,CF,,2023-09-15,134,147,716579
131,237,149,2023-09-16,PIT,,NYY,"L,3-6",CG,4,4,0,0,0,0,0,0,0,0.0,1,0,0,0.0,0,0.0,0,0,0.214,0.335,0.455,0.791,4,1.34,-0.118,0.0,0.00%,-1.05,0.0,0.0,CF,,2023-09-16,134,147,716563
132,238,150,2023-09-17,PIT,,NYY,"W,3-2",CG,4,4,0,1,0,0,0,0,0,0.0,1,0,0,0.0,0,0.0,0,0,0.214,0.335,0.453,0.788,5,0.79,-0.07,0.0,0.00%,-0.72,3.0,3.0,LF CF,,2023-09-17,134,147,716551
133,239,151,2023-09-19,PIT,@,CHC,"L,1-14",GS-9,3,3,0,1,0,0,0,0,0,0.0,2,0,0,0.0,0,0.0,0,0,0.215,0.335,0.452,0.787,4,0.97,-0.05,0.0,0.00%,-0.62,3.0,3.0,CF,,2023-09-19,134,112,716518
134,240,152,2023-09-20,PIT,@,CHC,"W,13-7",CG,5,4,1,1,0,0,0,1,1,0.0,2,0,0,0.0,0,0.0,0,0,0.215,0.335,0.45,0.786,5,0.9,0.047,0.0,0.00%,0.43,9.0,12.7,CF,,2023-09-20,134,112,716497
135,241,153,2023-09-21,PIT,@,CHC,"W,8-6",CG,5,3,2,1,0,0,0,0,2,0.0,1,0,0,0.0,0,0.0,1,0,0.216,0.338,0.45,0.788,4,0.97,0.0,0.0,0.00%,0.49,16.0,21.4,CF RF,,2023-09-21,134,112,716493
136,242,154,2023-09-22,PIT,@,CIN,"W,7-5",7-GF,1,0,0,0,0,0,0,1,0,0.0,0,0,0,1.0,0,0.0,0,0,0.216,0.337,0.45,0.787,4,1.0,-0.002,0.0,0.00%,-0.44,2.0,3.5,PR LF,,2023-09-22,134,113,716487
137,243,155,2023-09-23,PIT,@,CIN,"W,13-12",CG,5,4,3,2,0,0,0,1,1,0.0,1,0,0,0.0,0,0.0,0,0,0.219,0.34,0.45,0.79,4,1.02,0.178,0.0,0.00%,1.17,16.0,22.1,CF,,2023-09-23,134,113,716462
138,244,156,2023-09-24,PIT,@,CIN,"L,2-4",CG,4,3,1,1,0,0,1,1,1,0.0,2,0,0,0.0,0,0.0,0,0,0.22,0.341,0.456,0.797,6,1.65,0.044,0.0,0.00%,0.33,16.0,21.7,CF,,2023-09-24,134,113,716451
139,245,157,2023-09-26,PIT,@,PHI,"L,2-3",CG(10),4,4,0,1,0,0,0,0,0,0.0,1,0,0,0.0,0,0.0,0,0,0.22,0.34,0.454,0.795,4,1.01,-0.023,0.0,0.00%,-0.2,3.0,3.0,CF,,2023-09-26,134,143,716432
140,246,158,2023-09-27,PIT,@,PHI,"L,6-7",CG,4,4,0,1,0,1,0,1,0,0.0,1,0,0,0.0,0,0.0,0,0,0.22,0.34,0.457,0.797,6,1.16,0.045,0.0,0.00%,0.3,10.0,12.5,CF,,2023-09-27,134,143,716415
141,247,159,2023-09-28,PIT,@,PHI,"W,3-2",CG,4,4,0,2,0,0,0,1,0,0.0,0,0,0,0.0,0,0.0,0,0,0.223,0.341,0.457,0.798,4,1.24,0.044,0.0,0.00%,0.41,8.0,9.5,CF,,2023-09-28,134,143,716409
142,248,160,2023-09-29,PIT,,MIA,"L,3-4",CG,4,4,0,1,0,0,0,0,0,0.0,1,0,0,0.0,0,1.0,0,0,0.223,0.34,0.456,0.796,4,1.08,-0.131,0.0,0.00%,-1.41,3.0,3.0,CF,,2023-09-29,134,146,716398
143,249,161,2023-09-30,PIT,,MIA,"L,3-7",GS-9,4,4,0,1,0,0,0,0,0,0.0,1,0,0,0.0,0,0.0,0,0,0.223,0.34,0.454,0.793,4,1.39,-0.123,0.0,0.00%,-0.78,3.0,3.0,CF RF,,2023-09-30,134,146,716378
144,250,162,2023-10-01,PIT,,MIA,"W,3-0",CG,4,4,0,1,1,0,0,2,0,0.0,1,0,0,0.0,0,0.0,0,0,0.224,0.339,0.454,0.793,4,1.05,-0.03,0.0,0.00%,0.54,9.0,13.0,LF,,2023-10-01,134,146,716362
1,251,1,2024-03-28,PIT,@,MIA,"W,6-5",8-GF(12),2,1,0,0,0,0,0,0,1,1.0,0,0,0,0.0,0,0.0,0,0,0.0,0.5,0.0,0.5,8,2.81,-0.018,2.67,-0.01%,-0.05,2.0,3.0,PH LF,,2024-03-28,134,146,746089
2,252,2,2024-03-29,PIT,@,MIA,"W,7-2",7-GF,2,2,0,0,0,0,0,0,0,0.0,0,0,0,0.0,0,0.0,0,0,0.0,0.25,0.0,0.25,5,0.15,-0.008,0.15,0.00%,-0.56,0.0,0.0,PH LF,,2024-03-29,134,146,746091
3,253,3,2024-03-30,PIT,@,MIA,"W,9-3",CG,5,5,1,1,0,0,0,1,0,0.0,2,0,0,0.0,0,0.0,0,0,0.125,0.222,0.125,0.347,9,0.83,0.006,0.85,0.00%,-0.14,7.0,9.7,LF,,2024-03-30,134,146,746087
4,254,4,2024-03-31,PIT,@,MIA,"W,9-7",CG(10),6,6,1,1,0,0,0,0,0,0.0,2,0,0,0.0,0,0.0,0,0,0.143,0.2,0.143,0.343,5,1.23,-0.185,1.32,-0.12%,-1.92,5.0,6.2,CF LF,,2024-03-31,134,146,746090
5,255,5,2024-04-01,PIT,@,WSN,"W,8-4",7-GF,2,1,0,0,0,0,0,0,1,0.0,0,0,0,0.0,0,0.0,0,0,0.133,0.235,0.133,0.369,5,0.24,0.0,0.26,0.00%,-0.66,2.0,3.0,LF,,2024-04-01,134,120,744875
6,256,6,2024-04-03,PIT,@,WSN,"L,3-5",CG,4,4,2,2,1,0,1,1,0,0.0,0,0,0,0.0,0,0.0,0,0,0.211,0.286,0.421,0.707,4,0.8,0.142,0.92,0.10%,1.36,21.0,27.9,LF,,2024-04-03,134,120,744869
7,257,7,2024-04-04,PIT,@,WSN,"W,7-4",CG,5,3,1,0,0,0,0,1,1,0.0,0,0,0,1.0,0,0.0,0,0,0.182,0.269,0.364,0.633,4,0.6,-0.038,0.63,-0.02%,-0.89,6.0,9.7,LF,,2024-04-04,134,120,744870
8,258,8,2024-04-05,PIT,,BAL,"L,2-5",CG,4,4,0,0,0,0,0,0,0,0.0,2,0,0,0.0,0,0.0,0,0,0.154,0.233,0.308,0.541,4,1.48,-0.172,1.55,-0.11%,-1.59,0.0,0.0,LF,,2024-04-05,134,110,745524
9,259,9,2024-04-06,PIT,,BAL,"W,5-4",CG(11),5,4,0,1,0,0,0,0,1,0.0,1,0,0,0.0,0,0.0,0,0,0.167,0.257,0.3,0.557,4,1.42,-0.015,1.41,-0.01%,-0.1,5.0,6.0,CF,,2024-04-06,134,110,745522
10,260,10,2024-04-07,PIT,,BAL,"W,3-2",CG,4,4,1,1,0,0,0,0,0,0.0,0,0,0,0.0,0,0.0,0,0,0.176,0.256,0.294,0.551,4,1.94,0.26,1.99,0.16%,0.44,5.0,6.2,CF,,2024-04-07,134,110,745523
11,261,11,2024-04-08,PIT,,DET,"W,7-4",CG,5,4,2,2,0,0,0,0,1,0.0,1,0,0,0.0,0,0.0,0,0,0.211,0.295,0.316,0.611,4,0.46,0.038,0.49,0.02%,0.1,12.0,15.4,CF LF,,2024-04-08,134,116,745520
12,262,12,2024-04-09,PIT,,DET,"L,3-5",CG,4,4,0,0,0,0,0,0,0,0.0,0,0,0,0.0,0,0.0,0,0,0.19,0.271,0.286,0.557,4,0.74,-0.077,0.83,-0.05%,-0.96,0.0,0.0,LF,,2024-04-09,134,116,745517
13,263,14 (1),2024-04-12,PIT,@,PHI,"W,5-2",7-GF,1,1,0,0,0,0,0,0,0,0.0,0,0,0,0.0,0,0.0,1,0,0.186,0.265,0.279,0.544,4,0.71,0.001,0.81,0.00%,-0.14,5.0,6.0,PR LF,,2024-04-12,134,143,745596
14,264,15,2024-04-13,PIT,@,PHI,"L,3-4",CG,4,4,0,0,0,0,0,0,0,0.0,2,0,0,0.0,0,0.0,0,0,0.17,0.245,0.255,0.501,4,1.64,-0.185,1.9,-0.13%,-1.59,0.0,0.0,CF,,2024-04-13,134,143,745594
15,265,16,2024-04-14,PIT,@,PHI,"W,9-2",CG,5,4,1,2,0,0,1,4,1,0.0,0,0,0,0.0,0,0.0,0,0,0.196,0.276,0.333,0.609,6,1.19,0.259,1.33,0.17%,2.17,25.0,35.2,LF,,2024-04-14,134,143,745595
16,266,17,2024-04-15,PIT,@,NYM,"L,3-6",CG,4,2,1,0,0,0,0,0,2,0.0,0,0,0,0.0,0,0.0,0,0,0.189,0.29,0.321,0.611,6,1.07,0.029,1.2,0.02%,0.51,6.0,9.2,CF,,2024-04-15,134,121,745840
17,267,18,2024-04-16,PIT,@,NYM,"L,1-3",8-GF,1,1,0,0,0,0,0,0,0,0.0,1,0,0,0.0,0,0.0,0,0,0.185,0.286,0.315,0.601,4,0.99,-0.025,1.11,-0.02%,-0.17,0.0,0.0,PH RF,,2024-04-16,134,121,745837
18,268,19,2024-04-17,PIT,@,NYM,"L,1-9",CG,4,4,0,0,0,0,0,0,0,0.0,0,0,0,0.0,0,0.0,0,0,0.172,0.269,0.293,0.562,6,1.04,-0.076,1.16,-0.05%,-0.75,0.0,0.0,CF,,2024-04-17,134,121,745836
19,269,20,2024-04-19,PIT,,BOS,"L,1-8",GS-9,3,3,0,1,1,0,0,0,0,0.0,1,0,0,0.0,0,0.0,0,0,0.18,0.271,0.311,0.583,6,0.53,0.039,0.54,0.02%,0.29,5.0,6.0,LF,,2024-04-19,134,111,745518
20,270,21,2024-04-20,PIT,,BOS,"L,2-4",GS-8,3,3,0,0,0,0,0,0,0,0.0,2,0,0,0.0,0,0.0,0,0,0.172,0.26,0.297,0.557,4,2.04,-0.186,1.99,-0.11%,-1.5,0.0,0.0,LF,,2024-04-20,134,111,745515
21,271,22,2024-04-21,PIT,,BOS,"L,1-6",CG,4,4,0,2,0,0,0,0,0,0.0,0,0,0,0.0,0,0.0,0,0,0.191,0.273,0.309,0.582,4,0.61,0.001,0.56,0.00%,-0.26,6.0,6.0,CF,,2024-04-21,134,111,745514
22,272,23,2024-04-22,PIT,,MIL,"W,4-2",CG,4,3,1,0,0,0,0,0,1,1.0,0,0,0,0.0,1,0.0,0,0,0.183,0.272,0.296,0.567,5,1.22,0.135,1.24,0.08%,0.95,4.0,6.2,LF,,2024-04-22,134,158,745519
23,273,24,2024-04-23,PIT,,MIL,"W,2-1",CG,3,3,0,0,0,0,0,0,0,0.0,0,0,0,0.0,0,0.0,0,0,0.176,0.262,0.284,0.546,5,0.85,-0.071,0.92,-0.05%,-1.08,0.0,0.0,LF,,2024-04-23,134,158,745516
24,274,25,2024-04-24,PIT,,MIL,"L,2-3",CG,4,4,0,1,1,0,0,0,0,0.0,2,0,0,0.0,0,0.0,0,0,0.179,0.261,0.295,0.556,5,1.65,-0.07,1.82,-0.05%,-0.31,5.0,6.0,CF,,2024-04-24,134,158,745513
25,275,26,2024-04-25,PIT,,MIL,"L,5-7",CG,5,4,1,1,1,0,0,1,1,0.0,0,0,0,0.0,0,0.0,0,0,0.183,0.269,0.305,0.574,5,0.82,0.136,0.82,0.08%,0.85,11.0,15.7,LF,,2024-04-25,134,158,745512
26,276,27,2024-04-26,PIT,@,SFG,"L,0-3",8-GF,1,1,0,0,0,0,0,0,0,0.0,0,0,0,0.0,1,0.0,0,0,0.181,0.266,0.301,0.567,5,0.99,0.025,0.91,0.01%,0.13,0.0,0.0,PH RF,,2024-04-26,134,137,745347
27,277,28,2024-04-27,PIT,@,SFG,"W,4-3",CG(10),5,5,0,1,0,0,0,0,0,0.0,2,0,0,0.0,0,0.0,0,0,0.182,0.263,0.295,0.558,5,2.0,-0.063,1.68,-0.03%,-0.71,3.0,3.0,CF RF,,2024-04-27,134,137,745350
28,278,29,2024-04-28,PIT,@,SFG,"L,2-3",8-8,1,1,0,0,0,0,0,0,0,0.0,0,0,0,0.0,0,0.0,0,0,0.18,0.26,0.292,0.552,9,1.46,-0.037,1.32,-0.02%,-0.24,0.0,0.0,PH,,2024-04-28,134,137,745349
29,279,30,2024-04-29,PIT,@,OAK,"L,1-5",CG,3,1,0,0,0,0,0,0,2,0.0,1,0,0,0.0,0,0.0,0,0,0.178,0.272,0.289,0.561,5,1.32,-0.018,1.13,-0.01%,-0.16,4.0,6.0,LF,,2024-04-29,134,133,745672
30,280,31,2024-04-30,PIT,@,OAK,"L,2-5",8-GF,1,1,0,0,0,0,0,0,0,0.0,1,0,0,0.0,0,0.0,0,0,0.176,0.269,0.286,0.555,5,0.5,-0.012,0.41,-0.01%,-0.15,0.0,0.0,PH LF,,2024-04-30,134,133,745673
31,281,32,2024-05-01,PIT,@,OAK,"L,0-4",CG,4,4,0,0,0,0,0,0,0,0.0,1,0,0,0.0,0,0.0,0,0,0.168,0.259,0.274,0.533,8,1.44,-0.157,1.11,-0.07%,-1.56,0.0,0.0,CF,,2024-05-01,134,133,745670
32,282,33,2024-05-03,PIT,,COL,"L,2-3",CG,3,3,0,0,0,0,0,0,0,0.0,1,0,0,0.0,0,1.0,0,0,0.163,0.252,0.265,0.518,7,1.51,-0.161,1.08,-0.07%,-1.46,0.0,0.0,LF,,2024-05-03,134,115,745510
33,283,34,2024-05-04,PIT,,COL,"W,1-0",9-GF,1,1,0,1,0,0,0,1,0,0.0,0,0,0,0.0,0,0.0,0,0,0.172,0.259,0.273,0.532,9,6.39,0.339,4.26,0.14%,1.0,5.0,6.5,PH,,2024-05-04,134,115,745511
34,284,35,2024-05-05,PIT,,COL,"W,5-3",CG,3,3,0,1,0,0,0,1,0,0.0,1,0,0,0.0,0,0.0,0,0,0.176,0.261,0.275,0.535,7,1.06,0.056,0.73,0.02%,0.52,5.0,6.5,CF RF,,2024-05-05,134,115,745504
35,285,36,2024-05-06,PIT,,LAA,"W,4-1",9-GF,0,0,0,0,0,0,0,0,0,,0,0,0,,0,,0,0,0.176,0.261,0.275,0.535,5,,,,,,0.0,0.0,RF,,2024-05-06,134,108,745509
36,286,37,2024-05-07,PIT,,LAA,"L,0-9",9-GF,1,1,0,0,0,0,0,0,0,0.0,0,0,0,0.0,0,0.0,0,0,0.175,0.259,0.272,0.53,2,0.01,0.0,0.01,0.00%,-0.25,0.0,0.0,LF,,2024-05-07,134,108,745508
37,287,38,2024-05-08,PIT,,LAA,"L,4-5",CG,4,4,0,1,1,0,0,0,0,0.0,2,0,0,0.0,0,0.0,0,0,0.178,0.258,0.28,0.539,7,1.44,-0.087,1.08,-0.04%,-0.16,5.0,6.0,CF,,2024-05-08,134,108,745507
38,288,39,2024-05-10,PIT,,CHC,"L,2-7",CG,4,4,0,0,0,0,0,0,0,0.0,2,0,0,0.0,0,0.0,0,0,0.171,0.25,0.27,0.52,6,1.17,-0.119,0.92,-0.06%,-1.28,0.0,0.0,LF,,2024-05-10,134,112,745506
39,289,40,2024-05-11,PIT,,CHC,"W,10-9",7-GF,0,0,0,0,0,0,0,0,0,,0,0,0,,0,,0,0,0.171,0.25,0.27,0.52,5,,,,,,0.0,0.0,RF,,2024-05-11,134,112,745505
40,290,41,2024-05-12,PIT,,CHC,"L,4-5",CG(10),5,3,0,1,0,0,0,0,2,0.0,2,0,0,0.0,0,0.0,2,0,0.175,0.264,0.272,0.535,5,1.91,0.248,1.48,0.12%,1.14,17.0,21.0,CF RF,,2024-05-12,134,112,745499
41,291,42,2024-05-13,PIT,@,MIL,"W,8-6",CG,5,4,1,1,0,0,1,2,1,0.0,1,0,0,0.0,0,0.0,0,0,0.178,0.269,0.297,0.565,4,0.67,0.125,0.49,0.06%,0.62,18.0,25.2,LF,,2024-05-13,134,158,745991
42,292,43,2024-05-14,PIT,@,MIL,"L,3-4",CG,4,4,0,0,0,0,0,0,0,0.0,2,0,0,0.0,0,0.0,0,0,0.172,0.261,0.287,0.548,5,1.35,-0.143,1.09,-0.07%,-1.17,0.0,0.0,LF,,2024-05-14,134,158,745989
43,293,44,2024-05-15,PIT,@,MIL,"L,2-10",7-GF,0,0,0,0,0,0,0,0,0,,0,0,0,,0,,0,0,0.172,0.261,0.287,0.548,2,,,,,,0.0,0.0,LF,,2024-05-15,134,158,745992
44,294,45,2024-05-16,PIT,@,CHC,"W,5-4",CG,4,4,0,0,0,0,0,0,0,0.0,4,0,0,0.0,0,0.0,0,0,0.167,0.254,0.278,0.531,7,0.64,-0.069,0.43,-0.03%,-0.92,0.0,0.0,LF,,2024-05-16,134,112,746881
45,295,46,2024-05-17,PIT,@,CHC,"W,9-3",CG,5,5,1,1,0,0,0,0,0,0.0,2,0,0,0.0,0,0.0,1,0,0.168,0.252,0.275,0.527,6,0.44,-0.061,0.32,-0.03%,-1.0,10.0,12.2,CF,,2024-05-17,134,112,746878
46,296,47,2024-05-18,PIT,@,CHC,"L,0-1",9-GF,0,0,0,0,0,0,0,0,0,,0,0,0,,0,,0,0,0.168,0.252,0.275,0.527,4,,,,,,0.0,0.0,RF,,2024-05-18,134,112,746882
47,297,48,2024-05-19,PIT,@,CHC,"W,3-2",CG,5,3,1,1,0,0,1,1,2,0.0,0,0,0,0.0,0,0.0,1,0,0.172,0.263,0.299,0.562,6,1.29,0.148,0.97,0.07%,1.2,23.0,30.7,CF RF,,2024-05-19,134,112,746880
48,298,49,2024-05-21,PIT,,SFG,"W,7-6",CG(10),4,3,1,1,0,0,0,0,1,0.0,1,0,0,0.0,0,0.0,0,0,0.175,0.269,0.299,0.569,6,0.82,0.072,0.63,0.03%,0.95,7.0,9.2,LF,,2024-05-21,134,137,745503
49,299,50,2024-05-22,PIT,,SFG,"L,5-9",8-GF(10),1,1,0,0,0,0,0,0,0,0.0,1,0,0,0.0,0,0.0,0,0,0.174,0.268,0.297,0.565,4,0.95,-0.024,0.82,-0.01%,-0.45,0.0,0.0,RF,,2024-05-22,134,137,745502
50,300,60 (9),2024-06-04 00:00:00,PIT,,LAD,"W,1-0",CG,3,3,1,1,0,0,1,1,0,0.0,2,0,0,0.0,0,0.0,0,0,0.177,0.269,0.319,0.588,9,0.8,0.077,0.58,0.03%,0.49,14.0,18.7,CF,,2024-06-04,134,119,745497
51,301,61,2024-06-05 00:00:00,PIT,,LAD,"W,10-6",CG,4,3,0,0,0,0,0,0,0,0.0,3,0,1,0.0,0,0.0,0,0,0.174,0.264,0.313,0.576,9,0.31,-0.008,0.24,0.00%,-0.71,0.0,0.0,CF,,2024-06-05,134,119,745494
52,302,62,2024-06-06 00:00:00,PIT,,LAD,"L,7-11",GS-9,4,4,0,2,0,0,0,1,0,0.0,1,0,0,0.0,0,0.0,0,0,0.182,0.269,0.318,0.587,9,0.87,0.093,0.73,0.05%,0.8,8.0,9.5,CF,,2024-06-06,134,119,745495
53,303,63,2024-06-07 00:00:00,PIT,,MIN,"W,3-0",CG,3,3,0,0,0,0,0,0,0,0.0,1,0,0,0.0,0,0.0,0,0,0.179,0.265,0.311,0.576,8,0.53,-0.041,0.37,-0.02%,-0.71,0.0,0.0,CF RF,,2024-06-07,134,142,745496
54,304,65 (1),2024-06-09 00:00:00,PIT,,MIN,"L,5-11",CG(10),4,3,0,0,0,0,0,0,1,0.0,2,0,0,0.0,0,0.0,0,0,0.175,0.264,0.305,0.57,8,1.84,-0.1,1.38,-0.05%,-0.75,2.0,3.0,CF LF,,2024-06-09,134,142,745491
55,305,66,2024-06-11 00:00:00,PIT,@,STL,"W,2-1",CG,3,2,1,0,0,0,0,0,1,0.0,2,0,0,0.0,0,0.0,0,0,0.173,0.266,0.301,0.567,9,1.52,0.027,1.2,0.01%,-0.01,4.0,6.2,CF RF,,2024-06-11,134,138,745170
56,306,68 (1),2024-06-13 00:00:00,PIT,@,STL,"L,3-4",CG,4,3,1,0,0,0,0,0,1,0.0,3,0,0,0.0,0,0.0,0,0,0.17,0.265,0.296,0.561,7,1.39,-0.085,1.16,-0.04%,-0.37,4.0,6.2,LF,,2024-06-13,134,138,745168
57,307,69,2024-06-14 00:00:00,PIT,@,COL,"W,5-2",CG,4,3,1,1,0,0,1,2,1,0.0,0,0,0,0.0,0,1.0,0,0,0.173,0.27,0.315,0.585,7,0.9,0.144,0.62,0.06%,1.1,18.0,25.2,CF RF,,2024-06-14,134,115,746545
58,308,71 (1),2024-06-16 00:00:00,PIT,@,COL,"W,8-2",CG,5,5,1,2,0,0,0,1,0,0.0,2,0,0,0.0,0,0.0,0,1,0.18,0.274,0.317,0.591,7,0.71,0.013,0.51,0.01%,-0.33,10.0,12.7,RF,,2024-06-16,134,115,746546
59,309,72,2024-06-17 00:00:00,PIT,,CIN,"W,4-1",CG,3,3,0,0,0,0,0,0,0,0.0,1,0,0,0.0,0,0.0,0,0,0.176,0.269,0.312,0.581,8,0.53,-0.041,0.42,-0.02%,-0.78,0.0,0.0,CF RF,,2024-06-17,134,113,745490
60,310,73,2024-06-18 00:00:00,PIT,,CIN,"L,1-2",9-GF,1,1,0,0,0,0,0,0,0,0.0,1,0,0,0.0,0,0.0,0,0,0.175,0.268,0.31,0.578,3,3.47,-0.088,2.88,-0.04%,-0.24,0.0,0.0,PH,,2024-06-18,134,113,745488
61,311,74,2024-06-19 00:00:00,PIT,,CIN,"W,1-0",8-GF,1,1,0,0,0,0,0,0,0,0.0,1,0,0,0.0,0,0.0,0,0,0.174,0.267,0.308,0.575,9,1.81,-0.046,1.4,-0.02%,-0.23,0.0,0.0,PH CF,,2024-06-19,134,113,745489
62,312,75,2024-06-21 00:00:00,PIT,,TBR,"L,3-10",CG,4,4,0,1,1,0,0,1,0,0.0,0,0,0,0.0,0,0.0,0,0,0.176,0.266,0.313,0.579,8,0.93,0.125,0.72,0.06%,0.92,7.0,9.5,CF,,2024-06-21,134,139,745483
63,313,76,2024-06-22 00:00:00,PIT,,TBR,"W,4-3",CG,3,3,0,0,0,0,0,0,0,0.0,2,0,0,0.0,0,0.0,0,0,0.173,0.262,0.307,0.57,8,0.53,-0.042,0.38,-0.02%,-0.55,0.0,0.0,CF RF,,2024-06-22,134,139,745486
64,314,77,2024-06-23 00:00:00,PIT,,TBR,"L,1-3",CG,3,3,0,0,0,0,0,0,0,0.0,0,0,0,0.0,0,0.0,0,0,0.17,0.259,0.302,0.561,7,1.04,-0.083,0.78,-0.04%,-0.57,0.0,0.0,LF CF,,2024-06-23,134,139,745485
65,315,78,2024-06-24 00:00:00,PIT,@,CIN,"L,5-11",CG,4,4,1,1,0,0,0,0,0,0.0,1,0,0,0.0,0,0.0,0,0,0.172,0.258,0.301,0.559,8,0.79,0.01,0.57,0.00%,0.04,5.0,6.2,CF,,2024-06-24,134,113,746696
66,316,79,2024-06-25 00:00:00,PIT,@,CIN,"W,9-5",9-GF,0,0,0,0,0,0,0,0,0,,0,0,0,,0,,0,0,0.172,0.258,0.301,0.559,5,,,,,,0.0,0.0,RF,,2024-06-25,134,113,746697
