Rk,Gcar,Date,Tm,Unnamed: 5,Opp,Rslt,Inngs,PA,AB,R,H,2B,3B,HR,RBI,BB,IBB,SO,HBP,SH,SF,ROE,GDP,SB,CS,BA,OBP,SLG,OPS,BOP,aLI,WPA,acLI,cWPA,RE24,DFS(DK),DFS(FD),Pos,dbl,game_date,team_id,opp_id,game_id,season,AVG_20,OBP_20,SLG_20,OPS_20,SB_20,CS_20,XB_20,TB_20,SO_20,AVG_10,OBP_10,SLG_10,OPS_10,SB_10,CS_10,XB_10,TB_10,SO_10,AVG_5,OBP_5,SLG_5,OPS_5,SB_5,CS_5,XB_5,TB_5,SO_5,AVG_3,OBP_3,SLG_3,OPS_3,SB_3,CS_3,XB_3,TB_3,SO_3,AVG_current,OBP_current,SLG_current,OPS_current,SB_current,CS_current,XB_current,TB_current,SO_current
1,1,2023-08-26,WSN,@,MIA,"W,3-2",9-GF,0.0,0.0,1.0,0.0,0.0,0.0,0.0,0.0,0.0,0.0,0.0,0.0,0.0,0.0,0.0,0.0,0.0,0.0,,,,,3,,0.0,,0.00%,0.0,2.0,3.2,PR DH,,2023-08-26,120,146,716844,2023,0.0,0.0,0.0,0.0,0.0,0.0,0.0,0.0,0.0,0.0,0.0,0.0,0.0,0.0,0.0,0.0,0.0,0.0,0.0,0.0,0.0,0.0,0.0,0.0,0.0,0.0,0.0,0.0,0.0,0.0,0.0,0.0,0.0,0.0,0.0,0.0,,,,,0.0,0.0,0.0,0.0,0.0
2,2,2023-08-27,WSN,@,MIA,"L,1-2",CG,4.0,3.0,0.0,0.0,0.0,0.0,0.0,0.0,1.0,0.0,0.0,0.0,0.0,0.0,0.0,1.0,0.0,0.0,0.0,0.25,0.0,0.25,9,2.46,-0.34,0.18,-0.02%,-1.52,2.0,3.0,CF,,2023-08-27,120,146,716827,2023,0.0,0.0,0.0,0.0,0.0,0.0,0.0,0.0,0.0,0.0,0.0,0.0,0.0,0.0,0.0,0.0,0.0,0.0,0.0,0.0,0.0,0.0,0.0,0.0,0.0,0.0,0.0,0.0,0.0,0.0,0.0,0.0,0.0,0.0,0.0,0.0,,,,,0.0,0.0,0.0,0.0,0.0
3,3,2023-08-28,WSN,@,TOR,"L,3-6",CG,4.0,3.0,0.0,0.0,0.0,0.0,0.0,0.0,1.0,0.0,1.0,0.0,0.0,0.0,0.0,0.0,0.0,0.0,0.0,0.25,0.0,0.25,9,0.54,-0.042,0.02,0.00%,-0.52,2.0,3.0,CF,,2023-08-28,120,141,716816,2023,0.0,0.25,0.0,0.25,0.0,0.0,0.0,0.0,0.0,0.0,0.25,0.0,0.25,0.0,0.0,0.0,0.0,0.0,0.0,0.25,0.0,0.25,0.0,0.0,0.0,0.0,0.0,0.0,0.25,0.0,0.25,0.0,0.0,0.0,0.0,0.0,0.0,0.25,0.0,0.25,0.0,0.0,0.0,0.0,0.0
4,4,2023-08-29,WSN,@,TOR,"W,5-4",CG,4.0,4.0,0.0,1.0,0.0,0.0,0.0,0.0,0.0,0.0,1.0,0.0,0.0,0.0,0.0,0.0,1.0,0.0,0.1,0.25,0.1,0.35,9,0.49,-0.041,0.01,0.00%,-0.29,8.0,9.0,CF,,2023-08-29,120,141,716801,2023,0.0,0.25,0.0,0.25,0.0,0.0,0.0,0.0,1.0,0.0,0.25,0.0,0.25,0.0,0.0,0.0,0.0,1.0,0.0,0.25,0.0,0.25,0.0,0.0,0.0,0.0,1.0,0.0,0.25,0.0,0.25,0.0,0.0,0.0,0.0,1.0,0.0,0.25,0.0,0.25,0.0,0.0,0.0,0.0,1.0
5,5,2023-08-30,WSN,@,TOR,"L,0-7",CG,3.0,3.0,0.0,1.0,1.0,0.0,0.0,0.0,0.0,0.0,0.0,0.0,0.0,0.0,0.0,0.0,0.0,0.0,0.154,0.267,0.231,0.497,9,0.42,-0.026,0.02,0.00%,-0.56,5.0,6.0,CF,,2023-08-30,120,141,716785,2023,0.1,0.25,0.1,0.35,1.0,0.0,0.0,1.0,2.0,0.1,0.25,0.1,0.35,1.0,0.0,0.0,1.0,2.0,0.1,0.25,0.1,0.35,1.0,0.0,0.0,1.0,2.0,0.1,0.25,0.1,0.35,1.0,0.0,0.0,1.0,2.0,0.1,0.25,0.1,0.35,1.0,0.0,0.0,1.0,2.0
6,6,2023-08-31,WSN,,MIA,"L,1-6",CG,3.0,3.0,0.0,1.0,1.0,0.0,0.0,0.0,0.0,0.0,2.0,0.0,0.0,0.0,0.0,0.0,0.0,0.0,0.188,0.278,0.313,0.59,9,0.69,0.016,0.02,0.00%,0.48,5.0,6.0,CF,,2023-08-31,120,146,716776,2023,0.154,0.267,0.308,0.574,1.0,0.0,1.0,3.0,2.0,0.154,0.267,0.308,0.574,1.0,0.0,1.0,3.0,2.0,0.154,0.267,0.308,0.574,1.0,0.0,1.0,3.0,2.0,0.2,0.273,0.4,0.673,1.0,0.0,1.0,3.0,2.0,0.154,0.267,0.308,0.574,1.0,0.0,1.0,3.0,2.0
7,7,2023-09-01,WSN,,MIA,"L,5-8",CG(11),4.0,3.0,0.0,1.0,0.0,0.0,0.0,0.0,0.0,0.0,2.0,0.0,1.0,0.0,0.0,0.0,0.0,0.0,0.211,0.286,0.316,0.602,9,1.36,-0.096,0.02,0.00%,-0.54,3.0,3.0,CF,,2023-09-01,120,146,716771,2023,0.188,0.278,0.438,0.715,1.0,0.0,2.0,5.0,4.0,0.188,0.278,0.438,0.715,1.0,0.0,2.0,5.0,4.0,0.188,0.278,0.438,0.715,1.0,0.0,2.0,5.0,4.0,0.3,0.3,0.7,1.0,1.0,0.0,2.0,5.0,3.0,0.188,0.278,0.438,0.715,1.0,0.0,2.0,5.0,4.0
8,8,2023-09-02,WSN,,MIA,"L,5-11",CG,4.0,3.0,0.0,1.0,0.0,0.0,0.0,1.0,1.0,0.0,0.0,0.0,0.0,0.0,0.0,1.0,0.0,0.0,0.227,0.32,0.318,0.638,9,0.79,-0.165,0.01,0.00%,-0.45,7.0,9.5,CF,,2023-09-02,120,146,716760,2023,0.211,0.286,0.421,0.707,1.0,0.0,2.0,6.0,6.0,0.211,0.286,0.421,0.707,1.0,0.0,2.0,6.0,6.0,0.25,0.294,0.5,0.794,1.0,0.0,2.0,6.0,6.0,0.333,0.333,0.778,1.111,0.0,0.0,2.0,5.0,4.0,0.211,0.286,0.421,0.707,1.0,0.0,2.0,6.0,6.0
9,9,2023-09-03,WSN,,MIA,"L,4-6",CG,4.0,4.0,1.0,1.0,0.0,0.0,0.0,1.0,0.0,0.0,0.0,0.0,0.0,0.0,0.0,0.0,1.0,0.0,0.231,0.31,0.308,0.618,9,1.86,0.059,0.0,0.00%,0.18,12.0,15.7,CF,,2023-09-03,120,146,716740,2023,0.227,0.32,0.409,0.729,1.0,0.0,2.0,7.0,6.0,0.227,0.32,0.409,0.729,1.0,0.0,2.0,7.0,6.0,0.312,0.353,0.562,0.915,1.0,0.0,2.0,7.0,5.0,0.333,0.4,0.556,0.956,0.0,0.0,1.0,4.0,4.0,0.227,0.32,0.409,0.729,1.0,0.0,2.0,7.0,6.0
10,10,2023-09-05,WSN,,NYM,"L,5-11",CG,5.0,4.0,2.0,2.0,1.0,0.0,0.0,1.0,1.0,0.0,1.0,0.0,0.0,0.0,0.0,0.0,0.0,0.0,0.267,0.353,0.367,0.72,1,0.21,0.039,0.0,0.00%,1.15,16.0,21.9,CF,,2023-09-05,120,121,716715,2023,0.231,0.31,0.385,0.695,2.0,0.0,2.0,8.0,6.0,0.231,0.31,0.385,0.695,2.0,0.0,2.0,8.0,6.0,0.312,0.353,0.562,0.915,1.0,0.0,2.0,7.0,4.0,0.3,0.364,0.3,0.664,1.0,0.0,0.0,3.0,2.0,0.231,0.31,0.385,0.695,2.0,0.0,2.0,8.0,6.0
11,11,2023-09-06,WSN,,NYM,"W,3-2",CG,4.0,4.0,0.0,2.0,1.0,0.0,0.0,1.0,0.0,0.0,1.0,0.0,0.0,0.0,0.0,0.0,0.0,0.0,0.294,0.368,0.412,0.78,9,2.38,0.071,0.0,0.00%,0.36,10.0,12.5,CF,,2023-09-06,120,121,716701,2023,0.267,0.353,0.467,0.82,2.0,0.0,3.0,11.0,7.0,0.267,0.353,0.467,0.82,2.0,0.0,3.0,11.0,7.0,0.353,0.421,0.588,1.009,1.0,0.0,2.0,8.0,5.0,0.364,0.462,0.545,1.007,1.0,0.0,1.0,5.0,1.0,0.267,0.353,0.467,0.82,2.0,0.0,3.0,11.0,7.0
12,12,2023-09-08,WSN,,LAD,"L,5-8",CG,3.0,3.0,1.0,1.0,1.0,0.0,0.0,0.0,0.0,0.0,0.0,0.0,0.0,0.0,0.0,0.0,0.0,0.0,0.297,0.366,0.432,0.798,9,0.88,0.059,0.0,0.00%,0.3,7.0,9.2,CF,,2023-09-08,120,119,716676,2023,0.294,0.368,0.529,0.898,2.0,0.0,4.0,14.0,8.0,0.294,0.368,0.529,0.898,2.0,0.0,4.0,14.0,8.0,0.389,0.45,0.611,1.061,1.0,0.0,2.0,9.0,4.0,0.417,0.462,0.75,1.212,1.0,0.0,2.0,7.0,2.0,0.294,0.368,0.529,0.898,2.0,0.0,4.0,14.0,8.0
13,13,2023-09-09,WSN,,LAD,"W,7-6",CG(11),5.0,4.0,0.0,1.0,0.0,0.0,0.0,0.0,0.0,0.0,1.0,0.0,1.0,0.0,0.0,0.0,0.0,0.0,0.293,0.356,0.415,0.77,9,2.33,0.141,0.0,0.00%,-0.2,3.0,3.0,CF,,2023-09-09,120,119,716662,2023,0.297,0.366,0.568,0.933,2.0,0.0,5.0,16.0,8.0,0.324,0.378,0.618,0.996,2.0,0.0,5.0,16.0,8.0,0.389,0.45,0.722,1.172,1.0,0.0,3.0,10.0,2.0,0.455,0.5,1.0,1.5,0.0,0.0,3.0,8.0,2.0,0.297,0.366,0.568,0.933,2.0,0.0,5.0,16.0,8.0
14,14,2023-09-10,WSN,,LAD,"L,3-7",CG,5.0,4.0,0.0,2.0,0.0,0.0,0.0,1.0,1.0,0.0,0.0,0.0,0.0,0.0,0.0,0.0,2.0,0.0,0.311,0.38,0.422,0.802,1,0.93,0.09,0.0,0.00%,1.75,20.0,24.5,CF,,2023-09-10,120,119,716647,2023,0.293,0.356,0.537,0.892,2.0,0.0,5.0,17.0,9.0,0.343,0.378,0.629,1.007,2.0,0.0,5.0,17.0,8.0,0.368,0.4,0.684,1.084,1.0,0.0,3.0,10.0,3.0,0.364,0.364,0.727,1.091,0.0,0.0,2.0,6.0,2.0,0.293,0.356,0.537,0.892,2.0,0.0,5.0,17.0,9.0
15,15,2023-09-11,WSN,@,PIT,"W,6-2",CG,4.0,4.0,1.0,0.0,0.0,0.0,0.0,0.0,0.0,0.0,0.0,0.0,0.0,0.0,0.0,0.0,1.0,0.0,0.286,0.352,0.388,0.74,9,0.71,-0.058,0.0,0.00%,-1.08,7.0,9.2,CF,,2023-09-11,120,134,716635,2023,0.311,0.38,0.533,0.913,4.0,0.0,5.0,19.0,9.0,0.371,0.421,0.657,1.078,3.0,0.0,5.0,18.0,7.0,0.421,0.476,0.737,1.213,2.0,0.0,3.0,11.0,3.0,0.364,0.417,0.545,0.962,2.0,0.0,1.0,5.0,1.0,0.311,0.38,0.533,0.913,4.0,0.0,5.0,19.0,9.0
16,16,2023-09-12,WSN,@,PIT,"L,1-5",CG,3.0,3.0,0.0,0.0,0.0,0.0,0.0,0.0,0.0,0.0,1.0,0.0,0.0,0.0,0.0,0.0,0.0,0.0,0.269,0.333,0.365,0.699,9,0.43,-0.034,0.0,0.00%,-0.39,0.0,0.0,CF,,2023-09-12,120,134,716620,2023,0.286,0.352,0.49,0.842,5.0,0.0,5.0,19.0,9.0,0.333,0.385,0.556,0.94,4.0,0.0,4.0,16.0,7.0,0.316,0.35,0.526,0.876,3.0,0.0,2.0,8.0,2.0,0.25,0.308,0.25,0.558,3.0,0.0,0.0,3.0,1.0,0.286,0.352,0.49,0.842,5.0,0.0,5.0,19.0,9.0
17,17,2023-09-13,WSN,@,PIT,"L,6-7",GS-9,3.0,3.0,0.0,0.0,0.0,0.0,0.0,0.0,0.0,0.0,2.0,0.0,0.0,0.0,0.0,0.0,0.0,0.0,0.255,0.317,0.345,0.662,9,0.65,-0.05,0.0,0.00%,-0.53,0.0,0.0,CF,,2023-09-13,120,134,716600,2023,0.269,0.333,0.462,0.795,5.0,0.0,5.0,19.0,10.0,0.306,0.359,0.472,0.831,4.0,0.0,3.0,14.0,6.0,0.222,0.263,0.333,0.596,3.0,0.0,1.0,5.0,2.0,0.182,0.25,0.182,0.432,3.0,0.0,0.0,2.0,1.0,0.269,0.333,0.462,0.795,5.0,0.0,5.0,19.0,10.0
18,18,2023-09-14,WSN,@,PIT,"L,0-2",CG,3.0,2.0,0.0,0.0,0.0,0.0,0.0,0.0,0.0,0.0,1.0,0.0,1.0,0.0,0.0,0.0,0.0,0.0,0.246,0.306,0.333,0.64,9,1.16,-0.069,0.0,0.00%,-0.57,0.0,0.0,CF,,2023-09-14,120,134,716591,2023,0.255,0.317,0.436,0.753,5.0,0.0,5.0,19.0,12.0,0.278,0.333,0.444,0.778,4.0,0.0,3.0,13.0,6.0,0.167,0.211,0.167,0.377,3.0,0.0,0.0,3.0,4.0,0.0,0.0,0.0,0.0,1.0,0.0,0.0,0.0,3.0,0.255,0.317,0.436,0.753,5.0,0.0,5.0,19.0,12.0
19,19,2023-09-15,WSN,@,MIL,"L,3-5",CG,3.0,3.0,0.0,0.0,0.0,0.0,0.0,0.0,0.0,0.0,0.0,0.0,0.0,0.0,0.0,0.0,0.0,0.0,0.233,0.292,0.317,0.609,9,1.09,-0.09,0.0,0.00%,-0.78,0.0,0.0,CF,,2023-09-15,120,158,716578,2023,0.246,0.306,0.421,0.728,5.0,0.0,5.0,19.0,13.0,0.257,0.297,0.429,0.726,4.0,0.0,3.0,12.0,7.0,0.125,0.176,0.125,0.301,3.0,0.0,0.0,2.0,4.0,0.0,0.0,0.0,0.0,0.0,0.0,0.0,0.0,4.0,0.246,0.306,0.421,0.728,5.0,0.0,5.0,19.0,13.0
20,20,2023-09-16,WSN,@,MIL,"L,5-9",CG,4.0,4.0,0.0,1.0,0.0,0.0,0.0,0.0,0.0,0.0,1.0,0.0,0.0,0.0,0.0,0.0,1.0,0.0,0.234,0.29,0.313,0.602,9,1.88,-0.01,0.0,0.00%,-0.23,8.0,9.0,CF,,2023-09-16,120,158,716559,2023,0.233,0.292,0.4,0.692,5.0,0.0,5.0,19.0,13.0,0.235,0.278,0.412,0.69,3.0,0.0,3.0,11.0,7.0,0.0,0.0,0.0,0.0,1.0,0.0,0.0,0.0,4.0,0.0,0.0,0.0,0.0,0.0,0.0,0.0,0.0,3.0,0.233,0.292,0.4,0.692,5.0,0.0,5.0,19.0,13.0
21,21,2023-09-17,WSN,@,MIL,"W,2-1",CG(11),4.0,2.0,0.0,0.0,0.0,0.0,0.0,0.0,2.0,0.0,0.0,0.0,0.0,0.0,0.0,0.0,1.0,0.0,0.227,0.301,0.303,0.604,9,3.05,0.021,0.0,0.00%,0.08,9.0,12.0,CF,,2023-09-17,120,158,716543,2023,0.234,0.29,0.391,0.68,6.0,0.0,5.0,20.0,14.0,0.206,0.229,0.324,0.552,4.0,0.0,2.0,9.0,7.0,0.067,0.067,0.067,0.133,1.0,0.0,0.0,1.0,5.0,0.111,0.111,0.111,0.222,1.0,0.0,0.0,1.0,2.0,0.234,0.29,0.391,0.68,6.0,0.0,5.0,20.0,14.0
22,22,2023-09-18,WSN,,CHW,"L,1-6",CG,3.0,3.0,0.0,1.0,0.0,0.0,0.0,0.0,0.0,0.0,0.0,0.0,0.0,0.0,0.0,0.0,0.0,0.0,0.232,0.303,0.304,0.607,9,0.7,0.047,0.0,0.00%,0.34,3.0,3.0,CF,,2023-09-18,120,145,716539,2023,0.227,0.301,0.379,0.68,7.0,0.0,5.0,20.0,14.0,0.156,0.229,0.219,0.447,5.0,0.0,1.0,6.0,6.0,0.071,0.188,0.071,0.259,2.0,0.0,0.0,1.0,4.0,0.111,0.273,0.111,0.384,2.0,0.0,0.0,1.0,1.0,0.227,0.301,0.379,0.68,7.0,0.0,5.0,20.0,14.0
23,23,2023-09-19,WSN,,CHW,"W,4-3",CG,3.0,3.0,1.0,2.0,1.0,1.0,0.0,0.0,0.0,0.0,1.0,0.0,0.0,0.0,0.0,0.0,0.0,0.0,0.25,0.316,0.361,0.678,9,0.84,0.157,0.0,0.00%,0.98,15.0,18.2,CF,,2023-09-19,120,145,716525,2023,0.242,0.306,0.394,0.699,7.0,0.0,5.0,21.0,14.0,0.156,0.229,0.156,0.385,5.0,0.0,0.0,5.0,6.0,0.143,0.25,0.143,0.393,2.0,0.0,0.0,2.0,2.0,0.222,0.364,0.222,0.586,2.0,0.0,0.0,2.0,1.0,0.232,0.303,0.377,0.679,7.0,0.0,5.0,21.0,14.0
24,24,2023-09-20,WSN,,CHW,"W,13-3",CG,5.0,5.0,1.0,1.0,0.0,0.0,0.0,1.0,0.0,0.0,0.0,0.0,0.0,0.0,0.0,0.0,0.0,0.0,0.247,0.31,0.351,0.66,9,0.33,0.039,0.0,0.00%,0.88,7.0,9.7,CF,,2023-09-20,120,145,716513,2023,0.273,0.324,0.5,0.824,7.0,0.0,7.0,26.0,14.0,0.194,0.265,0.355,0.62,5.0,0.0,2.0,9.0,6.0,0.267,0.353,0.6,0.953,2.0,0.0,2.0,7.0,2.0,0.375,0.5,1.0,1.5,1.0,0.0,2.0,6.0,1.0,0.25,0.316,0.458,0.775,7.0,0.0,7.0,26.0,15.0
25,25,2023-09-21,WSN,,ATL,"L,3-10",CG,4.0,3.0,0.0,1.0,0.0,0.0,0.0,1.0,1.0,0.0,2.0,0.0,0.0,0.0,0.0,0.0,0.0,0.0,0.25,0.318,0.35,0.668,9,0.4,0.013,0.0,0.00%,0.93,7.0,9.5,CF,,2023-09-21,120,144,716496,2023,0.269,0.319,0.493,0.812,6.0,0.0,7.0,26.0,13.0,0.156,0.206,0.312,0.518,3.0,0.0,2.0,8.0,6.0,0.294,0.368,0.588,0.957,2.0,0.0,2.0,8.0,2.0,0.364,0.364,0.818,1.182,0.0,0.0,2.0,7.0,1.0,0.247,0.31,0.442,0.751,7.0,0.0,7.0,27.0,15.0
26,26,2023-09-22,WSN,,ATL,"L,6-9",CG,4.0,3.0,1.0,0.0,0.0,0.0,0.0,0.0,1.0,0.0,0.0,0.0,0.0,0.0,0.0,0.0,1.0,0.0,0.241,0.315,0.337,0.653,9,1.13,-0.043,0.0,0.00%,-0.72,9.0,12.2,CF,,2023-09-22,120,144,716485,2023,0.269,0.329,0.463,0.791,6.0,0.0,6.0,25.0,15.0,0.194,0.265,0.355,0.62,2.0,0.0,2.0,9.0,8.0,0.312,0.421,0.625,1.046,1.0,0.0,2.0,8.0,3.0,0.364,0.417,0.818,1.235,0.0,0.0,2.0,7.0,3.0,0.25,0.318,0.438,0.756,7.0,0.0,7.0,28.0,17.0
27,27,2023-09-24,WSN,,ATL,"W,3-2",CG,3.0,2.0,0.0,2.0,1.0,0.0,0.0,2.0,0.0,0.0,0.0,1.0,0.0,0.0,0.0,0.0,0.0,0.0,0.259,0.337,0.365,0.702,9,1.82,0.22,0.0,0.00%,2.19,14.0,19.0,CF,1.0,2023-09-24,120,144,716459,2023,0.254,0.324,0.418,0.742,7.0,0.0,5.0,23.0,13.0,0.194,0.286,0.355,0.641,3.0,0.0,2.0,9.0,7.0,0.294,0.368,0.588,0.957,1.0,0.0,2.0,8.0,3.0,0.182,0.308,0.182,0.49,1.0,0.0,0.0,2.0,2.0,0.241,0.315,0.422,0.737,8.0,0.0,7.0,28.0,17.0
28,28,2023-09-24,WSN,,ATL,"L,5-8",CG,4.0,4.0,0.0,0.0,0.0,0.0,0.0,0.0,0.0,0.0,1.0,0.0,0.0,0.0,0.0,0.0,0.0,0.0,0.247,0.323,0.348,0.672,9,1.2,-0.124,0.0,0.00%,-1.15,0.0,0.0,CF,2.0,2023-09-24,120,144,716467,2023,0.273,0.351,0.47,0.821,7.0,0.0,6.0,25.0,11.0,0.267,0.371,0.5,0.871,3.0,0.0,3.0,12.0,5.0,0.375,0.474,0.812,1.286,1.0,0.0,3.0,10.0,3.0,0.375,0.545,0.625,1.17,1.0,0.0,1.0,4.0,2.0,0.259,0.337,0.459,0.796,8.0,0.0,8.0,31.0,17.0
29,29,2023-09-26,WSN,@,BAL,"L,0-1",CG,3.0,3.0,0.0,0.0,0.0,0.0,0.0,0.0,0.0,0.0,0.0,0.0,0.0,0.0,0.0,0.0,0.0,0.0,0.239,0.314,0.337,0.651,9,1.17,-0.087,0.0,0.00%,-0.55,0.0,0.0,CF,,2023-09-26,120,110,716434,2023,0.254,0.324,0.448,0.772,7.0,0.0,6.0,24.0,12.0,0.25,0.351,0.469,0.82,3.0,0.0,3.0,12.0,5.0,0.235,0.35,0.353,0.703,1.0,0.0,1.0,5.0,3.0,0.222,0.364,0.444,0.808,1.0,0.0,1.0,3.0,1.0,0.247,0.323,0.438,0.761,8.0,0.0,8.0,31.0,18.0
30,30,2023-09-27,WSN,@,BAL,"L,1-5",CG,3.0,3.0,0.0,1.0,0.0,0.0,0.0,0.0,0.0,0.0,2.0,0.0,0.0,0.0,0.0,0.0,0.0,0.0,0.242,0.314,0.337,0.651,9,0.79,-0.062,0.0,0.00%,-0.62,3.0,3.0,CF,,2023-09-27,120,110,716416,2023,0.242,0.315,0.439,0.754,6.0,0.0,6.0,23.0,12.0,0.25,0.351,0.469,0.82,3.0,0.0,3.0,12.0,5.0,0.2,0.333,0.333,0.667,1.0,0.0,1.0,4.0,3.0,0.222,0.3,0.444,0.744,0.0,0.0,1.0,3.0,1.0,0.239,0.314,0.424,0.738,8.0,0.0,8.0,31.0,18.0
31,31,2023-09-29,WSN,@,ATL,"W,10-6",CG,4.0,4.0,0.0,1.0,0.0,0.0,0.0,0.0,0.0,0.0,1.0,0.0,0.0,0.0,0.0,0.0,2.0,0.0,0.242,0.312,0.333,0.645,9,0.86,-0.018,0.0,0.00%,-0.57,13.0,15.0,CF,,2023-09-29,120,144,716394,2023,0.231,0.296,0.4,0.696,6.0,0.0,5.0,21.0,13.0,0.258,0.361,0.484,0.845,2.0,0.0,3.0,12.0,6.0,0.2,0.294,0.333,0.627,1.0,0.0,1.0,4.0,3.0,0.1,0.1,0.1,0.2,0.0,0.0,0.0,1.0,3.0,0.242,0.314,0.421,0.735,8.0,0.0,8.0,32.0,20.0
32,32,2023-09-30,WSN,@,ATL,"L,3-5",CG,4.0,3.0,0.0,2.0,0.0,0.0,0.0,0.0,1.0,0.0,1.0,0.0,0.0,0.0,0.0,0.0,2.0,0.0,0.255,0.327,0.343,0.671,9,1.04,-0.028,0.0,0.00%,0.36,18.0,21.0,CF,,2023-09-30,120,144,716369,2023,0.215,0.282,0.354,0.636,8.0,0.0,4.0,19.0,13.0,0.273,0.333,0.485,0.818,3.0,0.0,3.0,13.0,7.0,0.25,0.294,0.375,0.669,2.0,0.0,1.0,5.0,4.0,0.2,0.2,0.2,0.4,2.0,0.0,0.0,2.0,3.0,0.242,0.312,0.414,0.726,10.0,0.0,8.0,33.0,21.0
33,33,2023-10-01,WSN,@,ATL,"W,10-9",CG,5.0,5.0,0.0,1.0,0.0,0.0,0.0,3.0,0.0,0.0,0.0,0.0,0.0,0.0,0.0,0.0,1.0,0.0,0.252,0.322,0.336,0.658,9,2.06,0.106,0.0,0.00%,0.74,14.0,19.5,CF,,2023-10-01,120,144,716354,2023,0.231,0.306,0.338,0.644,10.0,0.0,3.0,19.0,14.0,0.303,0.378,0.515,0.894,5.0,0.0,3.0,14.0,8.0,0.235,0.278,0.235,0.513,4.0,0.0,0.0,4.0,5.0,0.4,0.455,0.4,0.855,4.0,0.0,0.0,4.0,4.0,0.255,0.327,0.422,0.749,12.0,0.0,8.0,35.0,22.0
1,34,2024-04-04,WSN,,PIT,"L,4-7",CG,4.0,4.0,0.0,0.0,0.0,0.0,0.0,0.0,0.0,0.0,1.0,0.0,0.0,0.0,0.0,0.0,0.0,0.0,0.0,0.0,0.0,0.0,9,0.86,-0.088,0.82,-0.05%,-1.14,0.0,0.0,CF,,2024-04-04,120,134,744870,2024,0.227,0.301,0.333,0.635,11.0,0.0,3.0,19.0,13.0,0.257,0.333,0.314,0.648,6.0,0.0,1.0,10.0,7.0,0.278,0.316,0.278,0.594,5.0,0.0,0.0,5.0,4.0,0.333,0.385,0.333,0.718,5.0,0.0,0.0,4.0,2.0,,,,,0.0,0.0,0.0,0.0,0.0
2,35,2024-04-05,WSN,,PHI,"L,0-4",7-GF,1.0,1.0,0.0,0.0,0.0,0.0,0.0,0.0,0.0,0.0,1.0,0.0,0.0,0.0,0.0,0.0,0.0,0.0,0.0,0.0,0.0,0.0,7,0.44,-0.011,0.41,-0.01%,-0.16,0.0,0.0,PH CF,,2024-04-05,120,143,744874,2024,0.197,0.264,0.303,0.567,9.0,0.0,3.0,17.0,14.0,0.235,0.316,0.294,0.61,6.0,0.0,1.0,9.0,8.0,0.263,0.3,0.263,0.563,5.0,0.0,0.0,5.0,5.0,0.25,0.308,0.25,0.558,3.0,0.0,0.0,3.0,2.0,0.0,0.0,0.0,0.0,0.0,0.0,0.0,0.0,1.0
3,36,2024-04-06,WSN,,PHI,"L,2-5",GS-7,2.0,2.0,0.0,0.0,0.0,0.0,0.0,0.0,0.0,0.0,0.0,0.0,0.0,0.0,0.0,0.0,0.0,0.0,0.0,0.0,0.0,0.0,8,1.26,-0.068,1.11,-0.04%,-0.57,0.0,0.0,CF,,2024-04-06,120,143,744873,2024,0.206,0.275,0.317,0.593,8.0,0.0,3.0,17.0,15.0,0.219,0.286,0.281,0.567,6.0,0.0,1.0,8.0,7.0,0.235,0.278,0.235,0.513,5.0,0.0,0.0,4.0,4.0,0.1,0.1,0.1,0.2,1.0,0.0,0.0,1.0,2.0,0.0,0.0,0.0,0.0,0.0,0.0,0.0,0.0,2.0
4,37,2024-04-07,WSN,,PHI,"W,3-2",CG,4.0,3.0,0.0,1.0,0.0,0.0,0.0,0.0,1.0,0.0,0.0,0.0,0.0,0.0,0.0,0.0,1.0,0.0,0.1,0.182,0.1,0.282,1,0.97,0.068,0.84,0.04%,0.75,10.0,12.0,CF,,2024-04-07,120,143,744871,2024,0.21,0.279,0.323,0.602,8.0,0.0,3.0,17.0,14.0,0.226,0.273,0.29,0.563,5.0,0.0,1.0,8.0,7.0,0.2,0.25,0.2,0.45,3.0,0.0,0.0,3.0,3.0,0.0,0.0,0.0,0.0,0.0,0.0,0.0,0.0,2.0,0.0,0.0,0.0,0.0,0.0,0.0,0.0,0.0,2.0
5,38,2024-04-08,WSN,@,SFG,"W,8-1",CG,5.0,4.0,1.0,0.0,0.0,0.0,0.0,0.0,0.0,0.0,1.0,1.0,0.0,0.0,0.0,0.0,0.0,0.0,0.071,0.188,0.071,0.259,1,0.53,-0.065,0.44,-0.03%,-0.58,4.0,6.2,CF,,2024-04-08,120,137,745363,2024,0.226,0.304,0.339,0.643,9.0,0.0,3.0,18.0,12.0,0.188,0.235,0.188,0.423,6.0,0.0,0.0,6.0,7.0,0.133,0.188,0.133,0.321,2.0,0.0,0.0,2.0,2.0,0.167,0.286,0.167,0.452,1.0,0.0,0.0,1.0,1.0,0.1,0.182,0.1,0.282,1.0,0.0,0.0,1.0,2.0
6,39,2024-04-09,WSN,@,SFG,"W,5-3",CG,4.0,4.0,2.0,2.0,0.0,0.0,0.0,0.0,0.0,0.0,1.0,0.0,0.0,0.0,0.0,0.0,3.0,0.0,0.167,0.25,0.167,0.417,9,0.89,-0.006,0.79,0.00%,-0.25,25.0,30.4,CF,,2024-04-09,120,137,745357,2024,0.219,0.306,0.328,0.634,9.0,0.0,3.0,18.0,12.0,0.188,0.257,0.188,0.445,6.0,0.0,0.0,6.0,7.0,0.071,0.188,0.071,0.259,1.0,0.0,0.0,1.0,3.0,0.111,0.273,0.111,0.384,1.0,0.0,0.0,1.0,1.0,0.071,0.188,0.071,0.259,1.0,0.0,0.0,1.0,3.0
7,40,2024-04-10,WSN,@,SFG,"L,1-7",CG,3.0,3.0,0.0,0.0,0.0,0.0,0.0,0.0,0.0,0.0,1.0,0.0,0.0,0.0,0.0,0.0,0.0,0.0,0.143,0.217,0.143,0.36,9,0.73,-0.052,0.67,-0.03%,-0.63,0.0,0.0,CF,,2024-04-10,120,137,745355,2024,0.246,0.329,0.354,0.683,12.0,0.0,3.0,20.0,13.0,0.242,0.306,0.242,0.548,9.0,0.0,0.0,8.0,8.0,0.214,0.312,0.214,0.527,4.0,0.0,0.0,3.0,3.0,0.273,0.385,0.273,0.657,4.0,0.0,0.0,3.0,2.0,0.167,0.25,0.167,0.417,4.0,0.0,0.0,3.0,4.0
8,41,2024-04-13,WSN,@,OAK,"W,3-1",CG,4.0,3.0,1.0,2.0,1.0,0.0,0.0,1.0,0.0,0.0,0.0,0.0,1.0,0.0,0.0,0.0,0.0,0.0,0.208,0.269,0.25,0.519,9,0.98,0.09,0.76,0.04%,1.01,12.0,15.7,CF,,2024-04-13,120,133,745676,2024,0.234,0.319,0.344,0.663,11.0,0.0,3.0,19.0,13.0,0.212,0.278,0.212,0.49,9.0,0.0,0.0,7.0,7.0,0.188,0.278,0.188,0.465,4.0,0.0,0.0,3.0,3.0,0.182,0.25,0.182,0.432,3.0,0.0,0.0,2.0,3.0,0.143,0.217,0.143,0.36,4.0,0.0,0.0,3.0,5.0
9,42,2024-04-14,WSN,@,OAK,"L,6-7",CG,5.0,4.0,1.0,2.0,1.0,0.0,0.0,1.0,0.0,0.0,0.0,1.0,0.0,0.0,0.0,0.0,1.0,0.0,0.25,0.323,0.321,0.644,1,1.27,0.07,1.08,0.04%,0.98,19.0,24.7,CF,,2024-04-14,120,133,745681,2024,0.262,0.324,0.4,0.724,10.0,0.0,4.0,22.0,13.0,0.25,0.314,0.312,0.627,7.0,0.0,1.0,9.0,6.0,0.294,0.368,0.412,0.78,4.0,0.0,1.0,6.0,3.0,0.4,0.4,0.6,1.0,3.0,0.0,1.0,5.0,2.0,0.208,0.269,0.292,0.561,4.0,0.0,1.0,6.0,5.0
10,43,2024-04-15,WSN,@,LAD,"W,6-4",CG,4.0,4.0,0.0,0.0,0.0,0.0,0.0,0.0,0.0,0.0,0.0,0.0,0.0,0.0,0.0,0.0,0.0,0.0,0.219,0.286,0.281,0.567,9,0.74,-0.086,0.64,-0.05%,-1.09,0.0,0.0,CF,,2024-04-15,120,119,746158,2024,0.273,0.342,0.439,0.782,11.0,0.0,5.0,24.0,13.0,0.242,0.306,0.364,0.669,6.0,0.0,2.0,10.0,5.0,0.333,0.4,0.556,0.956,4.0,0.0,2.0,8.0,3.0,0.4,0.455,0.8,1.255,1.0,0.0,2.0,6.0,1.0,0.25,0.323,0.393,0.715,5.0,0.0,2.0,9.0,5.0
11,44,2024-04-16,WSN,@,LAD,"L,2-6",CG,3.0,3.0,1.0,1.0,0.0,0.0,0.0,0.0,0.0,0.0,0.0,0.0,0.0,0.0,0.0,0.0,1.0,0.0,0.229,0.289,0.286,0.575,9,0.95,0.016,0.87,0.01%,0.28,10.0,12.2,CF,,2024-04-16,120,119,746157,2024,0.239,0.311,0.328,0.639,11.0,0.0,3.0,19.0,12.0,0.219,0.286,0.344,0.629,5.0,0.0,2.0,9.0,5.0,0.333,0.368,0.556,0.924,4.0,0.0,2.0,8.0,2.0,0.364,0.417,0.727,1.144,1.0,0.0,2.0,6.0,0.0,0.219,0.286,0.344,0.629,5.0,0.0,2.0,9.0,5.0
12,45,2024-04-17,WSN,@,LAD,"W,2-0",8-GF,0.0,0.0,0.0,0.0,0.0,0.0,0.0,0.0,0.0,0.0,0.0,0.0,0.0,0.0,0.0,0.0,0.0,0.0,0.229,0.289,0.286,0.575,2,,,,,,0.0,0.0,CF,,2024-04-17,120,119,746159,2024,0.246,0.319,0.338,0.658,12.0,0.0,3.0,19.0,12.0,0.258,0.324,0.387,0.711,6.0,0.0,2.0,10.0,4.0,0.294,0.333,0.529,0.863,2.0,0.0,2.0,7.0,1.0,0.273,0.333,0.455,0.788,2.0,0.0,1.0,4.0,0.0,0.229,0.289,0.343,0.632,6.0,0.0,2.0,10.0,5.0
13,46,2024-04-19,WSN,,HOU,"L,3-5",GS-8,3.0,3.0,0.0,1.0,0.0,0.0,0.0,0.0,0.0,0.0,1.0,0.0,0.0,0.0,0.0,0.0,0.0,0.0,0.237,0.293,0.289,0.582,1,1.21,-0.014,0.99,-0.01%,-0.09,3.0,3.0,CF,,2024-04-19,120,117,744872,2024,0.242,0.309,0.339,0.648,12.0,0.0,3.0,18.0,10.0,0.267,0.333,0.4,0.733,6.0,0.0,2.0,10.0,3.0,0.357,0.4,0.643,1.043,2.0,0.0,2.0,7.0,0.0,0.143,0.143,0.143,0.286,1.0,0.0,0.0,1.0,0.0,0.229,0.289,0.343,0.632,6.0,0.0,2.0,10.0,5.0
14,47,2024-04-20,WSN,,HOU,"W,5-4",9-GF(10),0.0,0.0,0.0,0.0,0.0,0.0,0.0,0.0,0.0,0.0,0.0,0.0,0.0,0.0,0.0,0.0,0.0,0.0,0.237,0.293,0.289,0.582,2,,,,,,0.0,0.0,PR CF,,2024-04-20,120,117,744865,2024,0.258,0.313,0.355,0.668,11.0,0.0,3.0,19.0,11.0,0.29,0.353,0.419,0.772,6.0,0.0,2.0,11.0,4.0,0.286,0.333,0.429,0.762,2.0,0.0,1.0,5.0,1.0,0.333,0.333,0.333,0.667,1.0,0.0,0.0,2.0,1.0,0.237,0.293,0.342,0.635,6.0,0.0,2.0,11.0,6.0
15,48,2024-04-21,WSN,,HOU,"W,6-0",CG,4.0,4.0,1.0,2.0,0.0,0.0,0.0,0.0,0.0,0.0,1.0,0.0,0.0,0.0,0.0,0.0,0.0,0.0,0.262,0.311,0.31,0.621,9,0.19,0.004,0.15,0.00%,0.37,8.0,9.2,CF,,2024-04-21,120,117,744866,2024,0.233,0.281,0.3,0.581,11.0,0.0,2.0,16.0,11.0,0.286,0.333,0.429,0.762,5.0,0.0,2.0,10.0,4.0,0.2,0.2,0.2,0.4,1.0,0.0,0.0,2.0,1.0,0.333,0.333,0.333,0.667,0.0,0.0,0.0,1.0,1.0,0.237,0.293,0.342,0.635,6.0,0.0,2.0,11.0,6.0
16,49,2024-04-23,WSN,,LAD,"L,1-4",GS-9,3.0,3.0,0.0,1.0,0.0,0.0,0.0,1.0,0.0,0.0,1.0,0.0,0.0,0.0,0.0,0.0,0.0,0.0,0.267,0.313,0.311,0.624,9,1.42,0.009,1.25,0.01%,0.25,5.0,6.5,CF,,2024-04-23,120,119,744863,2024,0.267,0.312,0.333,0.646,11.0,0.0,2.0,18.0,11.0,0.357,0.379,0.5,0.879,5.0,0.0,2.0,12.0,4.0,0.4,0.4,0.4,0.8,1.0,0.0,0.0,4.0,2.0,0.429,0.429,0.429,0.857,0.0,0.0,0.0,3.0,2.0,0.262,0.311,0.357,0.668,6.0,0.0,2.0,13.0,7.0
17,50,2024-04-25,WSN,,LAD,"L,1-2",CG,3.0,3.0,0.0,1.0,1.0,0.0,0.0,0.0,0.0,0.0,2.0,0.0,0.0,0.0,0.0,0.0,0.0,0.0,0.271,0.314,0.333,0.647,9,1.34,-0.042,1.01,-0.02%,-0.01,5.0,6.0,CF,,2024-04-25,120,119,744867,2024,0.283,0.328,0.35,0.678,11.0,0.0,2.0,19.0,12.0,0.333,0.357,0.481,0.839,2.0,0.0,2.0,11.0,4.0,0.4,0.4,0.4,0.8,0.0,0.0,0.0,4.0,3.0,0.429,0.429,0.429,0.857,0.0,0.0,0.0,3.0,2.0,0.267,0.312,0.356,0.668,6.0,0.0,2.0,14.0,8.0
18,51,2024-04-26,WSN,@,MIA,"W,3-1",CG,4.0,3.0,1.0,2.0,0.0,0.0,0.0,0.0,0.0,0.0,0.0,0.0,1.0,0.0,0.0,0.0,0.0,0.0,0.294,0.333,0.353,0.686,9,1.5,0.087,1.03,0.04%,0.68,8.0,9.2,CF,,2024-04-26,120,146,746078,2024,0.283,0.328,0.383,0.711,11.0,0.0,3.0,20.0,12.0,0.37,0.393,0.593,0.985,2.0,0.0,3.0,13.0,5.0,0.385,0.385,0.538,0.923,0.0,0.0,1.0,6.0,5.0,0.4,0.4,0.6,1.0,0.0,0.0,1.0,5.0,4.0,0.271,0.314,0.396,0.71,6.0,0.0,3.0,16.0,10.0
19,52,2024-04-27,WSN,@,MIA,"W,11-4",CG,5.0,4.0,4.0,2.0,0.0,0.0,0.0,1.0,0.0,0.0,0.0,1.0,0.0,0.0,1.0,0.0,2.0,0.0,0.309,0.356,0.364,0.72,9,0.74,0.228,0.52,0.10%,2.62,28.0,37.3,CF,,2024-04-27,120,146,746075,2024,0.305,0.349,0.407,0.756,9.0,0.0,3.0,21.0,11.0,0.37,0.393,0.519,0.911,2.0,0.0,2.0,12.0,5.0,0.462,0.462,0.615,1.077,0.0,0.0,1.0,7.0,4.0,0.444,0.444,0.667,1.111,0.0,0.0,1.0,5.0,3.0,0.294,0.333,0.412,0.745,6.0,0.0,3.0,18.0,10.0
20,53,2024-04-28,WSN,@,MIA,"W,12-9",CG,5.0,5.0,2.0,3.0,1.0,0.0,0.0,3.0,0.0,0.0,0.0,0.0,0.0,0.0,0.0,0.0,2.0,0.0,0.333,0.375,0.4,0.775,9,1.28,0.214,1.0,0.10%,2.31,31.0,40.9,CF,,2024-04-28,120,146,746077,2024,0.3,0.344,0.4,0.744,9.0,0.0,3.0,21.0,10.0,0.37,0.393,0.444,0.837,3.0,0.0,1.0,11.0,5.0,0.471,0.5,0.588,1.088,2.0,0.0,1.0,9.0,4.0,0.5,0.545,0.7,1.245,2.0,0.0,1.0,6.0,2.0,0.309,0.356,0.418,0.774,8.0,0.0,3.0,20.0,10.0
21,54,2024-04-29,WSN,@,MIA,"W,7-2",CG,4.0,4.0,2.0,1.0,0.0,0.0,0.0,0.0,0.0,0.0,0.0,0.0,0.0,0.0,0.0,0.0,2.0,0.0,0.328,0.368,0.391,0.758,9,0.89,-0.04,0.72,-0.02%,-0.42,17.0,21.4,CF,,2024-04-29,120,146,746074,2024,0.333,0.375,0.467,0.842,10.0,0.0,4.0,24.0,10.0,0.464,0.483,0.607,1.09,5.0,0.0,2.0,15.0,5.0,0.5,0.526,0.722,1.249,4.0,0.0,2.0,11.0,3.0,0.583,0.615,0.75,1.365,4.0,0.0,1.0,8.0,0.0,0.333,0.375,0.467,0.842,10.0,0.0,4.0,24.0,10.0
22,55,2024-04-30,WSN,@,TEX,"L,1-7",CG,3.0,3.0,0.0,0.0,0.0,0.0,0.0,0.0,0.0,0.0,0.0,0.0,0.0,0.0,0.0,0.0,0.0,0.0,0.313,0.352,0.373,0.725,9,0.75,-0.062,0.62,-0.03%,-0.6,0.0,0.0,CF,,2024-04-30,120,140,745018,2024,0.35,0.391,0.483,0.874,12.0,0.0,4.0,25.0,9.0,0.448,0.467,0.586,1.053,6.0,0.0,2.0,15.0,5.0,0.474,0.5,0.684,1.184,6.0,0.0,2.0,11.0,2.0,0.462,0.5,0.615,1.115,6.0,0.0,1.0,7.0,0.0,0.328,0.368,0.453,0.821,12.0,0.0,4.0,25.0,10.0
23,56,2024-05-01,WSN,@,TEX,"W,1-0",CG,3.0,3.0,0.0,1.0,0.0,0.0,0.0,0.0,0.0,0.0,1.0,0.0,0.0,0.0,0.0,0.0,0.0,1.0,0.314,0.351,0.371,0.723,9,0.78,-0.053,0.64,-0.03%,-0.59,3.0,3.0,CF,,2024-05-01,120,140,745023,2024,0.339,0.379,0.468,0.847,12.0,0.0,4.0,25.0,8.0,0.406,0.424,0.531,0.955,6.0,0.0,2.0,15.0,5.0,0.421,0.45,0.526,0.976,6.0,0.0,1.0,9.0,0.0,0.333,0.333,0.5,0.833,4.0,0.0,1.0,5.0,0.0,0.313,0.352,0.433,0.785,12.0,0.0,4.0,25.0,10.0
24,57,2024-05-02,WSN,@,TEX,"L,0-6",CG,3.0,2.0,0.0,0.0,0.0,0.0,0.0,0.0,1.0,0.0,1.0,0.0,0.0,0.0,0.0,0.0,0.0,0.0,0.306,0.351,0.361,0.712,9,0.62,0.018,0.55,0.01%,0.11,2.0,3.0,CF,,2024-05-02,120,140,745021,2024,0.349,0.388,0.476,0.864,12.0,1.0,4.0,26.0,9.0,0.406,0.424,0.531,0.955,6.0,1.0,2.0,15.0,5.0,0.368,0.4,0.474,0.874,6.0,1.0,1.0,8.0,1.0,0.2,0.2,0.2,0.4,2.0,1.0,0.0,2.0,1.0,0.314,0.351,0.429,0.78,12.0,1.0,4.0,26.0,11.0
25,58,2024-05-03,WSN,,TOR,"W,9-3",GS-5,2.0,2.0,1.0,1.0,1.0,0.0,0.0,0.0,0.0,0.0,0.0,0.0,0.0,0.0,0.0,0.0,0.0,0.0,0.311,0.354,0.378,0.733,1,0.89,0.038,0.75,0.02%,0.39,7.0,9.2,CF,,2024-05-03,120,141,744868,2024,0.339,0.379,0.468,0.847,11.0,1.0,4.0,25.0,10.0,0.382,0.417,0.5,0.917,6.0,1.0,2.0,15.0,6.0,0.294,0.333,0.412,0.745,4.0,1.0,1.0,6.0,2.0,0.125,0.222,0.125,0.347,0.0,1.0,0.0,1.0,2.0,0.306,0.351,0.417,0.767,12.0,1.0,4.0,26.0,12.0
26,59,2024-05-05,WSN,,TOR,"W,11-8",CG,5.0,4.0,3.0,1.0,1.0,0.0,0.0,0.0,1.0,0.0,1.0,0.0,0.0,0.0,1.0,0.0,0.0,0.0,0.308,0.357,0.385,0.742,1,0.83,0.158,0.68,0.08%,1.06,13.0,18.6,CF,,2024-05-05,120,141,744861,2024,0.367,0.397,0.533,0.93,11.0,1.0,5.0,27.0,9.0,0.375,0.412,0.562,0.974,6.0,1.0,3.0,15.0,5.0,0.214,0.267,0.357,0.624,2.0,1.0,1.0,4.0,2.0,0.286,0.375,0.571,0.946,0.0,1.0,1.0,3.0,2.0,0.311,0.354,0.446,0.8,12.0,1.0,5.0,28.0,12.0
27,60,2024-05-07,WSN,,BAL,"W,3-0",CG,4.0,2.0,0.0,0.0,0.0,0.0,0.0,0.0,2.0,0.0,1.0,0.0,0.0,0.0,0.0,0.0,0.0,0.0,0.3,0.364,0.375,0.739,1,0.64,-0.017,0.55,-0.01%,-0.03,4.0,6.0,CF,,2024-05-07,120,110,744859,2024,0.35,0.391,0.55,0.941,8.0,1.0,6.0,27.0,9.0,0.364,0.417,0.606,1.023,6.0,1.0,4.0,16.0,5.0,0.214,0.312,0.5,0.812,0.0,1.0,2.0,5.0,3.0,0.25,0.4,0.75,1.15,0.0,0.0,2.0,4.0,2.0,0.308,0.357,0.462,0.819,12.0,1.0,6.0,30.0,13.0
28,61,2024-05-08,WSN,,BAL,"L,6-7",CG(12),6.0,3.0,0.0,1.0,0.0,0.0,0.0,1.0,2.0,0.0,0.0,0.0,0.0,1.0,0.0,0.0,0.0,0.0,0.301,0.372,0.373,0.746,1,2.63,0.098,2.32,0.05%,-0.1,9.0,12.5,CF,,2024-05-08,120,110,744858,2024,0.356,0.415,0.559,0.975,8.0,1.0,6.0,27.0,9.0,0.344,0.432,0.531,0.964,6.0,1.0,3.0,14.0,4.0,0.231,0.412,0.538,0.95,0.0,1.0,2.0,5.0,4.0,0.25,0.455,0.75,1.205,0.0,0.0,2.0,4.0,2.0,0.3,0.364,0.45,0.814,12.0,1.0,6.0,30.0,14.0
29,62,2024-05-10,WSN,@,BOS,"W,5-1",CG,5.0,4.0,0.0,0.0,0.0,0.0,0.0,0.0,0.0,0.0,2.0,1.0,0.0,0.0,0.0,0.0,1.0,0.0,0.287,0.364,0.356,0.72,1,0.65,-0.005,0.55,0.00%,-0.33,7.0,9.0,CF,,2024-05-10,120,111,746964,2024,0.339,0.412,0.508,0.92,8.0,1.0,5.0,25.0,9.0,0.312,0.425,0.5,0.925,6.0,1.0,3.0,13.0,4.0,0.231,0.45,0.538,0.988,0.0,0.0,2.0,5.0,3.0,0.222,0.467,0.444,0.911,0.0,0.0,1.0,3.0,2.0,0.301,0.372,0.446,0.818,12.0,1.0,6.0,31.0,14.0
30,63,2024-05-11,WSN,@,BOS,"L,2-4",CG,4.0,4.0,0.0,0.0,0.0,0.0,0.0,0.0,0.0,0.0,2.0,0.0,0.0,0.0,1.0,0.0,0.0,0.0,0.275,0.35,0.341,0.69,1,0.81,-0.06,0.69,-0.03%,-0.41,0.0,0.0,CF,,2024-05-11,120,111,746963,2024,0.305,0.382,0.441,0.823,8.0,1.0,4.0,22.0,11.0,0.25,0.375,0.438,0.812,5.0,1.0,3.0,11.0,6.0,0.2,0.409,0.467,0.876,1.0,0.0,2.0,5.0,4.0,0.111,0.4,0.111,0.511,1.0,0.0,0.0,1.0,3.0,0.287,0.364,0.425,0.789,13.0,1.0,6.0,31.0,16.0
31,64,2024-05-12,WSN,@,BOS,"L,2-3",9-GF,0.0,0.0,0.0,0.0,0.0,0.0,0.0,0.0,0.0,0.0,0.0,0.0,0.0,0.0,0.0,0.0,0.0,1.0,0.275,0.35,0.341,0.69,5,2.86,-0.083,2.42,-0.04%,-0.25,0.0,0.0,PR,,2024-05-12,120,111,746965,2024,0.305,0.382,0.441,0.823,8.0,1.0,4.0,22.0,13.0,0.161,0.308,0.29,0.598,3.0,1.0,2.0,7.0,8.0,0.118,0.333,0.235,0.569,1.0,0.0,1.0,3.0,6.0,0.091,0.267,0.091,0.358,1.0,0.0,0.0,1.0,4.0,0.275,0.35,0.407,0.756,13.0,1.0,6.0,31.0,18.0
32,65,2024-05-14,WSN,@,CHW,"W,6-3",CG,5.0,5.0,0.0,0.0,0.0,0.0,0.0,0.0,0.0,0.0,0.0,0.0,0.0,0.0,0.0,0.0,0.0,0.0,0.26,0.333,0.323,0.656,2,1.08,-0.131,0.86,-0.06%,-1.24,0.0,0.0,CF,1.0,2024-05-14,120,145,746796,2024,0.304,0.385,0.446,0.831,7.0,2.0,4.0,21.0,13.0,0.148,0.314,0.296,0.611,1.0,2.0,2.0,6.0,8.0,0.077,0.316,0.077,0.393,1.0,1.0,0.0,1.0,5.0,0.0,0.111,0.0,0.111,1.0,1.0,0.0,0.0,4.0,0.275,0.35,0.407,0.756,13.0,2.0,6.0,31.0,18.0
33,66,2024-05-14,WSN,@,CHW,"L,0-4",CG,3.0,3.0,0.0,1.0,0.0,0.0,0.0,0.0,0.0,0.0,1.0,0.0,0.0,0.0,0.0,0.0,0.0,0.0,0.263,0.333,0.323,0.657,9,1.16,-0.012,0.96,-0.01%,-0.18,3.0,3.0,CF,2.0,2024-05-14,120,145,746799,2024,0.279,0.357,0.41,0.767,7.0,2.0,4.0,21.0,13.0,0.138,0.297,0.276,0.573,1.0,2.0,2.0,6.0,8.0,0.062,0.2,0.062,0.262,1.0,1.0,0.0,1.0,4.0,0.0,0.0,0.0,0.0,0.0,1.0,0.0,0.0,2.0,0.26,0.333,0.385,0.719,13.0,2.0,6.0,31.0,18.0
34,67,2024-05-15,WSN,@,CHW,"L,0-2",CG,4.0,4.0,0.0,1.0,0.0,0.0,0.0,0.0,0.0,0.0,1.0,0.0,0.0,0.0,0.0,0.0,1.0,0.0,0.262,0.33,0.32,0.651,1,0.94,-0.035,0.71,-0.02%,-0.27,8.0,9.0,CF,,2024-05-15,120,145,746795,2024,0.279,0.357,0.41,0.767,7.0,2.0,4.0,21.0,13.0,0.138,0.297,0.276,0.573,1.0,1.0,2.0,6.0,8.0,0.062,0.118,0.062,0.18,1.0,1.0,0.0,1.0,5.0,0.125,0.125,0.125,0.25,0.0,1.0,0.0,1.0,1.0,0.263,0.333,0.384,0.717,13.0,2.0,6.0,32.0,19.0
35,68,2024-05-18,WSN,@,PHI,"L,3-4",CG(10),4.0,4.0,1.0,1.0,0.0,0.0,0.0,0.0,0.0,0.0,1.0,0.0,0.0,0.0,0.0,0.0,0.0,0.0,0.262,0.328,0.318,0.645,9,1.86,-0.064,1.42,-0.03%,-0.8,5.0,6.2,CF,,2024-05-18,120,143,745581,2024,0.277,0.351,0.4,0.751,8.0,2.0,4.0,22.0,14.0,0.161,0.289,0.29,0.58,2.0,1.0,2.0,7.0,8.0,0.125,0.125,0.125,0.25,1.0,1.0,0.0,2.0,4.0,0.167,0.167,0.167,0.333,1.0,0.0,0.0,2.0,2.0,0.262,0.33,0.379,0.709,14.0,2.0,6.0,33.0,20.0
36,69,2024-05-19,WSN,@,PHI,"L,5-11",CG,4.0,4.0,0.0,1.0,1.0,0.0,0.0,1.0,0.0,0.0,2.0,0.0,0.0,0.0,0.0,0.0,0.0,0.0,0.261,0.325,0.324,0.65,9,0.38,-0.032,0.27,-0.01%,0.7,7.0,9.5,CF,,2024-05-19,120,143,745577,2024,0.262,0.338,0.385,0.722,8.0,2.0,4.0,21.0,14.0,0.152,0.275,0.212,0.487,2.0,1.0,1.0,6.0,9.0,0.188,0.188,0.188,0.375,1.0,1.0,0.0,3.0,3.0,0.273,0.273,0.273,0.545,1.0,0.0,0.0,3.0,3.0,0.262,0.328,0.374,0.702,14.0,2.0,6.0,34.0,21.0
37,70,2024-05-20,WSN,,MIN,"W,12-3",CG,4.0,4.0,2.0,2.0,0.0,0.0,0.0,2.0,0.0,0.0,1.0,0.0,0.0,0.0,0.0,0.0,1.0,0.0,0.27,0.331,0.33,0.661,9,0.47,0.049,0.28,0.02%,2.44,19.0,25.4,CF,,2024-05-20,120,142,744857,2024,0.258,0.333,0.409,0.742,8.0,2.0,5.0,22.0,15.0,0.152,0.256,0.212,0.469,2.0,1.0,1.0,6.0,10.0,0.2,0.2,0.3,0.5,1.0,0.0,1.0,5.0,5.0,0.25,0.25,0.417,0.667,1.0,0.0,1.0,4.0,4.0,0.261,0.325,0.387,0.713,14.0,2.0,7.0,36.0,23.0
38,71,2024-05-21,WSN,,MIN,"L,0-10",CG,3.0,3.0,0.0,2.0,0.0,0.0,0.0,0.0,0.0,0.0,1.0,0.0,0.0,0.0,0.0,0.0,0.0,0.0,0.28,0.338,0.339,0.677,9,0.13,0.015,0.08,0.01%,0.35,6.0,6.0,CF,,2024-05-21,120,142,744860,2024,0.269,0.342,0.388,0.73,9.0,2.0,4.0,22.0,14.0,0.2,0.256,0.257,0.514,3.0,1.0,1.0,8.0,10.0,0.316,0.316,0.421,0.737,2.0,0.0,1.0,7.0,6.0,0.333,0.333,0.5,0.833,1.0,0.0,1.0,5.0,4.0,0.27,0.331,0.391,0.722,15.0,2.0,7.0,38.0,24.0
39,72,2024-05-22,WSN,,MIN,"L,2-3",CG,3.0,2.0,0.0,0.0,0.0,0.0,0.0,0.0,0.0,0.0,0.0,0.0,1.0,0.0,0.0,0.0,0.0,0.0,0.275,0.333,0.333,0.667,9,1.93,-0.131,1.1,-0.05%,-0.74,0.0,0.0,CF,,2024-05-22,120,142,744856,2024,0.269,0.342,0.388,0.73,9.0,2.0,4.0,22.0,15.0,0.229,0.25,0.286,0.536,3.0,1.0,1.0,9.0,11.0,0.368,0.368,0.474,0.842,2.0,0.0,1.0,8.0,6.0,0.455,0.455,0.636,1.091,1.0,0.0,1.0,6.0,4.0,0.28,0.338,0.398,0.737,15.0,2.0,7.0,40.0,25.0
40,73,2024-05-24,WSN,,SEA,"W,6-1",CG,3.0,3.0,0.0,0.0,0.0,0.0,0.0,0.0,0.0,0.0,1.0,0.0,0.0,0.0,0.0,0.0,0.0,0.0,0.268,0.326,0.325,0.651,9,0.38,-0.03,0.2,-0.01%,-0.51,0.0,0.0,CF,,2024-05-24,120,136,744853,2024,0.246,0.315,0.369,0.684,7.0,2.0,4.0,20.0,15.0,0.242,0.242,0.303,0.545,2.0,1.0,1.0,9.0,9.0,0.353,0.353,0.471,0.824,1.0,0.0,1.0,7.0,5.0,0.444,0.444,0.444,0.889,1.0,0.0,0.0,4.0,2.0,0.275,0.333,0.392,0.725,15.0,2.0,7.0,40.0,25.0
41,74,2024-05-25,WSN,,SEA,"W,3-1",CG,3.0,3.0,0.0,0.0,0.0,0.0,0.0,0.0,0.0,0.0,1.0,0.0,0.0,0.0,0.0,0.0,0.0,0.0,0.262,0.319,0.317,0.636,9,0.98,-0.08,0.57,-0.03%,-0.85,0.0,0.0,CF,,2024-05-25,120,136,744851,2024,0.206,0.282,0.302,0.583,5.0,2.0,3.0,16.0,16.0,0.25,0.25,0.312,0.562,2.0,1.0,1.0,9.0,8.0,0.312,0.312,0.438,0.75,1.0,0.0,1.0,6.0,5.0,0.25,0.25,0.25,0.5,0.0,0.0,0.0,2.0,2.0,0.268,0.326,0.382,0.708,15.0,2.0,7.0,40.0,26.0
42,75,2024-05-26,WSN,,SEA,"L,5-9",8-GF,1.0,1.0,0.0,0.0,0.0,0.0,0.0,0.0,0.0,0.0,1.0,0.0,0.0,0.0,0.0,0.0,0.0,0.0,0.26,0.317,0.315,0.632,6,0.45,-0.012,0.27,0.00%,-0.24,0.0,0.0,CF,,2024-05-26,120,136,744855,2024,0.194,0.271,0.29,0.562,3.0,2.0,3.0,15.0,17.0,0.229,0.229,0.286,0.514,2.0,0.0,1.0,9.0,9.0,0.267,0.267,0.267,0.533,1.0,0.0,0.0,4.0,4.0,0.0,0.0,0.0,0.0,0.0,0.0,0.0,0.0,2.0,0.262,0.319,0.373,0.692,15.0,2.0,7.0,40.0,27.0
43,76,2024-05-27,WSN,@,ATL,"W,8-4",CG,4.0,4.0,0.0,3.0,0.0,0.0,0.0,1.0,0.0,0.0,0.0,0.0,0.0,0.0,0.0,0.0,1.0,0.0,0.275,0.329,0.328,0.657,9,0.28,0.003,0.18,0.00%,1.2,16.0,18.5,CF,,2024-05-27,120,144,747118,2024,0.2,0.279,0.3,0.579,3.0,2.0,3.0,15.0,18.0,0.258,0.258,0.323,0.581,2.0,0.0,1.0,9.0,10.0,0.167,0.167,0.167,0.333,0.0,0.0,0.0,2.0,4.0,0.0,0.0,0.0,0.0,0.0,0.0,0.0,0.0,3.0,0.26,0.317,0.37,0.687,15.0,2.0,7.0,40.0,28.0
44,77,2024-05-28,WSN,@,ATL,"L,0-2",CG,3.0,3.0,0.0,0.0,0.0,0.0,0.0,0.0,0.0,0.0,0.0,0.0,0.0,0.0,0.0,0.0,0.0,0.0,0.269,0.322,0.321,0.643,9,1.29,-0.106,0.92,-0.05%,-0.85,0.0,0.0,CF,,2024-05-28,120,144,747115,2024,0.23,0.304,0.328,0.632,4.0,1.0,3.0,17.0,17.0,0.312,0.312,0.375,0.688,3.0,0.0,1.0,11.0,9.0,0.231,0.231,0.231,0.462,1.0,0.0,0.0,3.0,3.0,0.375,0.375,0.375,0.75,1.0,0.0,0.0,3.0,2.0,0.275,0.329,0.382,0.71,16.0,2.0,7.0,43.0,28.0
45,78,2024-05-29 00:00:00,WSN,@,ATL,"W,7-2",CG,4.0,3.0,1.0,1.0,0.0,0.0,0.0,2.0,0.0,0.0,0.0,1.0,0.0,0.0,0.0,0.0,0.0,1.0,0.27,0.327,0.321,0.648,9,0.97,0.129,0.63,0.05%,1.25,11.0,16.2,CF,,2024-05-29,120,144,747117,2024,0.226,0.29,0.323,0.612,4.0,1.0,3.0,17.0,16.0,0.29,0.29,0.355,0.645,2.0,0.0,1.0,10.0,8.0,0.214,0.214,0.214,0.429,1.0,0.0,0.0,3.0,3.0,0.375,0.375,0.375,0.75,1.0,0.0,0.0,3.0,1.0,0.269,0.322,0.373,0.695,16.0,2.0,7.0,43.0,28.0
46,79,2024-05-30 00:00:00,WSN,@,ATL,"W,3-1",CG,4.0,3.0,1.0,2.0,0.0,0.0,0.0,0.0,0.0,0.0,1.0,1.0,0.0,0.0,0.0,0.0,1.0,0.0,0.279,0.338,0.329,0.666,9,0.87,0.1,0.66,0.05%,1.4,15.0,18.2,CF,,2024-05-30,120,144,747114,2024,0.222,0.296,0.286,0.581,4.0,2.0,2.0,16.0,16.0,0.3,0.323,0.367,0.689,2.0,1.0,1.0,10.0,7.0,0.286,0.333,0.286,0.619,1.0,1.0,0.0,4.0,2.0,0.4,0.455,0.4,0.855,1.0,1.0,0.0,4.0,0.0,0.27,0.327,0.372,0.699,16.0,3.0,7.0,44.0,28.0
47,80,2024-05-31 00:00:00,WSN,@,CLE,"L,1-7",CG,3.0,3.0,0.0,0.0,0.0,0.0,0.0,0.0,0.0,0.0,1.0,0.0,0.0,0.0,0.0,0.0,0.0,0.0,0.273,0.331,0.322,0.653,9,0.58,-0.044,0.42,-0.02%,-0.57,0.0,0.0,CF,,2024-05-31,120,114,746635,2024,0.242,0.314,0.274,0.588,5.0,2.0,1.0,16.0,16.0,0.345,0.387,0.345,0.732,3.0,1.0,0.0,10.0,6.0,0.429,0.5,0.429,0.929,2.0,1.0,0.0,6.0,2.0,0.333,0.455,0.333,0.788,1.0,1.0,0.0,3.0,1.0,0.279,0.338,0.379,0.716,17.0,3.0,7.0,46.0,29.0
48,81,2024-06-01 00:00:00,WSN,@,CLE,"L,2-3",GS-6,3.0,3.0,0.0,0.0,0.0,0.0,0.0,0.0,0.0,0.0,1.0,0.0,0.0,0.0,0.0,0.0,0.0,0.0,0.267,0.325,0.315,0.64,1,0.91,-0.07,0.59,-0.03%,-0.57,0.0,0.0,CF,,2024-06-01,120,114,746629,2024,0.238,0.29,0.27,0.56,5.0,2.0,1.0,16.0,16.0,0.286,0.333,0.286,0.619,2.0,1.0,0.0,8.0,6.0,0.375,0.444,0.375,0.819,2.0,1.0,0.0,6.0,2.0,0.333,0.455,0.333,0.788,1.0,1.0,0.0,3.0,2.0,0.273,0.331,0.371,0.702,17.0,3.0,7.0,46.0,30.0
49,82,2024-06-04 00:00:00,WSN,,NYM,"L,3-6",CG,4.0,3.0,0.0,3.0,0.0,0.0,0.0,2.0,1.0,0.0,0.0,0.0,0.0,0.0,0.0,0.0,0.0,0.0,0.282,0.341,0.329,0.67,9,0.6,0.11,0.39,0.04%,2.41,15.0,19.0,CF,,2024-06-04,120,121,744850,2024,0.222,0.258,0.254,0.512,5.0,2.0,1.0,15.0,17.0,0.214,0.267,0.214,0.481,2.0,1.0,0.0,6.0,6.0,0.2,0.294,0.2,0.494,1.0,1.0,0.0,3.0,3.0,0.222,0.3,0.222,0.522,1.0,0.0,0.0,2.0,3.0,0.267,0.325,0.363,0.688,17.0,3.0,7.0,46.0,31.0
50,83,2024-06-05 00:00:00,WSN,,NYM,"L,1-9",CG,3.0,3.0,0.0,1.0,0.0,0.0,0.0,0.0,0.0,0.0,0.0,0.0,0.0,0.0,0.0,2.0,0.0,0.0,0.283,0.341,0.329,0.67,9,0.31,0.004,0.17,0.00%,-1.8,3.0,3.0,CF,,2024-06-05,120,121,744852,2024,0.274,0.308,0.306,0.614,4.0,2.0,1.0,18.0,15.0,0.31,0.375,0.31,0.685,2.0,1.0,0.0,9.0,6.0,0.4,0.5,0.4,0.9,1.0,1.0,0.0,6.0,3.0,0.333,0.4,0.333,0.733,0.0,0.0,0.0,3.0,2.0,0.282,0.341,0.376,0.717,17.0,3.0,7.0,49.0,31.0
51,84,2024-06-06 00:00:00,WSN,,ATL,"L,2-5",CG,3.0,3.0,0.0,0.0,0.0,0.0,0.0,0.0,0.0,0.0,1.0,0.0,0.0,0.0,0.0,0.0,0.0,0.0,0.277,0.335,0.323,0.658,9,0.87,-0.069,0.48,-0.02%,-0.48,0.0,0.0,CF,,2024-06-06,120,144,744844,2024,0.295,0.328,0.328,0.656,4.0,2.0,1.0,19.0,13.0,0.345,0.406,0.345,0.751,2.0,1.0,0.0,10.0,5.0,0.4,0.471,0.4,0.871,1.0,0.0,0.0,6.0,3.0,0.444,0.5,0.444,0.944,0.0,0.0,0.0,4.0,1.0,0.283,0.341,0.375,0.716,17.0,3.0,7.0,50.0,31.0
52,85,2024-06-07 00:00:00,WSN,,ATL,"W,2-1",CG,3.0,3.0,0.0,0.0,0.0,0.0,0.0,0.0,0.0,0.0,2.0,0.0,0.0,0.0,0.0,0.0,0.0,0.0,0.272,0.329,0.316,0.646,8,0.7,-0.05,0.34,-0.02%,-0.79,0.0,0.0,CF,,2024-06-07,120,144,744845,2024,0.281,0.313,0.312,0.626,4.0,1.0,1.0,19.0,14.0,0.345,0.406,0.345,0.751,2.0,1.0,0.0,10.0,5.0,0.267,0.312,0.267,0.579,0.0,0.0,0.0,4.0,3.0,0.444,0.5,0.444,0.944,0.0,0.0,0.0,4.0,1.0,0.277,0.335,0.368,0.703,17.0,3.0,7.0,50.0,32.0
53,86,2024-06-08 00:00:00,WSN,,ATL,"W,7-3",CG,4.0,4.0,0.0,1.0,0.0,0.0,0.0,0.0,0.0,0.0,0.0,0.0,0.0,0.0,0.0,0.0,0.0,0.0,0.272,0.328,0.315,0.642,9,0.37,-0.053,0.2,-0.02%,-0.84,3.0,3.0,CF,,2024-06-08,120,144,744848,2024,0.29,0.323,0.323,0.646,4.0,1.0,1.0,19.0,16.0,0.323,0.382,0.323,0.705,2.0,1.0,0.0,10.0,6.0,0.267,0.312,0.267,0.579,0.0,0.0,0.0,4.0,4.0,0.111,0.111,0.111,0.222,0.0,0.0,0.0,1.0,3.0,0.272,0.329,0.361,0.69,17.0,3.0,7.0,50.0,34.0
54,87,2024-06-09 00:00:00,WSN,,ATL,"W,8-5",CG,4.0,3.0,1.0,0.0,0.0,0.0,0.0,0.0,1.0,0.0,2.0,0.0,0.0,0.0,0.0,1.0,0.0,0.0,0.267,0.326,0.309,0.635,9,0.68,-0.046,0.4,-0.02%,-1.16,4.0,6.2,CF,,2024-06-09,120,144,744849,2024,0.286,0.318,0.317,0.636,4.0,1.0,1.0,19.0,15.0,0.258,0.324,0.258,0.582,1.0,1.0,0.0,8.0,6.0,0.312,0.353,0.312,0.665,0.0,0.0,0.0,5.0,3.0,0.1,0.1,0.1,0.2,0.0,0.0,0.0,1.0,3.0,0.272,0.328,0.358,0.686,17.0,3.0,7.0,51.0,34.0
55,88,2024-06-11 00:00:00,WSN,@,DET,"W,5-4",CG(10),4.0,3.0,1.0,0.0,0.0,0.0,0.0,0.0,1.0,0.0,2.0,0.0,0.0,0.0,0.0,0.0,0.0,0.0,0.262,0.324,0.304,0.628,9,1.48,-0.079,0.87,-0.03%,-0.3,4.0,6.2,CF,,2024-06-11,120,116,746464,2024,0.274,0.318,0.306,0.625,3.0,1.0,1.0,18.0,16.0,0.258,0.343,0.258,0.601,1.0,1.0,0.0,8.0,8.0,0.125,0.176,0.125,0.301,0.0,0.0,0.0,2.0,5.0,0.1,0.182,0.1,0.282,0.0,0.0,0.0,1.0,4.0,0.267,0.326,0.352,0.677,17.0,3.0,7.0,51.0,36.0
56,89,2024-06-12 00:00:00,WSN,@,DET,"W,7-5",CG,4.0,4.0,1.0,1.0,1.0,0.0,0.0,0.0,0.0,0.0,1.0,0.0,0.0,0.0,0.0,0.0,0.0,1.0,0.262,0.323,0.308,0.631,9,0.58,0.0,0.36,0.00%,-1.82,7.0,9.2,CF,,2024-06-12,120,116,746462,2024,0.262,0.318,0.295,0.613,3.0,1.0,1.0,17.0,17.0,0.226,0.314,0.226,0.54,1.0,0.0,0.0,7.0,10.0,0.062,0.167,0.062,0.229,0.0,0.0,0.0,1.0,7.0,0.1,0.25,0.1,0.35,0.0,0.0,0.0,1.0,4.0,0.262,0.324,0.345,0.67,17.0,3.0,7.0,51.0,38.0
57,90,2024-06-13 00:00:00,WSN,@,DET,"L,2-7",CG,3.0,3.0,0.0,0.0,0.0,0.0,0.0,0.0,0.0,0.0,1.0,0.0,0.0,0.0,0.0,0.0,0.0,0.0,0.257,0.318,0.303,0.621,9,0.62,-0.045,0.4,-0.02%,-0.55,0.0,0.0,CF,,2024-06-13,120,116,746465,2024,0.262,0.318,0.295,0.613,3.0,2.0,1.0,17.0,16.0,0.188,0.257,0.25,0.507,0.0,1.0,1.0,7.0,10.0,0.118,0.211,0.235,0.446,0.0,1.0,1.0,3.0,7.0,0.1,0.25,0.3,0.55,0.0,1.0,1.0,2.0,5.0,0.262,0.323,0.355,0.677,17.0,4.0,8.0,53.0,39.0
58,91,2024-06-14 00:00:00,WSN,,MIA,"W,8-1",CG,4.0,4.0,2.0,2.0,0.0,0.0,0.0,0.0,0.0,0.0,1.0,0.0,0.0,0.0,0.0,0.0,0.0,0.0,0.263,0.321,0.307,0.629,9,0.48,0.023,0.31,0.01%,-0.26,10.0,12.4,CF,,2024-06-14,120,146,744847,2024,0.233,0.292,0.267,0.559,2.0,2.0,1.0,15.0,16.0,0.188,0.257,0.25,0.507,0.0,1.0,1.0,7.0,10.0,0.118,0.211,0.235,0.446,0.0,1.0,1.0,3.0,6.0,0.1,0.182,0.3,0.482,0.0,1.0,1.0,2.0,4.0,0.257,0.318,0.349,0.666,17.0,4.0,8.0,53.0,40.0
59,92,2024-06-15 00:00:00,WSN,,MIA,"W,4-0",CG,3.0,3.0,0.0,0.0,0.0,0.0,0.0,0.0,0.0,0.0,1.0,0.0,0.0,0.0,0.0,0.0,0.0,0.0,0.258,0.317,0.302,0.619,9,0.52,-0.039,0.35,-0.02%,-0.55,0.0,0.0,CF,,2024-06-15,120,146,744846,2024,0.23,0.288,0.262,0.55,2.0,2.0,1.0,15.0,16.0,0.242,0.306,0.303,0.609,0.0,1.0,1.0,9.0,10.0,0.176,0.263,0.294,0.557,0.0,1.0,1.0,4.0,7.0,0.273,0.273,0.455,0.727,0.0,1.0,1.0,4.0,3.0,0.263,0.321,0.352,0.673,17.0,4.0,8.0,55.0,41.0
60,93,2024-06-16 00:00:00,WSN,,MIA,"W,3-1",CG,3.0,3.0,1.0,2.0,0.0,0.0,1.0,1.0,0.0,0.0,1.0,0.0,0.0,0.0,0.0,0.0,0.0,0.0,0.265,0.322,0.324,0.646,8,0.64,0.15,0.47,0.07%,0.9,17.0,21.7,CF,,2024-06-16,120,146,744839,2024,0.226,0.284,0.258,0.542,2.0,2.0,1.0,15.0,17.0,0.152,0.2,0.212,0.412,0.0,1.0,1.0,6.0,11.0,0.176,0.222,0.294,0.516,0.0,1.0,1.0,4.0,6.0,0.2,0.2,0.2,0.4,0.0,0.0,0.0,2.0,3.0,0.258,0.317,0.346,0.663,17.0,4.0,8.0,55.0,42.0
61,94,2024-06-18 00:00:00,WSN,,ARI,"L,0-5",CG,3.0,3.0,0.0,0.0,0.0,0.0,0.0,0.0,0.0,0.0,0.0,0.0,0.0,0.0,0.0,0.0,0.0,0.0,0.261,0.317,0.319,0.636,9,0.3,-0.023,0.25,-0.01%,-0.48,0.0,0.0,CF,,2024-06-18,120,109,744843,2024,0.258,0.313,0.355,0.668,2.0,2.0,2.0,20.0,17.0,0.182,0.229,0.364,0.592,0.0,1.0,2.0,10.0,12.0,0.294,0.294,0.647,0.941,0.0,1.0,2.0,9.0,5.0,0.4,0.4,0.8,1.2,0.0,0.0,1.0,7.0,3.0,0.265,0.322,0.373,0.695,17.0,4.0,9.0,60.0,43.0
62,95,2024-06-19 00:00:00,WSN,,ARI,"W,3-1",CG,3.0,2.0,0.0,0.0,0.0,0.0,0.0,0.0,1.0,0.0,0.0,0.0,0.0,0.0,0.0,1.0,0.0,0.0,0.258,0.317,0.316,0.633,7,1.21,-0.079,0.88,-0.04%,-0.61,2.0,3.0,CF,,2024-06-19,120,109,744842,2024,0.258,0.313,0.355,0.668,2.0,2.0,2.0,20.0,16.0,0.182,0.229,0.364,0.592,0.0,1.0,2.0,10.0,11.0,0.25,0.25,0.5,0.75,0.0,0.0,1.0,7.0,4.0,0.222,0.222,0.667,0.889,0.0,0.0,1.0,5.0,2.0,0.261,0.317,0.367,0.684,17.0,4.0,9.0,60.0,43.0
63,96,2024-06-20 00:00:00,WSN,,ARI,"L,2-5",CG,3.0,3.0,0.0,0.0,0.0,0.0,0.0,0.0,0.0,0.0,0.0,0.0,0.0,0.0,0.0,0.0,0.0,0.0,0.254,0.313,0.311,0.624,9,0.78,-0.059,0.6,-0.03%,-0.48,0.0,0.0,CF,,2024-06-20,120,109,744841,2024,0.254,0.319,0.349,0.668,2.0,2.0,2.0,20.0,15.0,0.188,0.257,0.375,0.632,0.0,1.0,2.0,10.0,9.0,0.267,0.312,0.533,0.846,0.0,0.0,1.0,7.0,3.0,0.25,0.333,0.75,1.083,0.0,0.0,1.0,5.0,1.0,0.258,0.317,0.363,0.68,17.0,4.0,9.0,60.0,43.0
64,97,2024-06-21 00:00:00,WSN,@,COL,"W,11-5",CG,5.0,5.0,3.0,3.0,2.0,0.0,0.0,0.0,0.0,0.0,1.0,0.0,0.0,0.0,0.0,0.0,0.0,0.0,0.263,0.319,0.328,0.648,9,0.34,0.092,0.24,0.04%,0.57,19.0,24.6,CF,,2024-06-21,120,115,746540,2024,0.21,0.279,0.306,0.586,1.0,2.0,2.0,17.0,15.0,0.161,0.235,0.355,0.59,0.0,1.0,2.0,9.0,9.0,0.143,0.2,0.429,0.629,0.0,0.0,1.0,5.0,2.0,0.0,0.111,0.0,0.111,0.0,0.0,0.0,0.0,0.0,0.254,0.313,0.358,0.67,17.0,4.0,9.0,60.0,43.0
65,98,2024-06-22 00:00:00,WSN,@,COL,"L,7-8",CG,4.0,4.0,1.0,2.0,0.0,0.0,0.0,0.0,0.0,0.0,0.0,0.0,0.0,0.0,0.0,0.0,0.0,1.0,0.267,0.323,0.332,0.654,9,1.31,0.024,0.97,0.01%,-0.22,8.0,9.2,CF,,2024-06-22,120,115,746541,2024,0.25,0.314,0.406,0.721,1.0,2.0,4.0,22.0,16.0,0.242,0.286,0.545,0.831,0.0,1.0,4.0,14.0,8.0,0.312,0.353,0.812,1.165,0.0,0.0,3.0,10.0,2.0,0.3,0.364,0.7,1.064,0.0,0.0,2.0,5.0,1.0,0.263,0.319,0.384,0.703,17.0,4.0,11.0,65.0,44.0
66,99,2024-06-23 00:00:00,WSN,@,COL,"W,2-1",CG,3.0,3.0,0.0,2.0,0.0,0.0,0.0,0.0,0.0,0.0,0.0,0.0,0.0,0.0,0.0,0.0,0.0,0.0,0.273,0.327,0.337,0.664,9,1.58,0.201,1.07,0.08%,0.91,6.0,6.0,CF,,2024-06-23,120,115,746536,2024,0.262,0.314,0.415,0.73,1.0,2.0,4.0,23.0,16.0,0.294,0.314,0.588,0.903,0.0,2.0,4.0,16.0,6.0,0.294,0.333,0.529,0.863,0.0,1.0,2.0,7.0,1.0,0.417,0.417,0.75,1.167,0.0,1.0,2.0,7.0,1.0,0.267,0.323,0.386,0.709,17.0,5.0,11.0,67.0,44.0
67,100,2024-06-24 00:00:00,WSN,@,SDP,"L,6-7",CG(10),4.0,3.0,1.0,0.0,0.0,0.0,0.0,0.0,0.0,0.0,0.0,1.0,0.0,0.0,0.0,0.0,1.0,0.0,0.269,0.326,0.332,0.658,9,1.72,-0.014,1.4,-0.01%,0.18,9.0,12.2,CF,,2024-06-24,120,135,745397,2024,0.262,0.304,0.415,0.72,0.0,2.0,4.0,23.0,15.0,0.333,0.353,0.576,0.929,0.0,1.0,3.0,16.0,5.0,0.412,0.444,0.647,1.092,0.0,1.0,2.0,9.0,1.0,0.583,0.583,0.917,1.5,0.0,1.0,2.0,9.0,1.0,0.273,0.327,0.39,0.718,17.0,5.0,11.0,69.0,44.0
68,101,2024-06-25 00:00:00,WSN,@,SDP,"L,7-9",CG,4.0,4.0,2.0,1.0,0.0,0.0,0.0,1.0,0.0,0.0,0.0,0.0,0.0,0.0,1.0,0.0,0.0,0.0,0.269,0.325,0.33,0.655,9,0.54,0.052,0.41,0.02%,0.42,9.0,12.9,CF,,2024-06-25,120,135,745399,2024,0.262,0.314,0.415,0.73,1.0,2.0,4.0,23.0,14.0,0.333,0.371,0.576,0.947,1.0,1.0,3.0,16.0,4.0,0.389,0.421,0.611,1.032,1.0,1.0,2.0,9.0,1.0,0.4,0.455,0.4,0.855,1.0,1.0,0.0,4.0,0.0,0.269,0.326,0.385,0.711,18.0,5.0,11.0,69.0,44.0
69,102,2024-06-26 00:00:00,WSN,@,SDP,"L,5-8",CG,3.0,2.0,1.0,0.0,0.0,0.0,0.0,0.0,1.0,0.0,2.0,0.0,0.0,0.0,0.0,0.0,0.0,0.0,0.266,0.325,0.327,0.652,9,0.36,-0.026,0.25,-0.01%,0.05,4.0,6.2,CF,,2024-06-26,120,135,745400,2024,0.273,0.324,0.424,0.748,1.0,2.0,4.0,24.0,13.0,0.303,0.343,0.545,0.888,1.0,1.0,3.0,15.0,3.0,0.421,0.45,0.632,1.082,1.0,1.0,2.0,10.0,1.0,0.3,0.364,0.3,0.664,1.0,0.0,0.0,3.0,0.0,0.269,0.325,0.382,0.707,18.0,5.0,11.0,70.0,44.0
70,103,2024-06-28 00:00:00,WSN,@,TBR,"L,1-3",CG,3.0,3.0,1.0,2.0,2.0,0.0,0.0,0.0,0.0,0.0,0.0,0.0,0.0,0.0,0.0,0.0,1.0,0.0,0.272,0.329,0.341,0.67,9,0.75,0.112,0.44,0.04%,1.46,17.0,21.2,CF,,2024-06-28,120,139,745070,2024,0.231,0.286,0.385,0.67,1.0,2.0,4.0,21.0,15.0,0.312,0.371,0.562,0.934,1.0,1.0,3.0,15.0,4.0,0.312,0.389,0.312,0.701,1.0,1.0,0.0,5.0,2.0,0.111,0.273,0.111,0.384,1.0,0.0,0.0,1.0,2.0,0.266,0.325,0.379,0.703,18.0,5.0,11.0,70.0,46.0
71,104,2024-06-29 00:00:00,WSN,@,TBR,"W,8-1",CG,4.0,4.0,1.0,1.0,0.0,0.0,0.0,0.0,0.0,0.0,0.0,0.0,0.0,0.0,0.0,0.0,0.0,0.0,0.271,0.328,0.339,0.667,9,0.55,0.002,0.27,0.00%,-0.16,5.0,6.2,CF,,2024-06-29,120,139,745071,2024,0.246,0.3,0.462,0.762,2.0,2.0,6.0,24.0,15.0,0.312,0.371,0.562,0.934,2.0,1.0,4.0,14.0,3.0,0.333,0.412,0.6,1.012,2.0,0.0,2.0,7.0,2.0,0.333,0.4,0.778,1.178,1.0,0.0,2.0,5.0,2.0,0.272,0.329,0.401,0.73,19.0,5.0,13.0,74.0,46.0
72,105,2024-06-30 00:00:00,WSN,@,TBR,"L,0-5",CG,3.0,3.0,0.0,1.0,0.0,0.0,0.0,0.0,0.0,0.0,2.0,0.0,0.0,0.0,0.0,0.0,0.0,0.0,0.272,0.328,0.339,0.667,9,0.34,0.012,0.18,0.00%,-0.07,3.0,3.0,CF,,2024-06-30,120,139,745072,2024,0.258,0.31,0.47,0.78,2.0,2.0,6.0,25.0,14.0,0.333,0.389,0.576,0.965,2.0,1.0,4.0,15.0,3.0,0.25,0.333,0.5,0.833,2.0,0.0,2.0,6.0,2.0,0.333,0.4,0.778,1.178,1.0,0.0,2.0,5.0,2.0,0.271,0.328,0.398,0.726,19.0,5.0,13.0,75.0,46.0
73,106,2024-07-01 00:00:00,WSN,,NYM,"L,7-9",CG(10),4.0,4.0,1.0,0.0,0.0,0.0,0.0,0.0,0.0,0.0,1.0,0.0,0.0,0.0,0.0,0.0,0.0,0.0,0.268,0.323,0.333,0.656,9,2.0,-0.213,1.16,-0.07%,-1.02,2.0,3.2,CF,,2024-07-01,120,121,744840,2024,0.273,0.324,0.485,0.809,2.0,2.0,6.0,26.0,14.0,0.353,0.389,0.588,0.977,2.0,1.0,4.0,16.0,5.0,0.312,0.353,0.562,0.915,1.0,0.0,2.0,7.0,4.0,0.4,0.4,0.8,1.2,1.0,0.0,2.0,6.0,2.0,0.272,0.328,0.397,0.725,19.0,5.0,13.0,76.0,48.0
74,107,2024-07-02 00:00:00,WSN,,NYM,"L,2-7",CG(10),4.0,3.0,1.0,1.0,1.0,0.0,0.0,0.0,1.0,0.0,1.0,0.0,0.0,0.0,0.0,0.0,0.0,0.0,0.268,0.325,0.338,0.663,9,1.36,0.068,0.66,0.02%,1.03,9.0,12.2,CF,,2024-07-02,120,121,744838,2024,0.258,0.31,0.47,0.78,2.0,2.0,6.0,25.0,15.0,0.343,0.378,0.571,0.95,2.0,1.0,4.0,16.0,6.0,0.25,0.294,0.5,0.794,1.0,0.0,2.0,6.0,5.0,0.182,0.182,0.182,0.364,0.0,0.0,0.0,2.0,3.0,0.268,0.323,0.39,0.713,19.0,5.0,13.0,76.0,49.0
75,108,2024-07-03 00:00:00,WSN,,NYM,"W,7-5",CG,3.0,3.0,0.0,0.0,0.0,0.0,0.0,0.0,0.0,0.0,1.0,0.0,0.0,0.0,0.0,1.0,0.0,0.0,0.265,0.322,0.333,0.655,9,1.41,-0.158,0.63,-0.04%,-1.45,0.0,0.0,CF,,2024-07-03,120,121,744837,2024,0.273,0.324,0.515,0.839,2.0,2.0,7.0,27.0,14.0,0.303,0.361,0.485,0.846,2.0,1.0,3.0,13.0,6.0,0.294,0.333,0.647,0.98,1.0,0.0,3.0,8.0,4.0,0.2,0.273,0.4,0.673,0.0,0.0,1.0,3.0,4.0,0.268,0.325,0.398,0.724,19.0,5.0,14.0,78.0,50.0
76,109,2024-07-04 00:00:00,WSN,,NYM,"W,1-0",CG,3.0,2.0,0.0,0.0,0.0,0.0,0.0,0.0,1.0,0.0,0.0,0.0,0.0,0.0,0.0,0.0,0.0,0.0,0.263,0.322,0.331,0.652,9,1.55,-0.051,0.75,-0.02%,-0.29,2.0,3.0,CF,,2024-07-04,120,121,744834,2024,0.273,0.314,0.515,0.829,2.0,2.0,7.0,27.0,13.0,0.25,0.314,0.438,0.752,2.0,0.0,3.0,11.0,7.0,0.176,0.222,0.294,0.516,0.0,0.0,1.0,4.0,5.0,0.1,0.182,0.3,0.482,0.0,0.0,1.0,2.0,3.0,0.265,0.322,0.393,0.715,19.0,5.0,14.0,78.0,51.0
77,110,2024-07-05 00:00:00,WSN,,STL,"L,6-7",CG(11),5.0,5.0,1.0,1.0,0.0,0.0,0.0,0.0,0.0,0.0,0.0,0.0,0.0,0.0,0.0,0.0,0.0,0.0,0.261,0.319,0.328,0.647,9,1.76,-0.154,0.92,-0.05%,-0.21,5.0,6.2,CF,,2024-07-05,120,138,744836,2024,0.266,0.319,0.484,0.803,2.0,1.0,6.0,25.0,12.0,0.194,0.286,0.387,0.673,2.0,0.0,3.0,9.0,7.0,0.133,0.235,0.267,0.502,0.0,0.0,1.0,3.0,5.0,0.125,0.3,0.375,0.675,0.0,0.0,1.0,2.0,2.0,0.263,0.322,0.39,0.712,19.0,5.0,14.0,78.0,51.0
78,111,2024-07-06 00:00:00,WSN,,STL,"W,14-6",CG,5.0,4.0,1.0,1.0,0.0,0.0,0.0,0.0,1.0,0.0,2.0,0.0,0.0,0.0,0.0,0.0,1.0,0.0,0.261,0.321,0.327,0.647,9,0.19,0.014,0.09,0.00%,-0.39,12.0,15.2,CF,,2024-07-06,120,138,744835,2024,0.273,0.324,0.485,0.809,2.0,1.0,6.0,26.0,11.0,0.212,0.278,0.394,0.672,1.0,0.0,3.0,10.0,7.0,0.118,0.211,0.235,0.446,0.0,0.0,1.0,3.0,3.0,0.1,0.182,0.1,0.282,0.0,0.0,0.0,1.0,1.0,0.261,0.319,0.386,0.705,19.0,5.0,14.0,79.0,51.0
79,112,2024-07-07 00:00:00,WSN,,STL,"L,3-8",CG,4.0,4.0,0.0,1.0,0.0,0.0,0.0,0.0,0.0,0.0,1.0,0.0,0.0,0.0,0.0,0.0,0.0,0.0,0.261,0.32,0.325,0.645,9,0.41,0.001,0.22,0.00%,-0.26,3.0,3.0,CF,,2024-07-07,120,138,744832,2024,0.258,0.319,0.47,0.789,3.0,1.0,6.0,25.0,12.0,0.212,0.297,0.394,0.691,2.0,0.0,3.0,10.0,9.0,0.176,0.3,0.294,0.594,1.0,0.0,1.0,4.0,4.0,0.182,0.308,0.182,0.49,1.0,0.0,0.0,2.0,2.0,0.261,0.321,0.384,0.705,20.0,5.0,14.0,80.0,53.0
80,113,2024-07-08 00:00:00,WSN,,STL,"L,0-6",CG,3.0,3.0,0.0,1.0,0.0,0.0,0.0,0.0,0.0,0.0,1.0,0.0,0.0,0.0,0.0,0.0,0.0,0.0,0.262,0.32,0.325,0.645,9,1.35,-0.011,0.58,0.00%,-0.07,3.0,3.0,CF,,2024-07-08,120,138,744833,2024,0.269,0.329,0.478,0.806,3.0,1.0,6.0,26.0,12.0,0.229,0.289,0.4,0.689,2.0,0.0,3.0,11.0,8.0,0.167,0.25,0.167,0.417,1.0,0.0,0.0,3.0,4.0,0.231,0.286,0.231,0.516,1.0,0.0,0.0,3.0,3.0,0.261,0.32,0.382,0.701,20.0,5.0,14.0,81.0,54.0
81,114,2024-07-09 00:00:00,WSN,@,NYM,"L,5-7",CG,4.0,3.0,1.0,0.0,0.0,0.0,0.0,0.0,1.0,0.0,2.0,0.0,0.0,0.0,0.0,0.0,0.0,0.0,0.259,0.319,0.322,0.641,9,0.44,-0.035,0.17,-0.01%,0.33,4.0,6.2,CF,,2024-07-09,120,121,745803,2024,0.254,0.315,0.403,0.718,3.0,1.0,5.0,22.0,12.0,0.2,0.263,0.257,0.52,1.0,0.0,1.0,8.0,9.0,0.222,0.3,0.222,0.522,1.0,0.0,0.0,4.0,4.0,0.273,0.333,0.273,0.606,1.0,0.0,0.0,3.0,4.0,0.262,0.32,0.381,0.701,20.0,5.0,14.0,82.0,55.0
82,115,2024-07-10 00:00:00,WSN,@,NYM,"L,2-6",CG,4.0,4.0,0.0,0.0,0.0,0.0,0.0,0.0,0.0,0.0,1.0,0.0,0.0,0.0,0.0,0.0,0.0,0.0,0.255,0.314,0.317,0.631,9,1.11,-0.104,0.37,-0.02%,-1.03,0.0,0.0,CF,,2024-07-10,120,121,745796,2024,0.254,0.324,0.403,0.727,3.0,1.0,5.0,22.0,14.0,0.176,0.263,0.235,0.498,1.0,0.0,1.0,7.0,11.0,0.211,0.286,0.211,0.496,1.0,0.0,0.0,4.0,6.0,0.2,0.273,0.2,0.473,0.0,0.0,0.0,2.0,4.0,0.259,0.319,0.376,0.695,20.0,5.0,14.0,82.0,57.0
83,116,2024-07-11 00:00:00,WSN,@,NYM,"L,0-7",CG,4.0,3.0,0.0,0.0,0.0,0.0,0.0,0.0,0.0,0.0,2.0,1.0,0.0,0.0,0.0,0.0,0.0,0.0,0.253,0.315,0.314,0.629,9,0.63,-0.092,0.18,-0.02%,-0.43,2.0,3.0,CF,,2024-07-11,120,121,745799,2024,0.246,0.307,0.391,0.698,3.0,1.0,5.0,22.0,15.0,0.143,0.231,0.2,0.431,1.0,0.0,1.0,6.0,10.0,0.167,0.25,0.167,0.417,1.0,0.0,0.0,3.0,7.0,0.1,0.182,0.1,0.282,0.0,0.0,0.0,1.0,4.0,0.255,0.314,0.371,0.685,20.0,5.0,14.0,82.0,58.0
84,117,2024-07-12 00:00:00,WSN,@,MIL,"W,5-2",CG,4.0,3.0,1.0,1.0,0.0,0.0,0.0,0.0,1.0,0.0,2.0,0.0,0.0,0.0,0.0,0.0,0.0,0.0,0.254,0.317,0.314,0.632,9,0.62,0.008,0.14,0.00%,-0.34,7.0,9.2,CF,,2024-07-12,120,158,745965,2024,0.246,0.316,0.391,0.707,3.0,1.0,5.0,22.0,17.0,0.147,0.256,0.206,0.462,1.0,0.0,1.0,6.0,11.0,0.118,0.211,0.118,0.328,0.0,0.0,0.0,2.0,7.0,0.0,0.167,0.0,0.167,0.0,0.0,0.0,0.0,5.0,0.252,0.314,0.366,0.68,20.0,5.0,14.0,82.0,60.0
85,118,2024-07-13 00:00:00,WSN,@,MIL,"W,6-5",CG,4.0,3.0,0.0,0.0,0.0,0.0,0.0,0.0,0.0,0.0,0.0,0.0,1.0,0.0,0.0,1.0,0.0,0.0,0.251,0.314,0.311,0.625,9,2.25,-0.244,0.58,-0.04%,-1.91,0.0,0.0,CF,,2024-07-13,120,158,745963,2024,0.224,0.307,0.313,0.62,3.0,1.0,3.0,18.0,18.0,0.147,0.256,0.147,0.403,1.0,0.0,0.0,5.0,12.0,0.125,0.263,0.125,0.388,0.0,0.0,0.0,2.0,8.0,0.1,0.25,0.1,0.35,0.0,0.0,0.0,1.0,5.0,0.253,0.316,0.366,0.682,20.0,5.0,14.0,83.0,62.0
86,119,2024-07-14 00:00:00,WSN,@,MIL,"L,3-9",CG,3.0,3.0,0.0,0.0,0.0,0.0,0.0,0.0,0.0,0.0,0.0,0.0,0.0,0.0,0.0,0.0,0.0,0.0,0.248,0.311,0.307,0.618,9,0.65,-0.048,0.19,-0.01%,-0.72,0.0,0.0,CF,,2024-07-14,120,158,745962,2024,0.197,0.284,0.288,0.572,3.0,0.0,3.0,16.0,18.0,0.147,0.256,0.147,0.403,1.0,0.0,0.0,5.0,11.0,0.062,0.211,0.062,0.273,0.0,0.0,0.0,1.0,7.0,0.111,0.273,0.111,0.384,0.0,0.0,0.0,1.0,4.0,0.25,0.313,0.362,0.675,20.0,5.0,14.0,83.0,62.0
87,120,2024-07-19 00:00:00,WSN,,CIN,"W,8-5",CG,3.0,3.0,1.0,2.0,1.0,0.0,0.0,0.0,0.0,0.0,0.0,0.0,0.0,0.0,0.0,0.0,2.0,0.0,0.253,0.314,0.315,0.629,9,0.31,0.012,0.08,0.00%,2.21,20.0,24.2,CF,,2024-07-19,120,113,744829,2024,0.167,0.257,0.258,0.514,3.0,0.0,3.0,14.0,18.0,0.143,0.231,0.143,0.374,1.0,0.0,0.0,5.0,11.0,0.062,0.167,0.062,0.229,0.0,0.0,0.0,1.0,5.0,0.111,0.2,0.111,0.311,0.0,0.0,0.0,1.0,2.0,0.247,0.31,0.358,0.668,20.0,5.0,14.0,83.0,62.0
88,121,2024-07-20 00:00:00,WSN,,CIN,"W,5-4",CG,4.0,3.0,1.0,2.0,0.0,0.0,0.0,1.0,0.0,0.0,0.0,1.0,0.0,0.0,0.0,0.0,2.0,0.0,0.257,0.32,0.319,0.639,9,1.85,0.407,0.58,0.08%,1.67,22.0,27.7,CF,,2024-07-20,120,113,744830,2024,0.197,0.274,0.318,0.592,4.0,0.0,4.0,17.0,18.0,0.182,0.27,0.242,0.513,3.0,0.0,1.0,7.0,11.0,0.2,0.294,0.333,0.627,2.0,0.0,1.0,4.0,4.0,0.222,0.222,0.444,0.667,2.0,0.0,1.0,3.0,0.0,0.252,0.313,0.369,0.682,22.0,5.0,15.0,86.0,62.0
89,122,2024-07-21 00:00:00,WSN,,CIN,"W,5-2",CG,3.0,2.0,1.0,0.0,0.0,0.0,0.0,0.0,1.0,0.0,0.0,0.0,0.0,0.0,0.0,0.0,0.0,0.0,0.255,0.32,0.317,0.637,9,1.46,0.083,0.45,0.02%,0.69,4.0,6.2,CF,,2024-07-21,120,113,744831,2024,0.215,0.301,0.338,0.64,6.0,0.0,4.0,18.0,18.0,0.219,0.306,0.281,0.587,4.0,0.0,1.0,8.0,9.0,0.333,0.412,0.467,0.878,4.0,0.0,1.0,6.0,2.0,0.444,0.5,0.667,1.167,4.0,0.0,1.0,5.0,0.0,0.256,0.319,0.372,0.691,24.0,5.0,15.0,88.0,62.0
90,123,2024-07-23 00:00:00,WSN,,SDP,"L,0-4",CG,3.0,2.0,0.0,0.0,0.0,0.0,0.0,0.0,0.0,0.0,0.0,0.0,1.0,0.0,0.0,0.0,0.0,0.0,0.254,0.318,0.314,0.632,9,1.05,-0.06,0.43,-0.02%,-0.75,0.0,0.0,CF,,2024-07-23,120,135,744828,2024,0.215,0.301,0.338,0.64,6.0,0.0,4.0,18.0,16.0,0.2,0.314,0.267,0.581,4.0,0.0,1.0,7.0,8.0,0.286,0.375,0.429,0.804,4.0,0.0,1.0,5.0,0.0,0.5,0.6,0.75,1.35,4.0,0.0,1.0,5.0,0.0,0.254,0.319,0.369,0.688,24.0,5.0,15.0,88.0,62.0
91,124,2024-07-24 00:00:00,WSN,,SDP,"L,3-12",CG,3.0,3.0,0.0,0.0,0.0,0.0,0.0,0.0,0.0,0.0,1.0,0.0,0.0,0.0,0.0,0.0,0.0,0.0,0.251,0.315,0.311,0.626,9,0.26,-0.019,0.08,0.00%,-0.53,0.0,0.0,CF,,2024-07-24,120,135,744824,2024,0.188,0.278,0.25,0.528,5.0,0.0,2.0,14.0,16.0,0.172,0.294,0.241,0.535,4.0,0.0,1.0,6.0,7.0,0.308,0.4,0.462,0.862,4.0,0.0,1.0,5.0,0.0,0.286,0.444,0.286,0.73,2.0,0.0,0.0,2.0,0.0,0.253,0.317,0.367,0.684,24.0,5.0,15.0,88.0,62.0
92,125,2024-07-25 00:00:00,WSN,,SDP,"L,0-3",CG,3.0,3.0,0.0,0.0,0.0,0.0,0.0,0.0,0.0,0.0,2.0,0.0,0.0,0.0,0.0,0.0,0.0,0.0,0.248,0.312,0.308,0.62,9,0.4,-0.031,0.1,-0.01%,-0.35,0.0,0.0,CF,,2024-07-25,120,135,744827,2024,0.175,0.268,0.238,0.506,5.0,0.0,2.0,13.0,17.0,0.172,0.273,0.241,0.514,4.0,0.0,1.0,6.0,6.0,0.308,0.4,0.462,0.862,4.0,0.0,1.0,5.0,1.0,0.0,0.125,0.0,0.125,0.0,0.0,0.0,0.0,1.0,0.25,0.314,0.363,0.677,24.0,5.0,15.0,88.0,63.0
93,126,2024-07-26 00:00:00,WSN,@,STL,"W,10-8",CG(10),5.0,5.0,1.0,2.0,0.0,1.0,0.0,3.0,0.0,0.0,1.0,0.0,0.0,0.0,0.0,0.0,0.0,0.0,0.251,0.313,0.316,0.63,9,2.57,0.461,0.47,0.05%,1.88,19.0,25.7,CF,,2024-07-26,120,138,745146,2024,0.159,0.254,0.222,0.476,5.0,0.0,2.0,12.0,17.0,0.179,0.281,0.25,0.531,4.0,0.0,1.0,6.0,7.0,0.154,0.267,0.154,0.421,2.0,0.0,0.0,2.0,3.0,0.0,0.0,0.0,0.0,0.0,0.0,0.0,0.0,3.0,0.247,0.311,0.359,0.67,24.0,5.0,15.0,88.0,65.0
94,127,2024-07-27 00:00:00,WSN,@,STL,"W,14-3",CG,5.0,3.0,2.0,0.0,0.0,0.0,0.0,0.0,2.0,0.0,1.0,0.0,0.0,0.0,0.0,0.0,0.0,0.0,0.248,0.315,0.313,0.628,9,0.77,-0.042,0.19,-0.01%,-0.29,8.0,12.4,CF,,2024-07-27,120,138,745150,2024,0.188,0.278,0.297,0.575,5.0,0.0,3.0,16.0,17.0,0.233,0.303,0.4,0.703,4.0,0.0,2.0,10.0,6.0,0.133,0.188,0.333,0.521,0.0,0.0,1.0,4.0,4.0,0.182,0.182,0.455,0.636,0.0,0.0,1.0,4.0,4.0,0.25,0.312,0.37,0.682,24.0,5.0,16.0,92.0,66.0
95,128,2024-07-28 00:00:00,WSN,@,STL,"L,3-4",CG,4.0,4.0,1.0,2.0,1.0,0.0,0.0,0.0,0.0,0.0,0.0,0.0,0.0,0.0,0.0,1.0,2.0,0.0,0.252,0.317,0.319,0.636,9,1.63,0.041,0.48,0.01%,1.13,20.0,24.2,CF,,2024-07-28,120,138,745145,2024,0.172,0.274,0.25,0.524,5.0,0.0,2.0,14.0,17.0,0.2,0.294,0.367,0.661,4.0,0.0,2.0,9.0,5.0,0.125,0.222,0.312,0.535,0.0,0.0,1.0,4.0,5.0,0.182,0.308,0.455,0.762,0.0,0.0,1.0,4.0,4.0,0.247,0.314,0.366,0.68,24.0,5.0,16.0,92.0,67.0
96,129,2024-07-29 00:00:00,WSN,@,ARI,"L,8-9",CG,5.0,5.0,0.0,2.0,0.0,0.0,0.0,0.0,0.0,0.0,1.0,0.0,0.0,0.0,0.0,0.0,0.0,1.0,0.254,0.318,0.32,0.638,8,0.22,-0.023,0.06,0.00%,-0.99,6.0,6.0,CF,,2024-07-29,120,109,747172,2024,0.2,0.297,0.308,0.605,7.0,0.0,3.0,17.0,16.0,0.258,0.343,0.484,0.827,6.0,0.0,3.0,12.0,5.0,0.222,0.3,0.5,0.8,2.0,0.0,2.0,7.0,5.0,0.333,0.429,0.75,1.179,2.0,0.0,2.0,7.0,2.0,0.251,0.316,0.375,0.691,26.0,5.0,17.0,95.0,67.0
97,130,2024-07-30 00:00:00,WSN,@,ARI,"L,0-17",CG,3.0,3.0,0.0,0.0,0.0,0.0,0.0,0.0,0.0,0.0,1.0,0.0,0.0,0.0,0.0,0.0,0.0,0.0,0.252,0.315,0.317,0.632,8,0.28,-0.023,0.05,0.00%,-0.89,0.0,0.0,CF,,2024-07-30,120,109,747167,2024,0.221,0.303,0.324,0.626,7.0,1.0,3.0,19.0,17.0,0.303,0.378,0.515,0.894,6.0,1.0,3.0,14.0,6.0,0.3,0.364,0.55,0.914,2.0,1.0,2.0,9.0,5.0,0.333,0.429,0.5,0.929,2.0,1.0,1.0,5.0,2.0,0.253,0.317,0.375,0.692,26.0,6.0,17.0,97.0,68.0
98,131,2024-07-31 00:00:00,WSN,@,ARI,"L,4-5",7-GF,2.0,1.0,1.0,0.0,0.0,0.0,0.0,0.0,1.0,0.0,1.0,0.0,0.0,0.0,0.0,0.0,0.0,0.0,0.251,0.317,0.316,0.633,8,0.96,0.029,0.12,0.00%,0.39,4.0,6.2,PH CF,,2024-07-31,120,109,747170,2024,0.212,0.297,0.318,0.615,7.0,1.0,3.0,18.0,18.0,0.242,0.324,0.394,0.718,4.0,1.0,2.0,11.0,7.0,0.3,0.364,0.55,0.914,2.0,1.0,2.0,9.0,4.0,0.333,0.333,0.5,0.833,2.0,1.0,1.0,5.0,2.0,0.251,0.315,0.371,0.686,26.0,6.0,17.0,97.0,69.0
99,132,2024-08-02 00:00:00,WSN,,MIL,"L,3-8",CG,4.0,4.0,1.0,1.0,0.0,0.0,0.0,0.0,0.0,0.0,1.0,0.0,0.0,0.0,0.0,0.0,0.0,0.0,0.251,0.316,0.315,0.631,9,1.25,-0.093,0.09,0.00%,-0.77,5.0,6.2,CF,,2024-08-02,120,158,744825,2024,0.206,0.296,0.317,0.613,6.0,1.0,3.0,17.0,17.0,0.194,0.286,0.355,0.641,2.0,1.0,2.0,9.0,8.0,0.25,0.368,0.375,0.743,2.0,1.0,1.0,5.0,4.0,0.222,0.3,0.222,0.522,0.0,1.0,0.0,2.0,3.0,0.25,0.316,0.37,0.686,26.0,6.0,17.0,97.0,70.0
100,133,2024-08-03 00:00:00,WSN,,MIL,"W,6-4",CG,3.0,3.0,0.0,1.0,0.0,0.0,0.0,0.0,0.0,0.0,1.0,0.0,0.0,0.0,0.0,1.0,0.0,0.0,0.252,0.316,0.315,0.631,8,0.33,-0.012,0.01,0.00%,-0.47,3.0,3.0,CF,,2024-08-03,120,158,744823,2024,0.206,0.296,0.317,0.613,6.0,1.0,3.0,17.0,17.0,0.212,0.278,0.364,0.641,2.0,1.0,2.0,10.0,9.0,0.294,0.333,0.412,0.745,2.0,1.0,1.0,6.0,4.0,0.125,0.222,0.125,0.347,0.0,0.0,0.0,1.0,3.0,0.25,0.315,0.369,0.683,26.0,6.0,17.0,98.0,71.0
101,134,2024-08-04 00:00:00,WSN,,MIL,"W,4-3",CG,3.0,3.0,0.0,0.0,0.0,0.0,0.0,0.0,0.0,0.0,0.0,0.0,0.0,0.0,0.0,0.0,0.0,0.0,0.249,0.313,0.312,0.626,8,0.69,-0.055,0.05,0.00%,-0.81,0.0,0.0,CF,,2024-08-04,120,158,744826,2024,0.206,0.296,0.317,0.613,6.0,1.0,3.0,17.0,17.0,0.235,0.297,0.382,0.68,2.0,1.0,2.0,11.0,10.0,0.25,0.294,0.25,0.544,0.0,1.0,0.0,4.0,5.0,0.25,0.333,0.25,0.583,0.0,0.0,0.0,2.0,3.0,0.251,0.315,0.368,0.683,26.0,6.0,17.0,99.0,72.0
102,135,2024-08-05 00:00:00,WSN,,SFG,"L,1-4",CG,4.0,4.0,0.0,1.0,1.0,0.0,0.0,0.0,0.0,0.0,2.0,0.0,0.0,0.0,0.0,0.0,0.0,0.0,0.249,0.313,0.315,0.627,9,0.8,-0.053,0.08,0.00%,-0.45,5.0,6.0,CF,,2024-08-05,120,137,744821,2024,0.206,0.286,0.317,0.603,6.0,1.0,3.0,17.0,15.0,0.235,0.297,0.382,0.68,2.0,1.0,2.0,11.0,9.0,0.143,0.2,0.143,0.343,0.0,0.0,0.0,2.0,4.0,0.2,0.2,0.2,0.4,0.0,0.0,0.0,2.0,2.0,0.248,0.312,0.365,0.677,26.0,6.0,17.0,99.0,72.0
103,136,2024-08-06 00:00:00,WSN,,SFG,"W,11-5",CG,4.0,3.0,1.0,1.0,0.0,0.0,0.0,1.0,0.0,0.0,1.0,0.0,1.0,0.0,0.0,0.0,0.0,0.0,0.25,0.313,0.315,0.627,9,0.94,0.044,0.06,0.00%,-0.5,7.0,9.7,CF,,2024-08-06,120,137,744817,2024,0.222,0.3,0.365,0.665,6.0,1.0,4.0,19.0,16.0,0.257,0.316,0.457,0.773,2.0,1.0,3.0,13.0,9.0,0.2,0.25,0.333,0.583,0.0,0.0,1.0,4.0,5.0,0.2,0.2,0.4,0.6,0.0,0.0,1.0,3.0,3.0,0.248,0.312,0.37,0.681,26.0,6.0,18.0,101.0,74.0
104,137,2024-08-07 00:00:00,WSN,,SFG,"L,4-7",CG,4.0,3.0,1.0,1.0,0.0,0.0,0.0,0.0,1.0,0.0,0.0,0.0,0.0,0.0,0.0,0.0,0.0,0.0,0.251,0.315,0.315,0.63,8,1.32,0.104,0.11,0.01%,0.43,7.0,9.2,CF,,2024-08-07,120,137,744822,2024,0.238,0.304,0.381,0.685,6.0,1.0,4.0,20.0,15.0,0.242,0.306,0.364,0.669,2.0,1.0,2.0,10.0,9.0,0.235,0.235,0.353,0.588,0.0,0.0,1.0,5.0,5.0,0.2,0.2,0.4,0.6,0.0,0.0,1.0,3.0,3.0,0.249,0.312,0.369,0.681,26.0,6.0,18.0,102.0,75.0
105,138,2024-08-08 00:00:00,WSN,,SFG,"L,5-9",CG(10),4.0,3.0,0.0,0.0,0.0,0.0,0.0,0.0,0.0,0.0,1.0,0.0,1.0,0.0,0.0,0.0,0.0,0.0,0.248,0.312,0.312,0.624,9,1.28,-0.102,0.05,0.00%,-0.6,0.0,0.0,CF,,2024-08-08,120,137,744819,2024,0.238,0.304,0.381,0.685,6.0,1.0,4.0,20.0,13.0,0.273,0.314,0.394,0.708,2.0,1.0,2.0,11.0,8.0,0.25,0.294,0.375,0.669,0.0,0.0,1.0,5.0,4.0,0.3,0.364,0.5,0.864,0.0,0.0,1.0,4.0,3.0,0.25,0.314,0.369,0.683,26.0,6.0,18.0,103.0,75.0
106,139,2024-08-09 00:00:00,WSN,,LAA,"W,3-2",CG(10),4.0,4.0,1.0,0.0,0.0,0.0,0.0,0.0,0.0,0.0,1.0,0.0,0.0,0.0,0.0,0.0,0.0,0.0,0.246,0.309,0.308,0.617,8,1.37,-0.148,0.03,0.00%,-0.8,2.0,3.2,CF,,2024-08-09,120,108,744818,2024,0.238,0.304,0.381,0.685,6.0,1.0,4.0,20.0,14.0,0.219,0.265,0.281,0.546,0.0,1.0,1.0,8.0,9.0,0.188,0.235,0.312,0.548,0.0,0.0,1.0,4.0,4.0,0.222,0.3,0.222,0.522,0.0,0.0,0.0,2.0,2.0,0.248,0.311,0.366,0.677,26.0,6.0,18.0,103.0,76.0
107,140,2024-08-10 00:00:00,WSN,,LAA,"W,5-4",CG(10),3.0,2.0,1.0,1.0,1.0,0.0,0.0,0.0,1.0,0.0,0.0,0.0,0.0,0.0,0.0,0.0,1.0,0.0,0.247,0.312,0.313,0.624,8,1.47,0.209,0.05,0.00%,1.16,14.0,18.2,CF,,2024-08-10,120,108,744820,2024,0.234,0.3,0.375,0.675,6.0,1.0,4.0,20.0,15.0,0.161,0.212,0.226,0.438,0.0,0.0,1.0,6.0,9.0,0.176,0.222,0.294,0.516,0.0,0.0,1.0,4.0,5.0,0.1,0.182,0.1,0.282,0.0,0.0,0.0,1.0,2.0,0.245,0.308,0.361,0.669,26.0,6.0,18.0,103.0,77.0
108,141,2024-08-11 00:00:00,WSN,,LAA,"L,4-6",CG,4.0,4.0,2.0,2.0,0.0,0.0,1.0,1.0,0.0,0.0,1.0,0.0,0.0,0.0,0.0,0.0,0.0,0.0,0.25,0.314,0.324,0.637,7,0.41,-0.012,0.01,0.00%,0.87,19.0,24.9,CF,,2024-08-11,120,108,744816,2024,0.222,0.3,0.365,0.665,5.0,1.0,4.0,19.0,15.0,0.2,0.273,0.333,0.606,1.0,0.0,2.0,8.0,8.0,0.2,0.294,0.333,0.627,1.0,0.0,1.0,4.0,3.0,0.111,0.2,0.333,0.533,1.0,0.0,1.0,2.0,2.0,0.246,0.311,0.368,0.679,27.0,6.0,19.0,105.0,77.0
109,142,2024-08-13 00:00:00,WSN,@,BAL,"W,9-3",CG,4.0,4.0,0.0,2.0,0.0,0.0,0.0,1.0,0.0,0.0,0.0,0.0,0.0,0.0,0.0,0.0,0.0,0.0,0.253,0.316,0.326,0.641,9,0.33,0.031,0.01,0.00%,0.27,8.0,9.5,CF,,2024-08-13,120,110,747004,2024,0.219,0.286,0.422,0.708,3.0,1.0,5.0,22.0,16.0,0.242,0.286,0.485,0.771,1.0,0.0,3.0,13.0,8.0,0.25,0.333,0.625,0.958,1.0,0.0,2.0,8.0,3.0,0.3,0.364,0.9,1.264,1.0,0.0,2.0,7.0,2.0,0.249,0.313,0.381,0.694,27.0,6.0,20.0,110.0,78.0
110,143,2024-08-14 00:00:00,WSN,@,BAL,"L,1-4",CG,3.0,3.0,0.0,0.0,0.0,0.0,0.0,0.0,0.0,0.0,0.0,0.0,0.0,0.0,0.0,0.0,0.0,0.0,0.251,0.313,0.323,0.636,9,1.04,-0.078,0.05,0.00%,-0.54,0.0,0.0,CF,,2024-08-14,120,110,747000,2024,0.242,0.296,0.439,0.735,3.0,1.0,5.0,24.0,16.0,0.273,0.314,0.515,0.829,1.0,0.0,3.0,14.0,7.0,0.294,0.333,0.647,0.98,1.0,0.0,2.0,9.0,3.0,0.5,0.545,1.1,1.645,1.0,0.0,2.0,9.0,1.0,0.252,0.315,0.383,0.697,27.0,6.0,20.0,112.0,78.0
111,144,2024-08-15 00:00:00,WSN,@,PHI,"L,3-13",CG,4.0,4.0,1.0,1.0,0.0,0.0,0.0,0.0,0.0,0.0,0.0,0.0,0.0,0.0,0.0,0.0,0.0,0.0,0.251,0.313,0.322,0.634,9,0.17,-0.011,0.0,0.00%,-0.24,5.0,6.2,CF,,2024-08-15,120,143,745545,2024,0.239,0.292,0.433,0.725,3.0,1.0,5.0,24.0,16.0,0.242,0.286,0.485,0.771,1.0,0.0,3.0,13.0,6.0,0.294,0.333,0.647,0.98,1.0,0.0,2.0,9.0,2.0,0.364,0.364,0.727,1.091,0.0,0.0,1.0,7.0,1.0,0.25,0.312,0.379,0.692,27.0,6.0,20.0,112.0,78.0
112,145,2024-08-16 00:00:00,WSN,@,PHI,"L,2-3",CG,4.0,4.0,0.0,2.0,1.0,0.0,0.0,1.0,0.0,0.0,1.0,0.0,0.0,0.0,0.0,0.0,1.0,0.0,0.254,0.314,0.327,0.641,9,2.06,0.042,0.03,0.00%,0.04,15.0,18.5,CF,,2024-08-16,120,143,745542,2024,0.25,0.301,0.441,0.743,3.0,1.0,5.0,25.0,15.0,0.265,0.306,0.5,0.806,1.0,0.0,3.0,14.0,6.0,0.353,0.389,0.706,1.095,1.0,0.0,2.0,10.0,1.0,0.273,0.273,0.273,0.545,0.0,0.0,0.0,3.0,0.0,0.25,0.312,0.378,0.69,27.0,6.0,20.0,113.0,78.0
113,146,2024-08-17 00:00:00,WSN,@,PHI,"L,1-5",CG,3.0,3.0,0.0,0.0,0.0,0.0,0.0,0.0,0.0,0.0,0.0,0.0,0.0,0.0,0.0,0.0,0.0,0.0,0.251,0.312,0.324,0.636,9,0.54,-0.041,0.01,0.00%,-0.43,0.0,0.0,CF,,2024-08-17,120,143,745537,2024,0.275,0.324,0.493,0.817,4.0,1.0,6.0,28.0,14.0,0.294,0.333,0.529,0.863,2.0,0.0,3.0,15.0,5.0,0.368,0.368,0.684,1.053,1.0,0.0,2.0,11.0,2.0,0.273,0.273,0.455,0.727,1.0,0.0,1.0,4.0,1.0,0.253,0.314,0.385,0.698,28.0,6.0,21.0,116.0,79.0
