Rk,Gcar,Date,Tm,Unnamed: 5,Opp,Rslt,Inngs,Dec,DR,IP,H,R,ER,BB,SO,HR,HBP,ERA,FIP,BF,Pit,Str,StL,StS,GB,FB,LD,PU,Unk,GSc,IR,IS,SB,CS,PO,AB,2B,3B,IBB,GDP,SF,ROE,aLI,WPA,acLI,cWPA,RE24,DFS(DK),DFS(FD),Entered,Exited,dbl,game_date,team_id,opp_id,game_id,season,IP_20,H_20,BF_20,HR_20,R_20,ER_20,BB_20,SO_20,XB_against_20,TB_against_20,ERA_20,WHIP_20,IP_5,H_5,BF_5,HR_5,R_5,ER_5,BB_5,SO_5,XB_against_5,TB_against_5,ERA_5,WHIP_5,IP_current,H_current,BF_current,HR_current,R_current,ER_current,BB_current,SO_current,XB_against_current,TB_against_current,ERA_current,WHIP_current
1,68,2021-04-01,CHC,,PIT,"L,3-5",5-6,,99,1.0,1.0,0.0,0.0,2.0,1.0,0.0,1,0.0,10.17,7.0,38.0,18.0,4,5,2,1,1,0,0,,2,1,0,0,0,4,1.0,0.0,0.0,0,0,0,1.37,-0.062,1.39,-0.04%,-0.49,,,5t 12- 1 out d1,6t 12- 1 out d2,,2021-04-01,112,134,634634,2021,0.0,0.0,0.0,0.0,0.0,0.0,0.0,0.0,0.0,0.0,0.0,0.0,0.0,0.0,0.0,0.0,0.0,0.0,0.0,0.0,0.0,0.0,0.0,0.0,0.0,0.0,0.0,0.0,0.0,0.0,0.0,0.0,0.0,0.0,0.0,0.0
2,69,2021-04-05,CHC,,MIL,"W,5-3",7-7,H(1),3,0.2,2.0,1.0,1.0,0.0,1.0,1.0,0,5.4,13.97,4.0,17.0,10.0,3,2,2,1,0,0,0,,2,2,0,0,0,4,0.0,0.0,0.0,0,0,0,1.3,-0.121,1.43,-0.08%,-1.73,,,7t 12- 0 out a4,7t 1-- 2 out a1,,2021-04-05,112,158,634566,2021,1.0,1.0,7.0,0.0,0.0,0.0,2.0,1.0,1.0,2.0,0.0,3.0,1.0,1.0,7.0,0.0,0.0,0.0,2.0,1.0,1.0,2.0,0.0,3.0,1.0,1.0,7.0,0.0,0.0,0.0,2.0,1.0,1.0,2.0,0.0,3.0
3,70,2021-04-10,CHC,@,PIT,"L,2-8",7-7,,4,1.0,0.0,0.0,0.0,0.0,3.0,0.0,0,3.38,7.67,3.0,14.0,9.0,2,4,0,0,0,0,0,,0,0,0,0,0,3,0.0,0.0,0.0,0,0,0,0.01,0.001,0.01,0.00%,0.51,,,7b --- 0 out d7,7b 3 out d7,,2021-04-10,112,134,632195,2021,1.2,3.0,11.0,1.0,1.0,1.0,2.0,2.0,2.0,7.0,7.5,4.167,1.2,3.0,11.0,1.0,1.0,1.0,2.0,2.0,2.0,7.0,7.5,4.167,1.2,3.0,11.0,1.0,1.0,1.0,2.0,2.0,2.0,7.0,7.5,4.167
4,71,2021-04-11,CHC,@,PIT,"L,1-7",6-6,,0,1.0,1.0,0.0,0.0,0.0,2.0,0.0,0,2.45,5.35,4.0,15.0,9.0,4,1,0,2,1,1,0,,0,0,0,0,0,4,0.0,0.0,0.0,0,0,0,0.2,0.01,0.2,0.01%,0.51,,,6b --- 0 out d4,6b 3 out d4,,2021-04-11,112,134,632225,2021,2.2,3.0,14.0,1.0,1.0,1.0,2.0,5.0,2.0,7.0,4.091,2.273,2.2,3.0,14.0,1.0,1.0,1.0,2.0,5.0,2.0,7.0,4.091,2.273,2.2,3.0,14.0,1.0,1.0,1.0,2.0,5.0,2.0,7.0,4.091,2.273
5,72,2021-04-16,CHC,,ATL,"L,2-5",5-5,,4,1.0,0.0,0.0,0.0,2.0,2.0,0.0,0,1.93,5.31,4.0,24.0,10.0,3,2,0,0,0,0,0,,0,0,0,1,0,2,0.0,0.0,0.0,0,0,0,0.62,0.027,0.52,0.01%,0.51,,,5t --- 0 out d3,5t 3 out d3,,2021-04-16,112,144,634548,2021,3.2,4.0,18.0,1.0,1.0,1.0,2.0,7.0,2.0,8.0,2.812,1.875,3.2,4.0,18.0,1.0,1.0,1.0,2.0,7.0,2.0,8.0,2.812,1.875,3.2,4.0,18.0,1.0,1.0,1.0,2.0,7.0,2.0,8.0,2.812,1.875
6,73,2021-04-17,CHC,,ATL,"W,13-4",9-GF,,0,1.0,0.0,0.0,0.0,0.0,0.0,0.0,0,1.59,4.93,3.0,10.0,5.0,1,1,1,2,1,1,0,,0,0,0,0,0,3,0.0,0.0,0.0,0,0,0,0.0,0.0,0.0,0.00%,0.51,,,9t --- 0 out a9,9t end a 9,,2021-04-17,112,144,634462,2021,4.2,4.0,22.0,1.0,1.0,1.0,4.0,9.0,2.0,8.0,2.143,1.905,4.2,4.0,22.0,1.0,1.0,1.0,4.0,9.0,2.0,8.0,2.143,1.905,4.2,4.0,22.0,1.0,1.0,1.0,4.0,9.0,2.0,8.0,2.143,1.905
7,74,2021-04-22,CHC,,NYM,"W,4-3",6-7,H(2),4,1.0,0.0,1.0,1.0,0.0,1.0,0.0,1,2.7,4.82,4.0,,,2,1,0,2,0,1,0,,0,0,0,0,0,3,0.0,0.0,0.0,0,0,0,1.22,0.01,1.09,0.01%,0.12,,,6t --- 0 out a1,7t 1-- 0 out a1,,2021-04-22,112,121,634419,2021,5.2,4.0,25.0,1.0,1.0,1.0,4.0,9.0,2.0,8.0,1.731,1.538,4.2,3.0,18.0,1.0,1.0,1.0,2.0,8.0,1.0,6.0,2.143,1.19,5.2,4.0,25.0,1.0,1.0,1.0,4.0,9.0,2.0,8.0,1.731,1.538
8,75,2021-04-25,CHC,,MIL,"L,0-6",9-9,,2,0.0,3.0,5.0,5.0,2.0,0.0,0.0,1,9.45,6.17,6.0,27.0,14.0,2,0,1,2,2,0,0,,0,0,0,0,0,3,2.0,0.0,0.0,0,0,0,0.64,-0.158,0.69,-0.10%,-4.84,,,9t --- 0 out d1,9t 123 0 out d4,,2021-04-25,112,158,634400,2021,6.2,4.0,29.0,1.0,2.0,2.0,4.0,10.0,2.0,8.0,2.903,1.29,5.0,1.0,18.0,0.0,1.0,1.0,2.0,8.0,0.0,1.0,1.8,0.6,6.2,4.0,29.0,1.0,2.0,2.0,4.0,10.0,2.0,8.0,2.903,1.29
9,76,2021-05-09,CHC,,PIT,"L,5-6",9-GF,,13,1.0,2.0,0.0,0.0,0.0,3.0,0.0,0,8.22,5.0,5.0,17.0,12.0,1,7,0,2,1,0,0,,0,0,0,0,0,5,1.0,0.0,0.0,0,0,0,0.12,0.004,0.13,0.00%,0.51,,,9t --- 0 out d4,9t end d 4,,2021-05-09,112,134,634237,2021,6.2,7.0,35.0,1.0,7.0,7.0,6.0,10.0,4.0,13.0,10.161,2.097,4.0,4.0,21.0,0.0,6.0,6.0,4.0,5.0,2.0,6.0,13.5,2.0,6.2,7.0,35.0,1.0,7.0,7.0,6.0,10.0,4.0,13.0,10.161,2.097
10,77,2021-09-24,CHC,,STL,"L,5-8",7-GF(7),,99,1.0,0.0,0.0,0.0,0.0,3.0,0.0,0,7.27,4.09,3.0,15.0,10.0,4,3,0,0,0,0,0,,0,0,0,0,0,3,0.0,0.0,0.0,0,0,0,0.1,0.008,0.0,0.00%,0.51,,,7t --- 0 out d3,7t end d 3,1.0,2021-09-24,112,138,632339,2021,7.2,9.0,40.0,1.0,7.0,7.0,6.0,13.0,5.0,16.0,8.75,2.083,4.0,5.0,22.0,0.0,6.0,6.0,4.0,6.0,3.0,8.0,13.5,2.25,7.2,9.0,40.0,1.0,7.0,7.0,6.0,13.0,5.0,16.0,8.75,2.083
11,78,2021-09-30,CHC,@,PIT,"W,9-0",9-GF,,5,1.0,1.0,0.0,0.0,0.0,1.0,0.0,0,6.52,3.79,4.0,20.0,11.0,0,1,1,2,0,1,0,,0,0,0,0,0,4,0.0,0.0,0.0,0,0,0,0.0,0.0,0.0,0.00%,0.51,,,9b --- 0 out a9,9b end a 9,,2021-09-30,112,134,632286,2021,8.2,9.0,43.0,1.0,7.0,7.0,6.0,16.0,5.0,16.0,7.683,1.829,4.0,5.0,21.0,0.0,6.0,6.0,2.0,7.0,3.0,8.0,13.5,1.75,8.2,9.0,43.0,1.0,7.0,7.0,6.0,16.0,5.0,16.0,7.683,1.829
12,79,2021-10-02,CHC,@,STL,"W,6-5",8-8,W(1-0),1,1.0,0.0,0.0,0.0,0.0,2.0,0.0,0,5.91,3.36,3.0,9.0,8.0,2,4,1,0,0,0,0,,0,0,0,0,0,3,0.0,0.0,0.0,0,0,0,0.39,0.029,0.0,0.00%,0.48,,,8b --- 0 out d1,8b 3 out d1,,2021-10-02,112,138,632257,2021,9.2,10.0,47.0,1.0,7.0,7.0,6.0,17.0,5.0,17.0,6.848,1.739,4.0,6.0,22.0,0.0,6.0,6.0,2.0,8.0,3.0,9.0,13.5,2.0,9.2,10.0,47.0,1.0,7.0,7.0,6.0,17.0,5.0,17.0,6.848,1.739
1,80,2022-04-10,TBR,,BAL,"W,8-0",6-6,,99,1.0,0.0,0.0,0.0,0.0,1.0,0.0,0,0.0,1.11,3.0,13.0,9.0,1,4,1,1,0,1,0,,0,0,0,0,0,3,0.0,0.0,0.0,0,0,0,0.38,0.028,0.38,0.02%,0.45,4.25,6.0,6t --- 0 out a4,6t 3 out a4,,2022-04-10,139,110,661916,2022,10.2,10.0,50.0,1.0,7.0,7.0,6.0,19.0,5.0,17.0,6.176,1.569,4.0,6.0,21.0,0.0,5.0,5.0,2.0,9.0,3.0,9.0,11.25,2.0,10.2,10.0,50.0,1.0,7.0,7.0,6.0,19.0,5.0,17.0,6.176,1.569
2,81,2022-04-11,TBR,,OAK,"L,2-13",7-7,,0,1.0,0.0,0.0,0.0,0.0,1.0,0.0,0,0.0,1.11,3.0,13.0,9.0,2,2,0,2,0,1,0,,0,0,0,0,0,3,0.0,0.0,0.0,0,0,0,0.01,0.001,0.01,0.00%,0.45,4.25,6.0,7t --- 0 out d8,7t 3 out d8,,2022-04-11,139,133,661915,2022,11.2,10.0,53.0,1.0,7.0,7.0,6.0,20.0,5.0,17.0,5.625,1.429,5.0,3.0,18.0,0.0,0.0,0.0,0.0,10.0,1.0,4.0,0.0,0.6,1.0,0.0,3.0,0.0,0.0,0.0,0.0,1.0,0.0,0.0,0.0,0.0
3,82,2022-04-15,TBR,@,CHW,"L,2-3",6-6,,3,1.0,0.0,0.0,0.0,0.0,2.0,0.0,0,0.0,0.45,3.0,12.0,8.0,2,2,0,1,1,0,0,,0,0,0,0,0,3,0.0,0.0,0.0,0,0,0,0.61,0.046,0.6,0.03%,0.48,6.25,9.0,6b --- 0 out d1,6b 3 out d1,,2022-04-15,139,145,661528,2022,12.2,10.0,56.0,1.0,7.0,7.0,6.0,21.0,5.0,17.0,5.164,1.311,5.0,1.0,16.0,0.0,0.0,0.0,0.0,8.0,0.0,1.0,0.0,0.2,2.0,0.0,6.0,0.0,0.0,0.0,0.0,2.0,0.0,0.0,0.0,0.0
4,83,2022-04-18,TBR,@,CHC,"L,2-4",7-7,L(0-1),2,0.1,0.0,1.0,1.0,1.0,1.0,0.0,1,2.7,1.91,3.0,18.0,8.0,1,6,0,0,0,0,0,,0,0,0,0,0,1,0.0,0.0,0.0,0,0,0,2.15,-0.057,2.0,-0.03%,-0.41,-0.45,1.0,7b --- 0 out tie,7b 12- 1 out tie,,2022-04-18,139,112,663197,2022,13.2,10.0,59.0,1.0,7.0,7.0,6.0,23.0,5.0,17.0,4.773,1.212,5.0,1.0,16.0,0.0,0.0,0.0,0.0,7.0,0.0,1.0,0.0,0.2,3.0,0.0,9.0,0.0,0.0,0.0,0.0,4.0,0.0,0.0,0.0,0.0
5,84,2022-04-19,TBR,@,CHC,"W,6-5",6-6,H(1),0,1.0,0.0,0.0,0.0,0.0,0.0,0.0,0,2.08,2.19,3.0,8.0,7.0,4,0,3,0,0,0,0,,0,0,0,0,0,3,0.0,0.0,0.0,0,0,0,1.16,0.088,1.01,0.05%,0.51,2.25,3.0,6b --- 0 out a1,6b 3 out a1,,2022-04-19,139,112,663196,2022,13.3,10.0,62.0,1.0,8.0,8.0,7.0,24.0,5.0,17.0,5.414,1.278,4.1,0.0,15.0,0.0,1.0,1.0,1.0,7.0,0.0,0.0,2.195,0.244,3.1,0.0,12.0,0.0,1.0,1.0,1.0,5.0,0.0,0.0,2.903,0.323
6,85,2022-04-23,TBR,,BOS,"W,3-2",5-6,,3,1.1,0.0,0.0,0.0,2.0,1.0,0.0,0,1.59,3.11,6.0,23.0,10.0,2,3,0,3,0,0,0,,0,0,1,0,0,4,0.0,0.0,0.0,0,0,0,1.23,0.086,1.3,0.06%,0.55,3.8,7.0,5t --- 2 out tie,6t 3 out tie,,2022-04-23,139,111,661941,2022,14.3,10.0,65.0,1.0,8.0,8.0,7.0,24.0,5.0,17.0,5.035,1.189,4.1,0.0,15.0,0.0,1.0,1.0,1.0,5.0,0.0,0.0,2.195,0.244,4.1,0.0,15.0,0.0,1.0,1.0,1.0,5.0,0.0,0.0,2.195,0.244
7,86,2022-04-26,TBR,,SEA,"L,4-8",7-7,,2,1.0,0.0,0.0,0.0,0.0,2.0,0.0,0,1.35,2.51,4.0,12.0,11.0,5,2,0,1,0,0,0,,0,0,0,0,0,3,0.0,0.0,0.0,0,0,0,0.02,0.001,0.02,0.00%,0.45,6.25,9.0,7t --- 0 out d8,7t 3 out d8,,2022-04-26,139,136,661929,2022,15.4,10.0,71.0,1.0,8.0,8.0,9.0,25.0,5.0,17.0,4.675,1.234,4.2,0.0,18.0,0.0,1.0,1.0,3.0,5.0,0.0,0.0,2.143,0.714,5.2,0.0,21.0,0.0,1.0,1.0,3.0,6.0,0.0,0.0,1.731,0.577
8,87,2022-04-28,TBR,,SEA,"W,2-1",3-4,,1,1.1,0.0,0.0,0.0,1.0,2.0,0.0,1,1.13,2.86,6.0,18.0,11.0,4,2,2,0,0,0,0,,1,0,1,0,0,4,0.0,0.0,1.0,0,0,0,1.12,0.083,1.17,0.05%,0.67,5.8,10.0,3t 1-- 2 out tie,4t 3 out tie,,2022-04-28,139,136,661908,2022,16.4,10.0,75.0,1.0,8.0,8.0,9.0,27.0,5.0,17.0,4.39,1.159,4.2,0.0,19.0,0.0,1.0,1.0,3.0,6.0,0.0,0.0,2.143,0.714,6.2,0.0,25.0,0.0,1.0,1.0,3.0,8.0,0.0,0.0,1.452,0.484
9,88,2022-05-02,TBR,@,OAK,"W,6-1",6-6,,3,1.0,0.0,0.0,0.0,0.0,1.0,0.0,0,1.0,2.67,3.0,11.0,8.0,2,2,0,2,0,2,0,,0,0,0,0,0,3,0.0,0.0,0.0,0,0,0,0.26,0.019,0.26,0.01%,0.44,4.25,6.0,6b --- 0 out a5,6b 3 out a5,,2022-05-02,139,133,662387,2022,17.5,10.0,81.0,1.0,8.0,8.0,10.0,29.0,5.0,17.0,4.114,1.143,4.3,0.0,22.0,0.0,1.0,1.0,4.0,6.0,0.0,0.0,2.093,0.93,7.3,0.0,31.0,0.0,1.0,1.0,4.0,10.0,0.0,0.0,1.233,0.548
10,89,2022-05-03,TBR,@,OAK,"W,10-7",10-GF(10),,0,1.0,2.0,2.0,1.0,0.0,1.0,0.0,0,1.8,2.51,5.0,,,4,3,2,2,2,0,0,,0,0,0,0,0,5,1.0,0.0,0.0,0,0,0,0.33,0.016,0.35,0.01%,-0.95,1.05,3.0,10b -2- 0 out a5,10b end a 3,,2022-05-03,139,133,662386,2022,17.5,9.0,77.0,1.0,8.0,8.0,8.0,29.0,4.0,15.0,4.114,0.971,5.2,0.0,22.0,0.0,0.0,0.0,3.0,6.0,0.0,0.0,0.0,0.577,8.3,0.0,34.0,0.0,1.0,1.0,4.0,11.0,0.0,0.0,1.084,0.482
11,90,2022-05-05,TBR,@,SEA,"W,4-3",6-7,H(2),1,1.1,1.0,0.0,0.0,0.0,2.0,0.0,0,1.59,2.23,5.0,16.0,13.0,3,1,2,1,0,0,0,,2,1,0,0,0,5,0.0,0.0,0.0,0,0,0,2.14,0.087,2.42,0.06%,0.21,6.4,10.0,6b 12- 1 out a3,7b --- 2 out a2,,2022-05-05,139,136,662189,2022,18.3,9.0,78.0,0.0,9.0,8.0,8.0,29.0,4.0,13.0,3.934,0.929,5.2,2.0,24.0,0.0,2.0,1.0,3.0,7.0,1.0,3.0,1.731,0.962,9.3,2.0,39.0,0.0,3.0,2.0,4.0,12.0,1.0,3.0,1.935,0.645
12,91,2022-05-08,TBR,@,SEA,"L,1-2",7-7,,2,1.0,0.0,0.0,0.0,0.0,2.0,0.0,0,1.46,1.98,3.0,,,6,1,0,1,0,1,0,,0,0,0,0,0,3,0.0,0.0,0.0,0,0,0,1.13,0.083,1.28,0.06%,0.45,6.25,9.0,7b --- 0 out tie,7b 3 out tie,,2022-05-08,139,136,662160,2022,18.4,10.0,80.0,0.0,9.0,8.0,8.0,28.0,4.0,14.0,3.913,0.978,5.2,3.0,23.0,0.0,2.0,1.0,1.0,8.0,1.0,4.0,1.731,0.769,10.4,3.0,44.0,0.0,3.0,2.0,4.0,14.0,1.0,4.0,1.731,0.673
13,92,2022-05-10,TBR,@,LAA,"L,0-12",4-4,,1,1.0,1.0,0.0,0.0,0.0,1.0,0.0,0,1.35,1.91,4.0,13.0,9.0,0,2,0,3,1,1,0,,0,0,0,0,0,4,0.0,0.0,0.0,0,0,0,0.04,0.002,0.05,0.00%,0.49,3.65,6.0,4b --- 0 out d8,4b 3 out d8,,2022-05-10,139,108,663416,2022,18.4,9.0,79.0,0.0,9.0,8.0,8.0,28.0,4.0,13.0,3.913,0.924,5.2,3.0,22.0,0.0,2.0,1.0,1.0,8.0,1.0,4.0,1.731,0.769,11.4,3.0,47.0,0.0,3.0,2.0,4.0,16.0,1.0,4.0,1.579,0.614
14,93,2022-05-13,TBR,,TOR,"W,5-2",9-GF,S(1),2,1.0,0.0,0.0,0.0,0.0,1.0,0.0,0,1.26,1.86,3.0,17.0,9.0,1,5,1,1,0,1,0,,0,0,0,0,0,3,0.0,0.0,0.0,0,0,0,0.39,0.029,0.47,0.02%,0.45,4.25,6.0,9t --- 0 out a3,9t end a 3,,2022-05-13,139,141,661904,2022,18.4,10.0,79.0,0.0,9.0,8.0,6.0,27.0,4.0,14.0,3.913,0.87,5.1,4.0,20.0,0.0,2.0,1.0,0.0,7.0,1.0,5.0,1.765,0.784,12.4,4.0,51.0,0.0,3.0,2.0,4.0,17.0,1.0,5.0,1.452,0.645
15,94,2022-05-14,TBR,,TOR,"L,1-5",7-7,,0,1.0,0.0,0.0,0.0,0.0,2.0,0.0,0,1.17,1.68,3.0,11.0,9.0,2,2,0,1,0,0,0,,0,0,0,0,0,3,0.0,0.0,0.0,0,0,0,1.14,0.084,1.36,0.06%,0.45,6.25,9.0,7t --- 0 out tie,7t 3 out tie,,2022-05-14,139,141,661903,2022,18.4,10.0,79.0,0.0,9.0,8.0,6.0,28.0,4.0,14.0,3.913,0.87,5.1,4.0,20.0,0.0,2.0,1.0,0.0,7.0,1.0,5.0,1.765,0.784,13.4,4.0,54.0,0.0,3.0,2.0,4.0,18.0,1.0,5.0,1.343,0.597
16,95,2022-05-20,TBR,@,BAL,"L,6-8",8-8,,5,1.0,0.0,0.0,0.0,0.0,1.0,0.0,0,1.1,1.64,3.0,,,0,3,2,0,0,0,0,,0,0,0,0,0,3,0.0,0.0,0.0,0,0,0,1.38,0.103,1.52,0.07%,0.47,4.25,6.0,8b --- 0 out tie,8b 3 out tie,,2022-05-20,139,110,661348,2022,18.4,10.0,78.0,0.0,8.0,7.0,6.0,29.0,4.0,14.0,3.424,0.87,5.1,2.0,18.0,0.0,0.0,0.0,0.0,8.0,0.0,2.0,0.0,0.392,14.4,4.0,57.0,0.0,3.0,2.0,4.0,20.0,1.0,5.0,1.25,0.556
17,96,2022-05-21,TBR,@,BAL,"W,6-1",6-6,,0,0.1,0.0,0.0,0.0,0.0,0.0,0.0,0,1.08,1.67,1.0,2.0,2.0,1,0,0,1,0,0,0,,2,0,0,0,0,1,0.0,0.0,0.0,0,0,0,0.75,0.019,0.82,0.01%,0.42,0.75,1.0,6b 12- 2 out a5,6b 3 out a5,,2022-05-21,139,110,661291,2022,19.4,7.0,75.0,0.0,3.0,2.0,4.0,30.0,2.0,9.0,0.928,0.567,5.0,1.0,16.0,0.0,0.0,0.0,0.0,7.0,0.0,1.0,0.0,0.2,15.4,4.0,60.0,0.0,3.0,2.0,4.0,21.0,1.0,5.0,1.169,0.519
18,97,2022-05-22,TBR,@,BAL,"L,6-7",4-4,,0,1.0,0.0,0.0,0.0,1.0,2.0,0.0,0,1.02,1.7,4.0,,,4,2,0,1,0,1,0,,0,0,0,0,0,3,0.0,0.0,0.0,0,0,0,0.68,0.048,0.74,0.03%,0.47,5.65,9.0,4b --- 0 out a3,4b 3 out a3,,2022-05-22,139,110,661279,2022,18.5,5.0,71.0,0.0,3.0,2.0,4.0,27.0,1.0,6.0,0.973,0.486,4.1,1.0,14.0,0.0,0.0,0.0,0.0,5.0,0.0,1.0,0.0,0.244,15.5,4.0,61.0,0.0,3.0,2.0,4.0,21.0,1.0,5.0,1.161,0.516
19,98,2022-05-25,TBR,,MIA,"W,5-4",6-6,H(3),2,1.0,0.0,0.0,0.0,1.0,1.0,0.0,0,0.96,1.83,3.0,15.0,10.0,0,5,1,0,0,0,0,,0,0,0,0,0,2,0.0,0.0,0.0,1,0,0,1.21,0.061,1.3,0.04%,0.45,3.65,6.0,6t --- 0 out a2,6t 3 out a2,,2022-05-25,139,146,662052,2022,18.5,5.0,72.0,0.0,3.0,2.0,5.0,26.0,1.0,6.0,0.973,0.541,4.1,0.0,14.0,0.0,0.0,0.0,1.0,6.0,0.0,0.0,0.0,0.244,16.5,4.0,65.0,0.0,3.0,2.0,5.0,23.0,1.0,5.0,1.091,0.545
20,99,2022-05-28,TBR,,NYY,"W,3-1",8-8,H(4),2,1.0,1.0,0.0,0.0,0.0,2.0,0.0,0,0.92,1.69,4.0,17.0,13.0,5,4,0,2,2,0,0,,0,0,0,0,0,4,0.0,0.0,0.0,0,0,0,1.68,0.115,2.0,0.08%,0.45,5.65,9.0,8t --- 0 out a1,8t 3 out a1,,2022-05-28,139,147,661933,2022,18.5,4.0,71.0,0.0,3.0,2.0,6.0,26.0,1.0,5.0,0.973,0.541,4.1,0.0,14.0,0.0,0.0,0.0,2.0,6.0,0.0,0.0,0.0,0.488,17.5,4.0,68.0,0.0,3.0,2.0,6.0,24.0,1.0,5.0,1.029,0.571
21,100,2022-05-29,TBR,,NYY,"W,4-2",7-7,H(5),0,1.0,0.0,0.0,0.0,0.0,2.0,0.0,0,0.87,1.56,3.0,13.0,9.0,2,3,0,1,0,0,0,,0,0,0,0,0,3,0.0,0.0,0.0,0,0,0,1.25,0.092,1.59,0.07%,0.45,6.25,9.0,7t --- 0 out a1,7t 3 out a1,,2022-05-29,139,147,661910,2022,18.5,5.0,72.0,0.0,3.0,2.0,6.0,26.0,1.0,6.0,0.973,0.595,4.1,1.0,15.0,0.0,0.0,0.0,2.0,6.0,0.0,1.0,0.0,0.732,18.5,5.0,72.0,0.0,3.0,2.0,6.0,26.0,1.0,6.0,0.973,0.595
22,101,2022-06-01,TBR,@,TEX,"W,4-3",8-8,,2,0.2,0.0,0.0,0.0,1.0,0.0,0.0,0,0.84,1.75,3.0,12.0,8.0,2,3,2,0,0,0,0,,1,0,1,0,0,2,0.0,0.0,0.0,0,0,0,2.62,0.106,2.78,0.07%,0.51,0.9,2.0,8b 1-- 1 out tie,8b 3 out tie,,2022-06-01,139,140,661963,2022,18.5,5.0,72.0,0.0,3.0,2.0,6.0,27.0,1.0,6.0,0.973,0.595,4.1,1.0,15.0,0.0,0.0,0.0,2.0,7.0,0.0,1.0,0.0,0.732,19.5,5.0,75.0,0.0,3.0,2.0,6.0,28.0,1.0,6.0,0.923,0.564
23,102,2022-06-02,TBR,@,TEX,"W,3-1",7-7,H(6),0,0.1,2.0,0.0,0.0,0.0,1.0,0.0,0,0.83,1.68,3.0,12.0,9.0,4,0,1,1,1,0,0,,0,0,0,0,0,3,1.0,0.0,0.0,0,0,0,1.56,-0.076,1.7,-0.05%,-0.41,1.55,4.0,7b --- 0 out a2,7b 12- 1 out a2,,2022-06-02,139,140,661934,2022,17.7,5.0,72.0,0.0,3.0,2.0,7.0,26.0,1.0,6.0,1.017,0.678,4.2,1.0,17.0,0.0,0.0,0.0,3.0,7.0,0.0,1.0,0.0,0.952,19.7,5.0,78.0,0.0,3.0,2.0,7.0,28.0,1.0,6.0,0.914,0.609
24,103,2022-06-05,TBR,,CHW,"L,5-6",7-8,,2,1.1,1.0,0.0,0.0,0.0,0.0,0.0,0,0.78,1.76,5.0,26.0,16.0,2,2,1,4,1,1,0,,2,0,0,0,0,5,0.0,0.0,0.0,0,0,0,0.89,0.09,0.95,0.06%,0.87,2.4,4.0,7t 12- 2 out d1,8t 3 out d1,,2022-06-05,139,145,661895,2022,16.8,7.0,72.0,0.0,3.0,2.0,7.0,25.0,2.0,9.0,1.071,0.833,3.3,3.0,16.0,0.0,0.0,0.0,2.0,6.0,1.0,4.0,0.0,1.515,19.8,7.0,81.0,0.0,3.0,2.0,7.0,29.0,2.0,9.0,0.909,0.707
25,104,2022-06-08,TBR,,STL,"W,11-3",6-6,H(7),2,1.0,0.0,0.0,0.0,0.0,0.0,0.0,0,0.75,1.82,2.0,7.0,4.0,1,1,1,1,0,0,0,,2,0,0,0,0,2,0.0,0.0,0.0,1,0,0,2.34,0.201,2.2,0.11%,1.42,2.25,3.0,6t 12- 0 out a2,6t 3 out a2,,2022-06-08,139,138,661892,2022,17.8,8.0,74.0,0.0,2.0,1.0,6.0,24.0,2.0,10.0,0.506,0.787,3.4,4.0,18.0,0.0,0.0,0.0,1.0,5.0,1.0,5.0,0.0,1.471,20.9,8.0,86.0,0.0,3.0,2.0,7.0,29.0,2.0,10.0,0.861,0.718
26,105,2022-06-09,TBR,,STL,"W,2-1",9-GF,S(2),0,1.0,0.0,0.0,0.0,1.0,1.0,0.0,0,0.72,1.91,3.0,17.0,7.0,0,2,1,0,0,0,0,,0,0,0,0,0,2,0.0,0.0,0.0,1,0,0,3.75,0.152,3.73,0.09%,0.45,3.65,6.0,9t --- 0 out a1,9t end a 1,,2022-06-09,139,138,661891,2022,17.8,8.0,73.0,0.0,2.0,1.0,6.0,24.0,2.0,10.0,0.506,0.787,3.4,3.0,16.0,0.0,0.0,0.0,1.0,3.0,1.0,4.0,0.0,1.176,21.9,8.0,88.0,0.0,3.0,2.0,7.0,29.0,2.0,10.0,0.822,0.685
27,106,2022-06-16,TBR,@,NYY,"L,1-2",6-7,,6,1.1,1.0,0.0,0.0,0.0,0.0,0.0,0,0.68,1.97,4.0,13.0,8.0,2,1,2,2,1,1,0,,2,0,1,0,0,4,0.0,0.0,0.0,1,0,0,2.08,0.162,2.05,0.10%,0.97,2.4,4.0,6b 1-3 2 out tie,7b 3 out tie,,2022-06-16,139,147,661326,2022,17.7,8.0,70.0,0.0,2.0,1.0,5.0,24.0,2.0,10.0,0.508,0.734,3.4,3.0,16.0,0.0,0.0,0.0,2.0,2.0,1.0,4.0,0.0,1.471,22.9,8.0,91.0,0.0,3.0,2.0,8.0,30.0,2.0,10.0,0.786,0.699
28,107,2022-06-18,TBR,@,BAL,"W,7-6",5-5,H(8),1,0.1,0.0,0.0,0.0,0.0,0.0,0.0,0,0.68,1.99,1.0,9.0,6.0,0,2,0,1,1,0,0,,2,0,1,0,0,1,0.0,0.0,0.0,0,0,0,2.97,0.075,2.54,0.04%,0.48,0.75,1.0,5b 1-3 2 out a1,5b 3 out a1,,2022-06-18,139,110,661127,2022,17.8,9.0,70.0,0.0,2.0,1.0,5.0,22.0,2.0,11.0,0.506,0.787,4.3,4.0,17.0,0.0,0.0,0.0,1.0,2.0,1.0,5.0,0.0,1.163,24.0,9.0,95.0,0.0,3.0,2.0,8.0,30.0,2.0,11.0,0.75,0.708
29,108,2022-06-20,TBR,,NYY,"L,2-4",9-GF,L(0-2),1,1.0,2.0,2.0,2.0,0.0,0.0,0.0,0,1.3,2.03,5.0,21.0,12.0,6,1,0,5,3,0,0,,0,0,0,0,0,4,0.0,1.0,0.0,0,1,0,1.64,-0.419,1.47,-0.23%,-1.55,-2.95,-3.0,9t --- 0 out tie,9t end d 2,,2022-06-20,139,147,661893,2022,16.8,9.0,65.0,0.0,2.0,1.0,4.0,20.0,2.0,11.0,0.536,0.774,4.3,2.0,15.0,0.0,0.0,0.0,1.0,1.0,0.0,2.0,0.0,0.698,24.1,9.0,96.0,0.0,3.0,2.0,8.0,30.0,2.0,11.0,0.747,0.705
30,109,2022-06-21,TBR,,NYY,"W,5-4",8-8,H(9),0,0.2,0.0,0.0,0.0,0.0,0.0,0.0,0,1.27,2.05,1.0,4.0,3.0,1,1,1,0,0,0,0,,2,0,0,0,0,1,0.0,0.0,0.0,1,0,0,2.23,0.086,1.9,0.04%,0.86,1.5,2.0,8t 12- 1 out a3,8t 3 out a3,,2022-06-21,139,147,661890,2022,16.8,11.0,67.0,0.0,4.0,3.0,4.0,19.0,3.0,15.0,1.607,0.893,4.2,3.0,15.0,0.0,2.0,2.0,1.0,1.0,1.0,5.0,4.286,0.952,25.1,11.0,101.0,0.0,5.0,4.0,8.0,30.0,3.0,15.0,1.434,0.757
31,110,2022-06-22,TBR,,NYY,"L,4-5",6-6,H(10),0,0.1,0.0,0.0,0.0,0.0,0.0,0.0,0,1.26,2.07,1.0,3.0,3.0,1,0,0,1,0,1,0,,3,0,0,0,0,1,0.0,0.0,0.0,0,0,0,4.27,0.106,3.87,0.06%,0.74,0.75,1.0,6t 123 2 out a2,6t 3 out a2,,2022-06-22,139,147,661889,2022,16.0,9.0,63.0,0.0,2.0,2.0,4.0,18.0,2.0,12.0,1.125,0.812,3.4,3.0,14.0,0.0,2.0,2.0,1.0,1.0,1.0,5.0,5.294,1.176,25.3,11.0,102.0,0.0,5.0,4.0,8.0,30.0,3.0,15.0,1.423,0.751
32,111,2022-06-24,TBR,,PIT,"W,4-3",10-GF(10),W(1-2),1,1.0,1.0,0.0,0.0,0.0,2.0,0.0,0,1.21,1.97,4.0,14.0,10.0,1,2,1,1,0,1,0,,0,0,1,0,0,4,0.0,0.0,0.0,0,0,0,5.35,0.303,4.22,0.14%,1.07,9.65,15.0,10t -2- 0 out tie,10t end tie,,2022-06-24,139,134,661888,2022,15.0,8.0,59.0,0.0,2.0,2.0,4.0,16.0,2.0,11.0,1.2,0.8,2.5,3.0,12.0,0.0,2.0,2.0,0.0,0.0,1.0,5.0,7.2,1.2,25.4,11.0,103.0,0.0,5.0,4.0,8.0,30.0,3.0,15.0,1.417,0.748
33,112,2022-06-26,TBR,,PIT,"W,4-2",8-8,H(11),1,1.0,2.0,1.0,1.0,0.0,1.0,1.0,0,1.47,2.36,5.0,,,2,5,3,1,0,0,0,,0,0,0,0,0,5,0.0,0.0,0.0,0,0,0,1.05,0.007,0.85,0.00%,-0.55,1.05,3.0,8t --- 0 out a3,8t 3 out a2,,2022-06-26,139,134,661886,2022,15.0,9.0,60.0,0.0,2.0,2.0,4.0,16.0,2.0,12.0,1.2,0.867,2.4,3.0,12.0,0.0,2.0,2.0,0.0,2.0,1.0,5.0,7.5,1.25,26.4,12.0,107.0,0.0,5.0,4.0,8.0,32.0,3.0,16.0,1.364,0.758
34,113,2022-07-03,TBR,@,TOR,"W,7-3",9-GF,S(3),6,0.2,0.0,0.0,0.0,0.0,2.0,0.0,0,1.44,2.25,2.0,7.0,6.0,1,4,0,0,0,0,0,,3,0,0,0,0,2,0.0,0.0,0.0,0,0,0,2.23,0.1,2.18,0.06%,1.53,5.5,8.0,9b 123 1 out a4,9b end a 4,,2022-07-03,139,141,661723,2022,15.0,10.0,61.0,1.0,3.0,3.0,4.0,16.0,3.0,16.0,1.8,0.933,3.3,5.0,16.0,1.0,3.0,3.0,0.0,3.0,2.0,10.0,8.182,1.515,27.4,14.0,112.0,1.0,6.0,5.0,8.0,33.0,4.0,21.0,1.642,0.803
35,114,2022-07-05,TBR,@,BOS,"W,8-4",9-GF,,1,1.0,2.0,0.0,0.0,0.0,2.0,0.0,1,1.39,2.25,6.0,22.0,16.0,5,2,0,3,2,1,0,,0,0,0,0,0,5,0.0,0.0,0.0,0,0,0,1.15,0.019,1.09,0.01%,0.51,4.45,9.0,9b --- 0 out a4,9b end a 4,,2022-07-05,139,111,663245,2022,14.2,10.0,60.0,1.0,3.0,3.0,4.0,17.0,3.0,16.0,1.901,0.986,2.5,3.0,13.0,1.0,1.0,1.0,0.0,5.0,1.0,6.0,3.6,1.2,27.6,14.0,114.0,1.0,6.0,5.0,8.0,35.0,4.0,21.0,1.63,0.797
36,115,2022-07-08,TBR,@,CIN,"L,1-2",9-9,,2,1.0,0.0,0.0,0.0,0.0,1.0,0.0,1,1.35,2.3,3.0,12.0,6.0,1,3,1,0,0,0,0,,0,0,0,0,0,2,0.0,0.0,0.0,1,0,0,2.3,0.143,1.86,0.07%,0.53,3.65,6.0,9b --- 0 out tie,9b 3 out tie,,2022-07-08,139,113,663053,2022,14.2,12.0,63.0,1.0,3.0,3.0,4.0,17.0,3.0,18.0,1.901,1.127,3.3,5.0,18.0,1.0,1.0,1.0,0.0,7.0,1.0,8.0,2.727,1.515,28.6,16.0,120.0,1.0,6.0,5.0,8.0,37.0,4.0,23.0,1.573,0.839
37,116,2022-07-09,TBR,@,CIN,"L,4-5",7-7,H(12),0,1.0,1.0,0.0,0.0,0.0,2.0,0.0,0,1.31,2.21,4.0,13.0,12.0,3,3,1,1,0,0,0,,0,0,0,0,0,4,0.0,0.0,0.0,0,0,0,2.34,0.11,1.86,0.05%,0.53,5.65,9.0,7b --- 0 out a1,7b 3 out a1,,2022-07-09,139,113,663092,2022,14.2,12.0,63.0,1.0,3.0,3.0,4.0,17.0,3.0,18.0,1.901,1.127,4.2,5.0,20.0,1.0,1.0,1.0,0.0,8.0,1.0,8.0,2.143,1.19,29.6,16.0,123.0,1.0,6.0,5.0,8.0,38.0,4.0,23.0,1.52,0.811
38,117,2022-07-11,TBR,,BOS,"W,10-5",9-GF,,1,1.0,0.0,0.0,0.0,0.0,3.0,0.0,0,1.27,2.06,3.0,17.0,11.0,2,3,0,0,0,0,0,,0,0,0,0,0,3,0.0,0.0,0.0,0,0,0,0.07,0.005,0.06,0.00%,0.45,8.25,12.0,9t --- 0 out a5,9t end a 5,,2022-07-11,139,111,661878,2022,15.1,13.0,66.0,1.0,3.0,3.0,4.0,19.0,3.0,19.0,1.788,1.126,4.2,5.0,20.0,1.0,1.0,1.0,0.0,8.0,1.0,8.0,2.143,1.19,30.6,17.0,127.0,1.0,6.0,5.0,8.0,40.0,4.0,24.0,1.471,0.817
39,118,2022-07-13,TBR,,BOS,"W,4-1",7-7,H(13),1,0.2,1.0,0.0,0.0,0.0,0.0,0.0,0,1.25,2.08,3.0,8.0,6.0,2,0,2,1,1,0,0,,0,0,1,0,0,3,1.0,0.0,0.0,0,0,0,1.12,0.033,1.12,0.02%,0.24,0.9,2.0,7t --- 1 out a2,7t 3 out a2,,2022-07-13,139,111,661876,2022,15.1,13.0,65.0,1.0,3.0,3.0,3.0,20.0,3.0,19.0,1.788,1.06,4.2,3.0,18.0,0.0,0.0,0.0,0.0,10.0,0.0,3.0,0.0,0.714,31.6,17.0,130.0,1.0,6.0,5.0,8.0,43.0,4.0,24.0,1.424,0.791
40,119,2022-07-14,TBR,,BOS,"W,5-4",8-8,H(14),0,0.1,0.0,0.0,0.0,0.0,1.0,0.0,0,1.24,2.04,1.0,3.0,3.0,1,2,0,0,0,0,0,,1,0,0,0,0,1,0.0,0.0,0.0,0,0,0,1.45,0.04,1.46,0.02%,0.3,2.75,4.0,8t -2- 2 out a2,8t 3 out a2,,2022-07-14,139,111,661875,2022,14.3,14.0,65.0,1.0,3.0,3.0,2.0,19.0,4.0,21.0,1.888,1.119,4.2,4.0,19.0,0.0,0.0,0.0,0.0,8.0,1.0,5.0,0.0,0.952,31.8,18.0,133.0,1.0,6.0,5.0,8.0,43.0,5.0,26.0,1.415,0.818
41,120,2022-07-16,TBR,,BAL,"L,4-6",8-8,BS(1),1,1.0,1.0,1.0,1.0,0.0,1.0,1.0,0,1.45,2.36,4.0,14.0,8.0,3,1,1,2,0,0,0,,0,0,0,0,0,4,0.0,0.0,0.0,0,0,0,1.57,-0.16,1.53,-0.09%,-0.55,1.65,3.0,8t --- 0 out a1,8t 3 out tie,,2022-07-16,139,110,661873,2022,13.4,13.0,62.0,1.0,3.0,3.0,2.0,18.0,4.0,20.0,2.015,1.119,3.3,2.0,14.0,0.0,0.0,0.0,0.0,7.0,1.0,3.0,0.0,0.606,31.9,18.0,134.0,1.0,6.0,5.0,8.0,44.0,5.0,26.0,1.411,0.815
42,121,2022-07-17,TBR,,BAL,"W,7-5",9-GF,S(4),0,1.0,0.0,0.0,0.0,0.0,1.0,0.0,0,1.41,2.33,3.0,12.0,8.0,3,1,2,0,0,0,0,,0,0,0,0,0,3,0.0,0.0,0.0,0,0,0,0.89,0.067,0.89,0.04%,0.45,4.25,6.0,9t --- 0 out a2,9t end a 2,,2022-07-17,139,110,661872,2022,13.4,14.0,63.0,2.0,4.0,4.0,2.0,17.0,5.0,24.0,2.687,1.194,3.3,3.0,15.0,1.0,1.0,1.0,0.0,7.0,2.0,7.0,2.727,0.909,32.9,19.0,138.0,2.0,7.0,6.0,8.0,45.0,6.0,30.0,1.641,0.821
43,122,2022-07-27,TBR,@,BAL,"W,6-4",7-8,H(15),9,1.1,0.0,0.0,0.0,0.0,2.0,0.0,1,1.36,2.33,5.0,,,2,8,2,0,0,0,0,,1,0,0,0,0,4,0.0,0.0,0.0,0,0,0,2.2,0.22,2.29,0.14%,0.82,6.4,10.0,7b --3 2 out a1,8b 3 out a1,,2022-07-27,139,110,661053,2022,14.2,14.0,63.0,2.0,4.0,4.0,1.0,18.0,5.0,24.0,2.535,1.056,3.3,2.0,14.0,1.0,1.0,1.0,0.0,6.0,2.0,6.0,2.727,0.606,33.9,19.0,141.0,2.0,7.0,6.0,8.0,46.0,6.0,30.0,1.593,0.796
44,123,2022-07-30,TBR,,CLE,"W,6-4",7-7,H(16),2,1.0,0.0,0.0,0.0,0.0,0.0,0.0,0,1.33,2.35,3.0,18.0,12.0,5,1,1,2,2,0,0,,0,0,0,0,0,3,0.0,0.0,0.0,0,0,0,1.25,0.092,1.3,0.06%,0.45,2.25,3.0,7t --- 0 out a1,7t 3 out a1,,2022-07-30,139,114,661870,2022,15.2,12.0,65.0,2.0,4.0,4.0,1.0,19.0,4.0,21.0,2.368,0.855,3.4,2.0,16.0,1.0,1.0,1.0,0.0,5.0,2.0,6.0,2.647,0.588,35.0,19.0,146.0,2.0,7.0,6.0,8.0,48.0,6.0,30.0,1.543,0.771
45,124,2022-08-02,TBR,,TOR,"L,1-3",8-8,,2,1.0,0.0,0.0,0.0,0.0,1.0,0.0,0,1.3,2.32,3.0,13.0,10.0,2,2,1,1,1,0,0,,0,0,0,0,0,3,0.0,0.0,0.0,0,0,0,0.62,0.046,0.68,0.03%,0.45,4.25,6.0,8t --- 0 out d1,8t 3 out d1,,2022-08-02,139,141,661868,2022,15.1,11.0,63.0,2.0,4.0,4.0,1.0,19.0,4.0,20.0,2.384,0.795,4.2,1.0,16.0,1.0,1.0,1.0,0.0,5.0,1.0,4.0,2.143,0.238,36.0,19.0,149.0,2.0,7.0,6.0,8.0,48.0,6.0,30.0,1.5,0.75
46,125,2022-08-03,TBR,,TOR,"W,3-2",9-GF,S(5),0,1.0,0.0,0.0,0.0,0.0,2.0,0.0,0,1.27,2.24,3.0,10.0,7.0,3,3,0,1,0,1,0,,0,0,0,0,0,3,0.0,0.0,0.0,0,0,0,2.05,0.152,2.18,0.10%,0.45,6.25,9.0,9t --- 0 out a1,9t end a 1,,2022-08-03,139,141,661867,2022,15.1,11.0,64.0,2.0,4.0,4.0,1.0,20.0,4.0,20.0,2.384,0.795,5.1,1.0,18.0,1.0,1.0,1.0,0.0,5.0,1.0,4.0,1.765,0.196,37.0,19.0,152.0,2.0,7.0,6.0,8.0,49.0,6.0,30.0,1.459,0.73
47,126,2022-08-05,TBR,@,DET,"W,5-3",8-8,H(17),1,1.0,0.0,0.0,0.0,0.0,0.0,0.0,0,1.24,2.26,3.0,9.0,8.0,3,1,2,1,0,1,0,,0,0,0,0,0,3,0.0,0.0,0.0,0,0,0,1.11,0.083,1.1,0.05%,0.47,2.25,3.0,8b --- 0 out a2,8b 3 out a2,,2022-08-05,139,116,662811,2022,15.1,11.0,64.0,2.0,4.0,4.0,0.0,21.0,4.0,20.0,2.384,0.728,5.1,0.0,17.0,0.0,0.0,0.0,0.0,6.0,0.0,0.0,0.0,0.0,38.0,19.0,155.0,2.0,7.0,6.0,8.0,51.0,6.0,30.0,1.421,0.711
48,127,2022-08-10,TBR,@,MIL,"L,3-4",6-6,,4,1.0,1.0,0.0,0.0,1.0,0.0,0.0,0,1.21,2.35,5.0,,,5,1,1,3,1,0,0,,0,0,0,0,0,4,0.0,0.0,0.0,0,0,0,1.57,0.075,1.61,0.05%,0.49,1.05,3.0,6b --- 0 out tie,6b 3 out tie,,2022-08-10,139,158,661207,2022,15.0,10.0,63.0,2.0,4.0,4.0,0.0,21.0,4.0,19.0,2.4,0.667,5.1,0.0,17.0,0.0,0.0,0.0,0.0,5.0,0.0,0.0,0.0,0.0,39.0,19.0,158.0,2.0,7.0,6.0,8.0,51.0,6.0,30.0,1.385,0.692
49,128,2022-08-14,TBR,,BAL,"W,4-1",9-GF,S(6),3,0.2,0.0,0.0,0.0,0.0,2.0,0.0,0,1.19,2.27,2.0,8.0,7.0,2,2,0,0,0,0,0,,1,0,0,0,0,2,0.0,0.0,0.0,0,0,0,0.55,0.032,0.67,0.02%,0.48,5.5,8.0,9t 1-- 1 out a3,9t end a 3,,2022-08-14,139,110,661864,2022,15.9,11.0,67.0,2.0,4.0,4.0,1.0,21.0,4.0,20.0,2.264,0.755,5.0,1.0,17.0,0.0,0.0,0.0,1.0,3.0,0.0,1.0,0.0,0.4,40.0,20.0,163.0,2.0,7.0,6.0,9.0,51.0,6.0,31.0,1.35,0.725
50,129,2022-08-15,TBR,@,NYY,"W,4-0",9-GF,,0,1.0,0.0,0.0,0.0,1.0,1.0,0.0,0,1.17,2.31,4.0,16.0,11.0,3,3,1,1,0,0,0,,0,0,0,0,0,3,0.0,0.0,0.0,0,0,0,0.5,0.017,0.58,0.01%,0.48,3.65,6.0,9b --- 0 out a4,9b end a 4,,2022-08-15,139,147,661283,2022,15.1,9.0,64.0,2.0,2.0,2.0,1.0,23.0,3.0,16.0,1.192,0.662,4.2,1.0,16.0,0.0,0.0,0.0,1.0,5.0,0.0,1.0,0.0,0.476,40.2,20.0,165.0,2.0,7.0,6.0,9.0,53.0,6.0,31.0,1.343,0.721
51,130,2022-08-16,TBR,@,NYY,"W,3-1",8-GF,S(7),0,1.1,0.0,0.0,0.0,0.0,2.0,0.0,0,1.13,2.25,4.0,20.0,11.0,3,4,2,0,0,0,0,,1,0,0,0,0,4,0.0,0.0,0.0,0,0,0,1.24,0.129,1.51,0.09%,0.71,7.0,10.0,8b 1-- 2 out a2,9b end a 2,,2022-08-16,139,147,661250,2022,15.9,9.0,67.0,2.0,2.0,2.0,2.0,24.0,3.0,16.0,1.132,0.692,4.2,1.0,17.0,0.0,0.0,0.0,2.0,5.0,0.0,1.0,0.0,0.714,41.2,20.0,169.0,2.0,7.0,6.0,10.0,54.0,6.0,31.0,1.311,0.728
52,131,2022-08-19,TBR,,KCR,"L,2-3",8-8,,2,1.0,1.0,0.0,0.0,0.0,2.0,0.0,0,1.11,2.19,4.0,20.0,12.0,5,2,1,1,1,0,0,,0,0,0,0,0,4,0.0,0.0,0.0,0,0,0,2.09,0.101,2.37,0.07%,0.45,5.65,9.0,8t --- 0 out tie,8t 3 out tie,,2022-08-19,139,118,661862,2022,16.9,9.0,70.0,2.0,2.0,2.0,2.0,26.0,3.0,16.0,1.065,0.651,4.3,1.0,18.0,0.0,0.0,0.0,2.0,5.0,0.0,1.0,0.0,0.698,42.3,20.0,173.0,2.0,7.0,6.0,10.0,56.0,6.0,31.0,1.277,0.709
53,132,2022-08-20,TBR,,KCR,"W,5-2",8-8,H(18),0,1.0,0.0,0.0,0.0,0.0,1.0,0.0,0,1.09,2.17,3.0,12.0,9.0,1,4,0,2,0,0,0,,0,0,0,0,0,3,0.0,0.0,0.0,0,0,0,0.92,0.068,1.07,0.05%,0.45,4.25,6.0,8t --- 0 out a2,8t 3 out a2,,2022-08-20,139,118,661861,2022,16.9,9.0,70.0,2.0,2.0,2.0,2.0,26.0,3.0,16.0,1.065,0.651,4.3,2.0,19.0,0.0,0.0,0.0,2.0,7.0,0.0,2.0,0.0,0.93,43.3,21.0,177.0,2.0,7.0,6.0,10.0,58.0,6.0,32.0,1.247,0.716
54,133,2022-08-22,TBR,,LAA,"W,2-1",8-8,H(19),1,1.0,0.0,0.0,0.0,1.0,3.0,0.0,0,1.07,2.13,4.0,19.0,11.0,4,5,0,0,0,0,0,,0,0,1,0,0,3,0.0,0.0,0.0,0,0,0,2.51,0.115,3.0,0.08%,0.45,7.65,12.0,8t --- 0 out a1,8t 3 out a1,,2022-08-22,139,108,661859,2022,16.9,7.0,68.0,1.0,1.0,1.0,2.0,26.0,2.0,11.0,0.533,0.533,4.3,1.0,17.0,0.0,0.0,0.0,1.0,8.0,0.0,1.0,0.0,0.465,44.3,21.0,180.0,2.0,7.0,6.0,10.0,59.0,6.0,32.0,1.219,0.7
55,134,2022-08-24,TBR,,LAA,"W,4-3",8-8,,1,1.0,1.0,1.0,1.0,0.0,0.0,1.0,0,1.22,2.4,4.0,,,0,2,0,4,1,1,0,,0,0,0,0,0,4,0.0,0.0,0.0,0,0,0,0.93,-0.215,1.02,-0.14%,-0.55,-0.35,0.0,8t --- 0 out tie,8t 3 out d1,,2022-08-24,139,108,661857,2022,17.7,7.0,70.0,1.0,1.0,1.0,3.0,27.0,2.0,11.0,0.508,0.565,5.1,1.0,19.0,0.0,0.0,0.0,2.0,9.0,0.0,1.0,0.0,0.588,45.3,21.0,184.0,2.0,7.0,6.0,11.0,62.0,6.0,32.0,1.192,0.706
56,135,2022-08-30,TBR,@,MIA,"W,7-2",7-7,,5,0.2,0.0,0.0,0.0,0.0,2.0,0.0,1,1.2,2.39,3.0,8.0,6.0,2,4,0,0,0,0,0,,1,0,0,0,0,2,0.0,0.0,0.0,0,0,0,1.26,0.043,1.41,0.03%,0.67,4.9,8.0,7b -2- 1 out a4,7b 3 out a4,,2022-08-30,139,146,661351,2022,17.7,6.0,68.0,2.0,2.0,2.0,3.0,25.0,3.0,13.0,1.017,0.508,5.1,2.0,19.0,1.0,1.0,1.0,1.0,8.0,1.0,5.0,1.765,0.588,46.3,22.0,188.0,3.0,8.0,7.0,11.0,62.0,7.0,36.0,1.361,0.713
57,136,2022-08-31,TBR,@,MIA,"W,2-1",9-9,W(2-2),0,1.0,0.0,0.0,0.0,2.0,0.0,0.0,0,1.18,2.51,4.0,,,3,1,1,1,0,0,0,,0,0,0,0,0,2,0.0,0.0,0.0,1,0,0,2.81,0.136,2.82,0.08%,0.49,5.05,9.0,9b --- 0 out tie,9b 3 out tie,,2022-08-31,139,146,661350,2022,16.9,6.0,68.0,2.0,2.0,2.0,3.0,26.0,3.0,13.0,1.065,0.533,4.2,2.0,18.0,1.0,1.0,1.0,1.0,8.0,1.0,5.0,2.143,0.714,46.5,22.0,191.0,3.0,8.0,7.0,11.0,64.0,7.0,36.0,1.355,0.71
58,137,2022-09-02,TBR,,NYY,"W,9-0",8-8,H(20),1,1.0,0.0,0.0,0.0,0.0,2.0,0.0,0,1.16,2.45,3.0,11.0,8.0,2,4,0,1,0,0,0,,0,0,0,0,0,3,0.0,0.0,0.0,0,0,0,0.51,0.038,0.67,0.03%,0.45,6.25,9.0,8t --- 0 out a3,8t 3 out a3,,2022-09-02,139,147,661855,2022,16.9,5.0,68.0,2.0,2.0,2.0,5.0,24.0,3.0,12.0,1.065,0.592,4.2,1.0,18.0,1.0,1.0,1.0,3.0,6.0,1.0,4.0,2.143,0.952,47.5,22.0,195.0,3.0,8.0,7.0,13.0,64.0,7.0,36.0,1.326,0.737
59,138,2022-09-03,TBR,,NYY,"W,2-1",9-GF,S(8),0,1.0,1.0,1.0,1.0,0.0,2.0,1.0,0,1.3,2.62,4.0,12.0,9.0,1,3,0,2,0,1,0,,0,0,0,0,0,4,0.0,0.0,0.0,0,0,0,1.89,0.067,2.89,0.06%,-0.55,3.65,6.0,9t --- 0 out a2,9t end a 1,,2022-09-03,139,147,661854,2022,16.9,5.0,68.0,2.0,2.0,2.0,5.0,23.0,3.0,12.0,1.065,0.592,4.2,1.0,18.0,1.0,1.0,1.0,3.0,7.0,1.0,4.0,2.143,0.952,48.5,22.0,198.0,3.0,8.0,7.0,13.0,66.0,7.0,36.0,1.299,0.722
60,139,2022-09-06,TBR,,BOS,"W,8-4",9-GF,,2,1.0,0.0,0.0,0.0,0.0,2.0,0.0,0,1.28,2.56,3.0,10.0,7.0,0,5,0,1,0,0,0,,0,0,0,0,0,3,0.0,0.0,0.0,0,0,0,0.16,0.012,0.16,0.01%,0.45,6.25,9.0,9t --- 0 out a4,9t end a 4,,2022-09-06,139,111,662043,2022,17.7,5.0,69.0,3.0,3.0,3.0,5.0,25.0,3.0,14.0,1.525,0.565,4.2,2.0,18.0,2.0,2.0,2.0,2.0,6.0,2.0,8.0,4.286,0.952,49.5,23.0,202.0,4.0,9.0,8.0,13.0,68.0,8.0,40.0,1.455,0.727
61,140,2022-09-07,TBR,,BOS,"W,1-0",8-8,H(21),0,1.0,1.0,0.0,0.0,1.0,0.0,0.0,0,1.26,2.62,5.0,,,3,2,2,2,1,0,0,,0,0,1,0,0,4,0.0,0.0,0.0,0,0,0,3.84,0.115,3.74,0.07%,0.45,1.05,3.0,8t --- 0 out a1,8t 3 out a1,,2022-09-07,139,111,662065,2022,18.6,5.0,71.0,3.0,3.0,3.0,5.0,26.0,3.0,14.0,1.452,0.538,4.2,1.0,17.0,1.0,1.0,1.0,2.0,8.0,1.0,4.0,2.143,0.714,50.5,23.0,205.0,4.0,9.0,8.0,13.0,70.0,8.0,40.0,1.426,0.713
62,141,2022-09-12,TBR,@,TOR,"L,2-3",8-GF(8),BL(2-3),4,1.0,2.0,2.0,2.0,0.0,1.0,1.0,0,1.54,2.82,5.0,18.0,12.0,4,3,2,2,1,0,0,,0,0,1,0,0,5,0.0,0.0,0.0,0,0,0,2.85,-0.554,2.2,-0.26%,-1.53,-0.95,0.0,8b --- 0 out a1,8b end d 1,,2022-09-12,139,141,661799,2022,18.6,5.0,72.0,2.0,2.0,2.0,6.0,25.0,2.0,11.0,0.968,0.591,5.0,2.0,19.0,1.0,1.0,1.0,3.0,6.0,1.0,5.0,1.8,1.0,51.5,24.0,210.0,4.0,9.0,8.0,14.0,70.0,8.0,41.0,1.398,0.738
63,142,2022-09-15,TBR,@,TOR,"W,11-0",6-7,H(22),2,1.1,1.0,0.0,0.0,0.0,1.0,0.0,0,1.51,2.79,5.0,20.0,14.0,2,5,2,2,1,0,0,,2,0,0,0,0,5,0.0,0.0,0.0,0,0,0,0.53,0.049,0.47,0.03%,0.89,4.4,7.0,6b 12- 2 out a4,7b 3 out a5,,2022-09-15,139,141,661822,2022,18.6,7.0,74.0,3.0,4.0,4.0,6.0,25.0,3.0,16.0,1.935,0.699,5.0,4.0,20.0,2.0,3.0,3.0,1.0,7.0,2.0,10.0,5.4,1.0,52.5,26.0,215.0,5.0,11.0,10.0,14.0,71.0,9.0,46.0,1.714,0.762
64,143,2022-09-17,TBR,,TEX,"W,5-1",8-8,,1,1.0,1.0,0.0,0.0,0.0,0.0,0.0,0,1.48,2.8,3.0,10.0,8.0,3,0,2,1,0,1,0,,0,0,0,0,0,3,0.0,0.0,0.0,1,0,0,0.63,0.02,0.41,0.01%,0.45,1.65,3.0,8t --- 0 out a4,8t 3 out a4,,2022-09-17,139,140,662015,2022,18.6,8.0,74.0,3.0,4.0,4.0,6.0,24.0,3.0,17.0,1.935,0.753,5.1,5.0,22.0,2.0,3.0,3.0,1.0,6.0,2.0,11.0,5.294,1.176,53.6,27.0,220.0,5.0,11.0,10.0,14.0,72.0,9.0,47.0,1.679,0.765
65,144,2022-09-23,TBR,,TOR,"W,10-6",6-6,BS(3),5,0.2,1.0,0.0,0.0,1.0,1.0,0.0,0,1.47,2.82,4.0,,,1,4,1,1,0,0,0,,2,2,0,0,0,2,0.0,0.0,0.0,0,1,0,2.51,-0.164,1.87,-0.07%,-1.14,2.3,5.0,6t 12- 1 out a2,6t 3 out tie,,2022-09-23,139,141,662040,2022,18.6,9.0,74.0,3.0,4.0,4.0,6.0,24.0,3.0,18.0,1.935,0.806,5.1,5.0,21.0,1.0,2.0,2.0,1.0,4.0,1.0,8.0,3.529,1.176,54.6,28.0,223.0,5.0,11.0,10.0,14.0,72.0,9.0,48.0,1.648,0.769
66,145,2022-09-27,TBR,@,CLE,"W,6-5",8-8,BS(4),3,1.0,1.0,1.0,1.0,2.0,0.0,0.0,0,1.59,2.92,6.0,,,4,2,4,0,0,0,0,,0,0,2,0,0,4,0.0,0.0,1.0,0,0,0,2.91,-0.211,1.15,-0.05%,-0.54,-1.55,0.0,8b --- 0 out a1,8b 3 out tie,,2022-09-27,139,114,662955,2022,17.8,10.0,75.0,3.0,4.0,4.0,7.0,24.0,3.0,19.0,2.022,0.955,4.3,6.0,22.0,1.0,2.0,2.0,2.0,3.0,1.0,9.0,4.186,1.86,54.8,29.0,227.0,5.0,11.0,10.0,15.0,73.0,9.0,49.0,1.642,0.803
67,146,2022-09-28,TBR,@,CLE,"L,1-2",8-8,,0,1.0,1.0,0.0,0.0,0.0,2.0,0.0,0,1.56,2.86,4.0,,,6,4,2,0,0,0,0,,0,0,0,0,0,4,0.0,0.0,0.0,0,0,0,1.48,0.102,0.65,0.03%,0.46,5.65,9.0,8b --- 0 out tie,8b 3 out tie,,2022-09-28,139,114,662967,2022,17.8,11.0,78.0,3.0,5.0,5.0,9.0,22.0,3.0,20.0,2.528,1.124,4.3,6.0,23.0,1.0,3.0,3.0,3.0,3.0,1.0,9.0,6.279,2.093,55.8,30.0,233.0,5.0,12.0,11.0,17.0,73.0,9.0,50.0,1.774,0.842
1,147,2023-03-30,TBR,,DET,"W,4-0",8-8,H(1),99,1.0,0.0,0.0,0.0,1.0,0.0,0.0,0,0.0,6.26,4.0,15.0,8.0,0,4,1,2,0,1,0,,0,0,0,0,0,3,0.0,0.0,0.0,0,0,0,0.57,0.043,0.54,0.02%,0.5,1.65,3.0,8t --- 0 out a3,8t 3 out a3,,2023-03-30,139,116,718776,2023,17.8,12.0,79.0,3.0,5.0,5.0,9.0,24.0,3.0,21.0,2.528,1.18,4.3,5.0,22.0,0.0,1.0,1.0,3.0,4.0,0.0,5.0,2.093,1.86,17.8,12.0,79.0,3.0,5.0,5.0,9.0,24.0,3.0,21.0,2.528,1.18
2,148,2023-04-03,TBR,@,WSN,"W,6-2",7-7,H(2),3,0.1,0.0,0.0,0.0,0.0,0.0,0.0,0,0.0,5.51,1.0,2.0,2.0,0,1,1,0,0,0,0,,2,0,0,0,0,1,0.0,0.0,0.0,0,0,0,2.01,0.056,2.07,0.04%,0.51,0.75,1.0,7b 1-3 2 out a3,7b 3 out a3,,2023-04-03,139,120,718732,2023,17.8,11.0,78.0,3.0,5.0,5.0,9.0,24.0,3.0,20.0,2.528,1.124,4.2,4.0,21.0,0.0,1.0,1.0,4.0,3.0,0.0,4.0,2.143,1.905,1.0,0.0,4.0,0.0,0.0,0.0,1.0,0.0,0.0,0.0,0.0,1.0
3,149,2023-04-07,TBR,,OAK,"W,9-5",9-GF,,3,1.0,1.0,1.0,1.0,1.0,2.0,0.0,1,3.86,5.4,6.0,23.0,11.0,3,3,2,0,0,0,0,,0,0,0,0,0,4,0.0,0.0,0.0,0,0,0,0.2,0.006,0.23,0.00%,-0.5,2.45,6.0,9t --- 0 out a5,9t end a 4,,2023-04-07,139,133,718678,2023,17.7,11.0,77.0,3.0,5.0,5.0,9.0,22.0,3.0,20.0,2.542,1.13,3.3,3.0,19.0,0.0,1.0,1.0,4.0,3.0,0.0,3.0,2.727,2.121,1.1,0.0,5.0,0.0,0.0,0.0,1.0,0.0,0.0,0.0,0.0,0.909
4,150,2023-04-09,TBR,,OAK,"W,11-0",9-GF,,1,1.0,0.0,0.0,0.0,1.0,1.0,0.0,0,2.7,5.06,4.0,22.0,11.0,4,0,0,2,0,1,0,,0,0,0,0,0,3,0.0,0.0,0.0,0,0,0,0.0,0.0,0.0,0.00%,0.5,3.65,6.0,9t --- 0 out a11,9t end a11,,2023-04-09,139,133,718655,2023,17.7,12.0,79.0,3.0,6.0,6.0,9.0,23.0,3.0,21.0,3.051,1.186,4.1,3.0,21.0,0.0,2.0,2.0,4.0,4.0,0.0,3.0,4.39,1.707,2.1,1.0,11.0,0.0,1.0,1.0,2.0,2.0,0.0,1.0,4.286,1.429
5,151,2023-04-11,TBR,,BOS,"W,7-2",7-7,,1,1.0,0.0,0.0,0.0,0.0,0.0,0.0,0,2.08,4.64,3.0,10.0,6.0,2,0,1,2,0,1,0,,0,0,0,0,0,3,0.0,0.0,0.0,0,0,0,0.37,0.029,0.48,0.02%,0.5,2.25,3.0,7t --- 0 out a4,7t 3 out a4,,2023-04-11,139,111,718625,2023,17.6,12.0,79.0,3.0,6.0,6.0,10.0,22.0,3.0,21.0,3.068,1.25,4.1,2.0,19.0,0.0,1.0,1.0,3.0,5.0,0.0,2.0,2.195,1.22,3.1,1.0,15.0,0.0,1.0,1.0,3.0,3.0,0.0,1.0,2.903,1.29
6,152,2023-04-12,TBR,,BOS,"W,9-7",8-8,H(3),0,1.0,0.0,0.0,0.0,0.0,2.0,0.0,0,1.69,3.63,3.0,15.0,9.0,4,2,1,0,0,0,0,,0,0,0,0,0,3,0.0,0.0,0.0,0,0,0,1.59,0.121,1.9,0.09%,0.5,6.25,9.0,8t --- 0 out a1,8t 3 out a1,,2023-04-12,139,111,718600,2023,17.6,11.0,78.0,3.0,6.0,6.0,10.0,20.0,3.0,20.0,3.068,1.193,4.1,1.0,18.0,0.0,1.0,1.0,3.0,3.0,0.0,1.0,2.195,0.976,4.1,1.0,18.0,0.0,1.0,1.0,3.0,3.0,0.0,1.0,2.195,0.976
7,153,2023-04-16,TBR,@,TOR,"W,8-1",9-GF,,3,1.0,1.0,0.0,0.0,1.0,0.0,0.0,0,1.42,4.04,4.0,17.0,10.0,3,0,1,2,2,0,0,,0,0,0,0,0,3,0.0,0.0,0.0,0,0,0,0.06,0.001,0.08,0.00%,0.51,1.05,3.0,9b --- 0 out a7,9b end a 7,,2023-04-16,139,141,718556,2023,17.6,11.0,78.0,3.0,6.0,6.0,10.0,21.0,3.0,20.0,3.068,1.193,4.1,1.0,17.0,0.0,1.0,1.0,2.0,5.0,0.0,1.0,2.195,0.732,5.1,1.0,21.0,0.0,1.0,1.0,3.0,5.0,0.0,1.0,1.765,0.784
8,154,2023-04-22,TBR,,CHW,"W,4-3",8-8,BS(1),5,1.0,1.0,1.0,1.0,0.0,2.0,1.0,0,2.45,5.16,4.0,18.0,14.0,5,4,1,1,0,0,0,,0,0,0,0,0,4,0.0,0.0,0.0,0,0,0,1.6,-0.141,1.82,-0.10%,-0.5,3.65,6.0,8t --- 0 out a1,8t 3 out tie,,2023-04-22,139,145,718477,2023,17.6,12.0,78.0,3.0,6.0,6.0,10.0,18.0,3.0,21.0,3.068,1.25,5.0,2.0,20.0,0.0,1.0,1.0,3.0,5.0,0.0,2.0,1.8,1.0,6.1,2.0,25.0,0.0,1.0,1.0,4.0,5.0,0.0,2.0,1.475,0.984
9,155,2023-04-25,TBR,,HOU,"L,0-5",9-GF,,2,1.0,1.0,0.0,0.0,0.0,0.0,0.0,0,2.16,4.94,4.0,19.0,10.0,1,2,2,2,2,0,0,,0,0,1,0,0,4,1.0,0.0,0.0,0,0,0,0.05,0.002,0.06,0.00%,0.5,1.65,3.0,9t --- 0 out d5,9t end d 5,,2023-04-25,139,117,718436,2023,17.6,12.0,78.0,3.0,6.0,6.0,10.0,20.0,3.0,21.0,3.068,1.25,5.0,2.0,18.0,1.0,1.0,1.0,2.0,5.0,1.0,5.0,1.8,0.8,7.1,3.0,29.0,1.0,2.0,2.0,4.0,7.0,1.0,6.0,2.535,0.986
10,156,2023-04-28,TBR,@,CHW,"W,3-2",7-7,,2,1.0,1.0,0.0,0.0,0.0,1.0,0.0,0,1.93,4.54,4.0,12.0,10.0,4,3,2,1,1,0,0,,0,0,1,0,0,4,0.0,0.0,0.0,0,0,0,2.03,0.09,2.16,0.06%,0.53,3.65,6.0,7b --- 0 out tie,7b 3 out tie,,2023-04-28,139,145,718393,2023,18.4,13.0,79.0,3.0,6.0,6.0,10.0,18.0,4.0,23.0,2.935,1.25,5.0,3.0,18.0,1.0,1.0,1.0,1.0,4.0,2.0,7.0,1.8,0.8,8.1,4.0,33.0,1.0,2.0,2.0,4.0,7.0,2.0,8.0,2.222,0.988
11,157,2023-04-30,TBR,@,CHW,"L,9-12",8-8,H(4),1,1.0,1.0,1.0,0.0,0.0,2.0,0.0,0,1.74,4.03,5.0,21.0,13.0,4,2,2,1,1,0,0,,0,0,0,0,0,5,1.0,0.0,0.0,0,0,0,1.17,0.012,1.16,0.01%,-0.47,5.65,9.0,8b --- 0 out a3,8b 3 out a2,,2023-04-30,139,145,718355,2023,18.4,14.0,79.0,3.0,6.0,6.0,8.0,19.0,4.0,24.0,2.935,1.196,5.0,4.0,19.0,1.0,1.0,1.0,1.0,5.0,2.0,8.0,1.8,1.0,9.1,5.0,37.0,1.0,2.0,2.0,4.0,8.0,2.0,9.0,1.978,0.989
12,158,2023-05-02,TBR,,PIT,"W,4-1",9-GF,S(1),1,1.0,1.0,0.0,0.0,0.0,3.0,0.0,0,1.59,3.43,4.0,18.0,10.0,4,4,0,1,1,0,0,,0,0,0,0,0,4,0.0,0.0,0.0,0,0,0,0.44,0.033,0.46,0.02%,0.5,7.65,12.0,9t --- 0 out a3,9t end a 3,,2023-05-02,139,134,718347,2023,18.4,15.0,81.0,3.0,7.0,6.0,8.0,19.0,5.0,26.0,2.935,1.25,5.0,5.0,21.0,1.0,2.0,1.0,1.0,5.0,3.0,10.0,1.8,1.2,10.1,6.0,42.0,1.0,3.0,2.0,4.0,10.0,3.0,11.0,1.782,0.99
13,159,2023-05-04,TBR,,PIT,"W,3-2",9-GF,S(2),1,1.0,1.0,2.0,0.0,1.0,3.0,0.0,1,1.46,3.42,7.0,25.0,17.0,6,6,1,1,1,0,0,,0,0,0,0,0,5,1.0,0.0,0.0,0,0,0,2.14,0.033,2.13,0.02%,-1.5,6.45,12.0,9t --- 0 out a3,9t end a 1,,2023-05-04,139,134,718309,2023,18.4,15.0,81.0,2.0,6.0,5.0,8.0,20.0,4.0,23.0,2.446,1.25,5.0,5.0,21.0,1.0,2.0,1.0,0.0,8.0,3.0,10.0,1.8,1.0,11.1,7.0,46.0,1.0,3.0,2.0,4.0,13.0,3.0,12.0,1.622,0.991
14,160,2023-05-05,TBR,,NYY,"W,5-4",9-GF,S(3),0,1.0,1.0,0.0,0.0,0.0,1.0,0.0,0,1.35,3.26,4.0,12.0,10.0,3,2,1,2,2,0,0,,0,0,0,0,0,4,0.0,0.0,0.0,0,0,0,2.3,0.162,2.54,0.11%,0.5,3.65,6.0,9t --- 0 out a1,9t end a 1,,2023-05-05,139,147,718300,2023,18.4,16.0,85.0,2.0,8.0,5.0,9.0,21.0,5.0,25.0,2.446,1.359,5.0,5.0,24.0,0.0,3.0,0.0,1.0,9.0,3.0,8.0,0.0,1.2,12.1,8.0,53.0,1.0,5.0,2.0,5.0,16.0,4.0,14.0,1.488,1.074
15,161,2023-05-07,TBR,,NYY,"W,8-7",8-8,,1,1.0,1.0,0.0,0.0,0.0,0.0,0.0,0,1.26,3.26,4.0,17.0,11.0,4,2,1,3,0,0,0,,0,0,0,0,0,4,0.0,0.0,0.0,0,0,0,1.51,0.107,1.72,0.07%,0.5,1.65,3.0,8t --- 0 out tie,8t 3 out tie,,2023-05-07,139,147,718271,2023,18.4,16.0,84.0,2.0,8.0,5.0,8.0,22.0,5.0,25.0,2.446,1.304,5.0,5.0,24.0,0.0,3.0,0.0,1.0,10.0,2.0,7.0,0.0,1.2,13.1,9.0,57.0,1.0,5.0,2.0,5.0,17.0,4.0,15.0,1.374,1.069
16,162,2023-05-08,TBR,@,BAL,"W,3-0",9-GF,S(4),0,1.0,1.0,0.0,0.0,0.0,3.0,0.0,0,1.17,2.86,4.0,15.0,10.0,4,4,0,1,1,0,0,,0,0,0,0,0,4,0.0,0.0,0.0,0,0,0,0.53,0.04,0.65,0.03%,0.49,7.65,12.0,9b --- 0 out a3,9b end a 3,,2023-05-08,139,110,718259,2023,18.4,15.0,83.0,1.0,6.0,3.0,8.0,21.0,4.0,21.0,1.467,1.25,5.0,5.0,24.0,0.0,3.0,0.0,1.0,9.0,2.0,7.0,0.0,1.2,14.1,10.0,61.0,1.0,5.0,2.0,5.0,17.0,4.0,16.0,1.277,1.064
17,163,2023-05-12,TBR,@,NYY,"L,5-6",8-GF(8),BL(0-1),3,0.2,1.0,1.0,1.0,0.0,0.0,1.0,0,1.69,3.69,3.0,10.0,7.0,1,2,1,2,0,1,0,,1,1,0,0,0,3,0.0,0.0,0.0,0,0,0,1.35,-0.516,1.48,-0.34%,-1.46,-1.1,-1.0,8b 1-- 1 out a1,8b end d 1,,2023-05-12,139,147,718210,2023,18.3,15.0,82.0,1.0,6.0,3.0,8.0,23.0,4.0,21.0,1.475,1.257,5.0,5.0,23.0,0.0,2.0,0.0,1.0,10.0,1.0,6.0,0.0,1.2,15.1,11.0,65.0,1.0,5.0,2.0,5.0,20.0,4.0,17.0,1.192,1.06
18,164,2023-05-14,TBR,@,NYY,"W,8-7",9-GF,S(5),1,1.0,0.0,0.0,0.0,0.0,0.0,0.0,0,1.59,3.67,3.0,5.0,3.0,0,0,1,2,0,0,0,,0,0,0,0,0,3,0.0,0.0,0.0,0,0,0,2.69,0.207,3.15,0.15%,0.52,2.25,3.0,9b --- 0 out a1,9b end a 1,,2023-05-14,139,147,718180,2023,17.5,15.0,82.0,2.0,7.0,4.0,8.0,23.0,5.0,24.0,2.057,1.314,4.2,5.0,22.0,1.0,3.0,1.0,1.0,7.0,2.0,9.0,2.143,1.429,15.3,12.0,68.0,2.0,6.0,3.0,5.0,20.0,5.0,21.0,1.765,1.111
19,165,2023-05-17,TBR,@,NYM,"L,7-8",9-9,BS(3),2,1.0,1.0,3.0,3.0,1.0,2.0,1.0,1,3.0,4.48,6.0,21.0,11.0,5,2,0,2,0,0,0,,0,0,0,0,0,4,0.0,0.0,0.0,0,0,0,2.03,-0.457,2.0,-0.27%,-2.49,-1.55,0.0,9b --- 0 out a3,9b 3 out tie,,2023-05-17,139,121,718135,2023,18.3,14.0,81.0,2.0,7.0,4.0,7.0,22.0,5.0,23.0,1.967,1.148,4.2,4.0,18.0,1.0,1.0,1.0,0.0,4.0,1.0,7.0,2.143,0.952,16.3,12.0,71.0,2.0,6.0,3.0,5.0,20.0,5.0,21.0,1.656,1.043
20,166,2023-05-19,TBR,,MIL,"W,1-0",8-8,W(1-1),1,1.0,1.0,0.0,0.0,0.0,2.0,0.0,0,2.84,4.2,4.0,20.0,14.0,2,4,2,0,0,0,0,,0,0,1,0,0,4,0.0,0.0,0.0,0,0,0,2.59,0.107,2.74,0.07%,0.5,9.65,15.0,8t --- 0 out tie,8t 3 out tie,,2023-05-19,139,158,718117,2023,18.3,14.0,81.0,3.0,9.0,6.0,6.0,24.0,6.0,26.0,2.951,1.093,4.2,4.0,20.0,2.0,4.0,4.0,1.0,5.0,2.0,10.0,8.571,1.19,17.3,13.0,77.0,3.0,9.0,6.0,6.0,22.0,6.0,25.0,3.121,1.098
21,167,2023-05-20,TBR,,MIL,"W,8-4",9-GF,S(6),0,0.2,0.0,0.0,0.0,0.0,1.0,0.0,0,2.75,4.07,2.0,7.0,5.0,1,1,0,1,0,1,0,,2,0,0,0,0,2,0.0,0.0,0.0,0,0,0,0.71,0.034,0.75,0.02%,0.91,3.5,5.0,9t 12- 1 out a4,9t end a 4,,2023-05-20,139,158,718093,2023,18.3,14.0,81.0,3.0,9.0,6.0,6.0,24.0,6.0,26.0,2.951,1.093,4.2,4.0,20.0,2.0,4.0,4.0,1.0,7.0,2.0,10.0,8.571,1.19,18.3,14.0,81.0,3.0,9.0,6.0,6.0,24.0,6.0,26.0,2.951,1.093
22,168,2023-05-24,TBR,,TOR,"W,7-3",8-8,,3,0.1,3.0,2.0,2.0,1.0,0.0,1.0,0,3.6,4.86,5.0,22.0,11.0,2,0,1,3,2,0,0,,0,0,1,0,0,4,0.0,1.0,0.0,0,0,0,1.32,-0.176,1.57,-0.13%,-2.41,-5.65,-5.0,8t --- 0 out a4,8t 12- 1 out a2,,2023-05-24,139,141,718044,2023,17.5,14.0,79.0,3.0,9.0,6.0,5.0,25.0,6.0,26.0,3.086,1.086,3.4,3.0,18.0,2.0,4.0,4.0,1.0,5.0,2.0,9.0,10.588,1.176,18.5,14.0,83.0,3.0,9.0,6.0,6.0,25.0,6.0,26.0,2.919,1.081
23,169,2023-05-26,TBR,,LAD,"W,9-3",8-8,H(5),1,0.1,0.0,0.0,0.0,0.0,1.0,0.0,0,3.54,4.73,1.0,5.0,4.0,1,1,0,0,0,0,0,,2,0,0,0,0,1,0.0,0.0,0.0,0,0,0,0.77,0.02,0.76,0.01%,0.44,2.75,4.0,8t 12- 2 out a4,8t 3 out a4,,2023-05-26,139,119,718018,2023,17.5,17.0,83.0,4.0,11.0,8.0,6.0,25.0,8.0,34.0,4.114,1.314,3.3,5.0,20.0,2.0,5.0,5.0,2.0,5.0,3.0,13.0,13.636,2.121,18.6,17.0,88.0,4.0,11.0,8.0,7.0,25.0,8.0,34.0,3.871,1.29
24,170,2023-05-28,TBR,,LAD,"W,11-10",8-GF,S(7),1,2.0,0.0,0.0,0.0,1.0,4.0,0.0,0,3.22,4.37,7.0,37.0,25.0,8,8,0,2,0,1,0,,0,0,0,0,0,6,0.0,0.0,0.0,0,0,0,1.89,0.283,1.89,0.17%,1.0,11.9,18.0,8t --- 0 out a1,9t end a 1,,2023-05-28,139,119,717994,2023,16.6,16.0,78.0,4.0,10.0,7.0,5.0,24.0,8.0,33.0,3.795,1.265,2.4,5.0,18.0,2.0,5.0,5.0,2.0,6.0,3.0,13.0,18.75,2.917,18.7,17.0,89.0,4.0,11.0,8.0,7.0,26.0,8.0,34.0,3.85,1.283
25,171,2023-05-31,TBR,@,CHC,"W,4-3",8-8,H(6),2,1.0,1.0,0.0,0.0,1.0,3.0,0.0,0,3.09,4.2,5.0,24.0,12.0,6,4,0,1,1,0,0,,0,0,2,0,0,4,0.0,0.0,0.0,0,0,0,4.11,0.149,4.41,0.10%,0.55,7.05,12.0,8b --- 0 out a1,8b 3 out a1,,2023-05-31,139,112,717950,2023,17.6,16.0,81.0,4.0,10.0,7.0,5.0,27.0,8.0,33.0,3.58,1.193,3.4,4.0,19.0,1.0,2.0,2.0,2.0,8.0,2.0,9.0,5.294,1.765,20.7,17.0,96.0,4.0,11.0,8.0,8.0,30.0,8.0,34.0,3.478,1.208
26,172,2023-06-03,TBR,@,BOS,"W,4-2",9-GF,S(8),2,1.0,0.0,0.0,0.0,1.0,0.0,0.0,1,2.96,4.41,5.0,14.0,9.0,2,2,2,1,0,0,0,,0,0,0,0,0,3,0.0,0.0,0.0,0,0,0,1.81,0.1,2.13,0.07%,0.54,1.05,3.0,9b --- 0 out a2,9b end a 2,2.0,2023-06-03,139,111,717885,2023,17.6,17.0,83.0,4.0,10.0,7.0,6.0,30.0,8.0,34.0,3.58,1.307,3.4,4.0,20.0,1.0,2.0,2.0,3.0,9.0,2.0,9.0,5.294,2.059,21.7,18.0,101.0,4.0,11.0,8.0,9.0,33.0,8.0,35.0,3.318,1.244
27,173,2023-06-05,TBR,@,BOS,"W,4-1",9-GF,S(9),1,1.0,0.0,0.0,0.0,0.0,2.0,0.0,0,2.84,4.2,3.0,12.0,10.0,2,6,1,0,0,0,0,,0,0,0,0,0,3,0.0,0.0,0.0,0,0,0,0.58,0.046,0.61,0.03%,0.54,6.25,9.0,9b --- 0 out a3,9b end a 3,,2023-06-05,139,111,717928,2023,17.6,17.0,85.0,4.0,10.0,7.0,7.0,28.0,8.0,34.0,3.58,1.364,4.2,4.0,23.0,1.0,2.0,2.0,4.0,8.0,2.0,9.0,4.286,1.905,22.7,18.0,106.0,4.0,11.0,8.0,10.0,33.0,8.0,35.0,3.172,1.233
28,174,2023-06-07,TBR,,MIN,"W,2-1",9-GF,BW(2-1),1,1.0,1.0,1.0,1.0,1.0,0.0,0.0,2,3.08,4.51,6.0,25.0,13.0,2,3,1,2,1,0,0,,0,0,2,0,0,3,0.0,0.0,0.0,1,0,0,4.44,-0.2,4.06,-0.11%,-0.5,1.85,6.0,9t --- 0 out a1,9t end tie,,2023-06-07,139,142,717859,2023,17.6,16.0,84.0,4.0,10.0,7.0,6.0,30.0,8.0,33.0,3.58,1.25,5.1,1.0,21.0,0.0,0.0,0.0,3.0,10.0,0.0,1.0,0.0,0.784,23.7,18.0,109.0,4.0,11.0,8.0,10.0,35.0,8.0,35.0,3.038,1.181
29,175,2023-06-08,TBR,,MIN,"W,4-2",9-GF,S(10),0,1.0,0.0,0.0,0.0,0.0,1.0,0.0,0,2.96,4.39,3.0,13.0,10.0,1,3,1,1,0,0,0,,0,0,0,0,0,3,0.0,0.0,0.0,0,0,0,0.96,0.074,0.82,0.04%,0.5,4.25,6.0,9t --- 0 out a2,9t end a 2,,2023-06-08,139,142,717845,2023,17.6,16.0,86.0,3.0,10.0,7.0,7.0,28.0,7.0,30.0,3.58,1.307,6.0,2.0,26.0,0.0,1.0,1.0,4.0,9.0,0.0,2.0,1.5,1.0,24.7,19.0,115.0,4.0,12.0,9.0,11.0,35.0,8.0,36.0,3.279,1.215
30,176,2023-06-11,TBR,,TEX,"W,7-3",9-GF,,2,1.0,1.0,0.0,0.0,2.0,1.0,0.0,0,2.86,4.49,5.0,26.0,15.0,3,3,2,0,0,0,0,,0,0,0,0,0,3,1.0,0.0,0.0,1,0,0,0.89,0.015,0.76,0.01%,0.5,2.45,6.0,9t --- 0 out a4,9t end a 4,,2023-06-11,139,140,717801,2023,17.6,15.0,85.0,3.0,10.0,7.0,7.0,29.0,6.0,28.0,3.58,1.25,5.0,2.0,22.0,0.0,1.0,1.0,3.0,6.0,0.0,2.0,1.8,1.0,25.7,19.0,118.0,4.0,12.0,9.0,11.0,36.0,8.0,36.0,3.152,1.167
31,177,2023-06-14,TBR,@,OAK,"W,6-3",9-GF,S(11),2,1.0,1.0,0.0,0.0,0.0,1.0,0.0,0,2.76,4.38,4.0,15.0,9.0,4,1,1,2,0,1,0,,0,0,0,0,0,4,0.0,0.0,0.0,0,0,0,0.95,0.037,0.85,0.02%,0.47,3.65,6.0,9b --- 0 out a3,9b end a 3,,2023-06-14,139,133,717761,2023,17.6,15.0,86.0,3.0,10.0,7.0,9.0,29.0,7.0,29.0,3.58,1.364,5.0,2.0,22.0,0.0,1.0,1.0,4.0,4.0,1.0,3.0,1.8,1.2,26.7,20.0,123.0,4.0,12.0,9.0,13.0,37.0,9.0,38.0,3.034,1.236
32,178,2023-06-15,TBR,@,OAK,"W,4-3",8-8,H(7),0,1.0,0.0,0.0,0.0,0.0,2.0,0.0,0,2.67,4.21,3.0,19.0,13.0,4,2,1,0,0,0,0,,0,0,0,0,0,3,0.0,0.0,0.0,0,0,0,1.83,0.136,1.52,0.07%,0.47,6.25,9.0,8b --- 0 out a1,8b 3 out a1,,2023-06-15,139,133,717756,2023,17.6,15.0,85.0,3.0,9.0,7.0,9.0,28.0,6.0,28.0,3.58,1.364,5.0,3.0,21.0,0.0,1.0,1.0,3.0,5.0,1.0,4.0,1.8,1.2,27.7,21.0,127.0,4.0,12.0,9.0,13.0,38.0,9.0,39.0,2.924,1.227
33,179,2023-06-20,TBR,,BAL,"L,6-8",7-7,,4,1.0,0.0,0.0,0.0,0.0,0.0,0.0,0,2.59,4.18,3.0,13.0,11.0,2,0,2,1,0,0,0,,0,0,0,0,0,3,0.0,0.0,0.0,0,0,0,0.73,0.056,0.92,0.04%,0.5,2.25,3.0,7t --- 0 out d1,7t 3 out d1,,2023-06-20,139,110,717687,2023,17.6,14.0,84.0,3.0,9.0,7.0,9.0,27.0,6.0,27.0,3.58,1.307,5.0,3.0,21.0,0.0,1.0,1.0,3.0,5.0,1.0,4.0,1.8,1.2,28.7,21.0,130.0,4.0,12.0,9.0,13.0,40.0,9.0,39.0,2.822,1.185
34,180,2023-06-22,TBR,,KCR,"L,5-6",8-8,BS(5),1,1.0,3.0,2.0,2.0,1.0,1.0,0.0,0,3.06,4.18,7.0,28.0,18.0,7,4,3,2,1,0,0,,0,0,1,0,0,6,0.0,0.0,0.0,0,0,0,3.46,-0.259,2.95,-0.13%,-1.5,-2.15,0.0,8t --- 0 out a2,8t 3 out tie,,2023-06-22,139,118,717659,2023,17.6,13.0,80.0,3.0,7.0,7.0,8.0,24.0,5.0,25.0,3.58,1.193,5.0,2.0,18.0,0.0,0.0,0.0,2.0,5.0,1.0,3.0,0.0,0.8,29.7,21.0,133.0,4.0,12.0,9.0,13.0,40.0,9.0,39.0,2.727,1.145
35,181,2023-06-25,TBR,,KCR,"W,3-1",8-8,H(8),2,1.0,0.0,0.0,0.0,0.0,1.0,0.0,0,2.97,4.1,3.0,13.0,9.0,1,1,0,2,0,1,0,,0,0,0,0,0,3,0.0,0.0,0.0,0,0,0,0.98,0.075,0.86,0.04%,0.5,4.25,6.0,8t --- 0 out a2,8t 3 out a2,,2023-06-25,139,118,717619,2023,17.6,15.0,83.0,3.0,9.0,9.0,9.0,24.0,5.0,27.0,4.602,1.364,5.0,5.0,22.0,0.0,2.0,2.0,3.0,5.0,1.0,6.0,3.6,1.6,30.7,24.0,140.0,4.0,14.0,11.0,14.0,41.0,9.0,42.0,3.225,1.238
36,182,2023-06-30,TBR,@,SEA,"W,15-4",8-8,,4,1.0,0.0,0.0,0.0,0.0,1.0,0.0,1,2.88,4.1,3.0,11.0,6.0,2,2,1,0,0,0,0,,0,0,0,0,0,2,0.0,0.0,0.0,1,0,0,0.04,0.002,0.03,0.00%,0.49,3.65,6.0,8b --- 0 out a8,8b 3 out a8,,2023-06-30,139,136,717548,2023,17.6,14.0,82.0,3.0,9.0,9.0,9.0,25.0,5.0,26.0,4.602,1.307,5.0,4.0,20.0,0.0,2.0,2.0,1.0,5.0,0.0,4.0,3.6,1.0,31.7,24.0,143.0,4.0,14.0,11.0,14.0,42.0,9.0,42.0,3.123,1.199
37,183,2023-07-02,TBR,@,SEA,"L,6-7",7-7,L(2-2),1,1.0,0.0,1.0,1.0,2.0,2.0,0.0,2,3.06,4.3,7.0,27.0,13.0,4,6,0,1,0,0,0,,0,0,0,0,0,3,0.0,0.0,0.0,0,0,0,2.73,-0.166,1.9,-0.07%,-0.52,1.85,6.0,7b --- 0 out tie,7b 3 out d1,,2023-07-02,139,136,717519,2023,17.6,13.0,81.0,3.0,9.0,9.0,9.0,23.0,5.0,25.0,4.602,1.25,5.0,3.0,19.0,0.0,2.0,2.0,1.0,5.0,0.0,3.0,3.6,0.8,32.7,24.0,146.0,4.0,14.0,11.0,14.0,43.0,9.0,42.0,3.028,1.162
38,184,2023-07-06,TBR,,PHI,"L,1-3",8-8,,3,1.0,0.0,0.0,0.0,0.0,0.0,0.0,0,2.97,4.27,3.0,9.0,7.0,2,1,2,1,0,1,0,,0,0,0,0,0,3,0.0,0.0,0.0,0,0,0,1.41,0.107,1.17,0.05%,0.5,2.25,3.0,8t --- 0 out tie,8t 3 out tie,,2023-07-06,139,143,717472,2023,18.4,12.0,85.0,2.0,9.0,9.0,11.0,25.0,4.0,21.0,4.402,1.25,5.0,3.0,23.0,0.0,3.0,3.0,3.0,5.0,0.0,3.0,5.4,1.2,33.7,24.0,153.0,4.0,15.0,12.0,16.0,45.0,9.0,42.0,3.205,1.187
39,185,2023-07-09,TBR,,ATL,"W,10-4",8-8,,2,1.0,1.0,0.0,0.0,0.0,1.0,0.0,0,2.89,4.19,4.0,13.0,10.0,3,0,0,3,1,0,0,,0,0,0,0,0,4,0.0,0.0,0.0,0,0,0,0.42,0.023,0.46,0.02%,0.5,3.65,6.0,8t --- 0 out a4,8t 3 out a4,,2023-07-09,139,144,717429,2023,18.4,12.0,85.0,2.0,9.0,9.0,11.0,25.0,4.0,21.0,4.402,1.25,5.0,3.0,23.0,0.0,3.0,3.0,3.0,5.0,0.0,3.0,5.4,1.2,34.7,24.0,156.0,4.0,15.0,12.0,16.0,45.0,9.0,42.0,3.112,1.153
40,186,2023-07-15,TBR,@,KCR,"W,6-1",7-7,H(9),5,1.0,0.0,0.0,0.0,0.0,1.0,0.0,0,2.82,4.12,3.0,14.0,8.0,2,1,2,0,0,0,0,,0,0,0,0,0,3,0.0,0.0,0.0,0,0,0,1.43,0.11,1.49,0.07%,0.52,4.25,6.0,7b --- 0 out a1,7b 3 out a1,1.0,2023-07-15,139,118,717411,2023,18.4,12.0,83.0,1.0,6.0,6.0,10.0,24.0,3.0,18.0,2.935,1.196,5.0,1.0,20.0,0.0,1.0,1.0,2.0,5.0,0.0,1.0,1.8,0.6,35.7,25.0,160.0,4.0,15.0,12.0,16.0,46.0,9.0,43.0,3.025,1.148
41,187,2023-07-17,TBR,@,TEX,"L,2-3",7-7,,1,1.0,1.0,0.0,0.0,0.0,1.0,0.0,0,2.75,4.04,4.0,12.0,8.0,2,1,1,2,1,1,0,,0,0,0,0,0,4,0.0,0.0,0.0,0,0,0,1.25,0.09,1.34,0.06%,0.53,3.65,6.0,7b --- 0 out tie,7b 3 out tie,,2023-07-17,139,140,717367,2023,18.4,11.0,82.0,1.0,6.0,6.0,10.0,23.0,3.0,17.0,2.935,1.141,5.0,1.0,20.0,0.0,1.0,1.0,2.0,5.0,0.0,1.0,1.8,0.6,36.7,25.0,163.0,4.0,15.0,12.0,16.0,47.0,9.0,43.0,2.943,1.117
42,188,2023-07-20,TBR,,BAL,"L,3-4",8-8,,2,1.0,0.0,0.0,0.0,0.0,2.0,0.0,0,2.68,3.92,3.0,15.0,12.0,4,3,1,0,0,0,0,,0,0,0,0,0,3,0.0,0.0,0.0,0,0,0,1.41,0.107,2.4,0.11%,0.5,6.25,9.0,8t --- 0 out tie,8t 3 out tie,,2023-07-20,139,110,717328,2023,19.2,12.0,84.0,1.0,6.0,6.0,10.0,23.0,3.0,18.0,2.812,1.146,5.0,2.0,21.0,0.0,1.0,1.0,2.0,5.0,0.0,2.0,1.8,0.8,37.7,26.0,167.0,4.0,15.0,12.0,16.0,48.0,9.0,44.0,2.865,1.114
43,189,2023-07-23,TBR,,BAL,"L,3-5",7-7,,2,0.2,1.0,0.0,0.0,0.0,1.0,0.0,0,2.63,3.86,3.0,18.0,11.0,2,1,0,2,1,0,0,,2,1,0,0,0,3,0.0,0.0,0.0,0,0,0,1.72,-0.051,3.11,-0.06%,-0.09,2.9,5.0,7t 12- 1 out d1,7t 3 out d2,,2023-07-23,139,110,717291,2023,20.1,9.0,82.0,0.0,4.0,4.0,9.0,25.0,1.0,10.0,1.791,0.896,5.0,2.0,17.0,0.0,0.0,0.0,0.0,5.0,0.0,2.0,0.0,0.4,38.7,26.0,170.0,4.0,15.0,12.0,16.0,50.0,9.0,44.0,2.791,1.085
44,190,2023-07-25,TBR,,MIA,"W,4-1",8-8,H(10),1,1.0,0.0,0.0,0.0,0.0,1.0,0.0,0,2.57,3.8,3.0,12.0,8.0,2,2,0,2,0,1,0,,0,0,0,0,0,3,0.0,0.0,0.0,0,0,0,0.56,0.043,0.7,0.03%,0.5,4.25,6.0,8t --- 0 out a3,8t 3 out a3,,2023-07-25,139,146,717270,2023,20.2,10.0,84.0,0.0,4.0,4.0,9.0,25.0,1.0,11.0,1.782,0.941,4.2,3.0,17.0,0.0,0.0,0.0,0.0,6.0,0.0,3.0,0.0,0.714,38.9,27.0,173.0,4.0,15.0,12.0,16.0,51.0,9.0,45.0,2.776,1.105
45,191,2023-07-30,TBR,@,HOU,"W,8-2",9-GF,,4,1.0,0.0,0.0,0.0,0.0,1.0,0.0,0,2.51,3.74,3.0,10.0,7.0,2,1,1,1,0,0,0,,0,0,0,0,0,3,0.0,0.0,0.0,0,0,0,0.04,0.003,0.05,0.00%,0.51,4.25,6.0,9b --- 0 out a6,9b end a 6,,2023-07-30,139,117,717196,2023,19.2,10.0,80.0,0.0,4.0,4.0,8.0,22.0,1.0,11.0,1.875,0.938,4.2,2.0,16.0,0.0,0.0,0.0,0.0,6.0,0.0,2.0,0.0,0.476,39.9,27.0,176.0,4.0,15.0,12.0,16.0,52.0,9.0,45.0,2.707,1.078
46,192,2023-08-05,TBR,@,DET,"L,2-4",8-GF(8),,5,1.0,1.0,0.0,0.0,0.0,1.0,0.0,0,2.45,3.69,4.0,11.0,7.0,2,1,1,2,0,0,0,,0,0,1,0,0,4,1.0,0.0,0.0,0,0,0,0.33,0.015,0.38,0.01%,0.52,3.65,6.0,8b --- 0 out d2,8b end d 2,,2023-08-05,139,116,717122,2023,19.2,9.0,78.0,0.0,4.0,4.0,7.0,20.0,1.0,10.0,1.875,0.833,4.2,2.0,16.0,0.0,0.0,0.0,0.0,6.0,0.0,2.0,0.0,0.476,40.9,27.0,179.0,4.0,15.0,12.0,16.0,53.0,9.0,45.0,2.641,1.051
47,193,2023-08-06,TBR,@,DET,"W,10-6",7-7,,0,1.0,1.0,2.0,2.0,1.0,2.0,1.0,0,2.8,3.94,5.0,20.0,13.0,3,5,1,1,0,0,0,,0,0,0,0,0,4,0.0,0.0,0.0,0,0,0,0.51,-0.066,0.56,-0.04%,-1.48,1.05,3.0,7b --- 0 out a4,7b 3 out a2,,2023-08-06,139,116,717103,2023,19.2,10.0,77.0,0.0,4.0,4.0,6.0,21.0,2.0,12.0,1.875,0.833,4.2,2.0,16.0,0.0,0.0,0.0,0.0,6.0,1.0,3.0,0.0,0.476,41.9,28.0,183.0,4.0,15.0,12.0,16.0,54.0,10.0,47.0,2.578,1.05
48,194,2023-08-08,TBR,,STL,"W,4-2",8-8,W(3-2),1,1.0,0.0,0.0,0.0,2.0,1.0,0.0,0,2.74,4.02,4.0,21.0,10.0,3,3,0,1,0,0,0,,0,0,0,1,0,2,0.0,0.0,0.0,0,0,0,2.06,0.107,2.26,0.07%,0.5,7.05,12.0,8t --- 0 out tie,8t 3 out tie,,2023-08-08,139,138,717085,2023,19.2,11.0,79.0,1.0,6.0,6.0,7.0,21.0,3.0,16.0,2.812,0.938,4.2,3.0,18.0,1.0,2.0,2.0,1.0,6.0,2.0,7.0,4.286,0.952,42.9,29.0,188.0,5.0,17.0,14.0,17.0,56.0,11.0,51.0,2.937,1.072
49,195,2023-08-11,TBR,,CLE,"W,9-8",8-8,,2,1.0,1.0,1.0,1.0,0.0,1.0,1.0,0,2.87,4.23,4.0,12.0,10.0,2,2,1,2,0,0,0,,0,0,0,0,0,4,0.0,0.0,0.0,0,0,0,0.39,0.008,0.48,0.01%,-0.5,1.65,3.0,8t --- 0 out a4,8t 3 out a3,,2023-08-11,139,114,717038,2023,19.2,10.0,77.0,1.0,5.0,5.0,8.0,22.0,3.0,15.0,2.344,0.938,5.0,2.0,19.0,1.0,2.0,2.0,3.0,6.0,2.0,6.0,3.6,1.0,43.9,29.0,192.0,5.0,17.0,14.0,19.0,57.0,11.0,51.0,2.87,1.093
50,196,2023-08-13,TBR,,CLE,"L,2-9",9-GF,,1,1.0,0.0,0.0,0.0,0.0,0.0,0.0,0,2.81,4.21,3.0,9.0,6.0,1,2,2,1,0,0,0,,0,0,0,0,0,3,0.0,0.0,0.0,0,0,0,0.0,0.0,0.0,0.00%,0.5,2.25,3.0,9t --- 0 out d7,9t end d 7,,2023-08-13,139,114,717010,2023,19.2,11.0,78.0,2.0,6.0,6.0,8.0,22.0,4.0,19.0,2.812,0.99,5.0,3.0,20.0,2.0,3.0,3.0,3.0,6.0,3.0,10.0,5.4,1.2,44.9,30.0,196.0,6.0,18.0,15.0,19.0,58.0,12.0,55.0,3.007,1.091
51,197,2023-08-16,TBR,@,SFG,"W,6-1",8-8,,2,1.0,0.0,0.0,0.0,1.0,1.0,0.0,0,2.76,4.21,3.0,14.0,7.0,4,0,1,0,0,0,0,,0,0,0,0,0,2,0.0,0.0,0.0,1,0,0,0.36,0.015,0.4,0.01%,0.51,3.65,6.0,8b --- 0 out a5,8b 3 out a5,,2023-08-16,139,137,716975,2023,19.2,10.0,76.0,2.0,6.0,6.0,6.0,21.0,3.0,17.0,2.812,0.833,5.0,3.0,20.0,2.0,3.0,3.0,3.0,5.0,3.0,10.0,5.4,1.2,45.9,30.0,199.0,6.0,18.0,15.0,19.0,58.0,12.0,55.0,2.941,1.068
52,198,2023-08-18,TBR,@,LAA,"W,9-6",7-7,BS(6),1,1.0,2.0,1.0,1.0,0.0,3.0,0.0,0,2.88,4.08,5.0,24.0,18.0,2,4,0,2,2,0,0,,0,0,0,0,0,5,1.0,0.0,0.0,0,0,0,2.09,-0.13,2.52,-0.09%,-0.47,5.05,9.0,7b --- 0 out a1,7b 3 out tie,,2023-08-18,139,108,716945,2023,19.2,9.0,75.0,2.0,6.0,6.0,7.0,21.0,3.0,16.0,2.812,0.833,5.0,2.0,19.0,2.0,3.0,3.0,4.0,5.0,2.0,8.0,5.4,1.2,46.9,30.0,202.0,6.0,18.0,15.0,20.0,59.0,12.0,55.0,2.878,1.066
53,199,2023-08-24,TBR,,COL,"W,5-3",7-8,W(4-2),5,2.0,0.0,0.0,0.0,0.0,5.0,0.0,0,2.77,3.85,6.0,25.0,18.0,6,8,0,1,0,0,0,,0,0,0,0,0,6,0.0,0.0,0.0,0,0,0,1.28,0.195,1.4,0.13%,1.0,18.5,27.0,7t --- 0 out tie,8t 3 out tie,,2023-08-24,139,115,716869,2023,19.2,11.0,77.0,2.0,7.0,7.0,7.0,22.0,4.0,19.0,3.281,0.938,5.0,3.0,19.0,1.0,2.0,2.0,3.0,6.0,2.0,7.0,3.6,1.2,47.9,32.0,207.0,6.0,19.0,16.0,20.0,62.0,13.0,58.0,3.006,1.086
54,200,2023-08-26,TBR,,NYY,"W,3-0",8-8,H(11),1,1.0,0.0,0.0,0.0,0.0,2.0,0.0,0,2.72,3.76,3.0,14.0,9.0,2,2,1,0,0,0,0,,0,0,0,0,0,3,0.0,0.0,0.0,0,0,0,0.56,0.043,0.53,0.02%,0.5,6.25,9.0,8t --- 0 out a3,8t 3 out a3,,2023-08-26,139,147,716845,2023,20.2,11.0,80.0,2.0,7.0,7.0,7.0,27.0,4.0,19.0,3.119,0.891,6.0,3.0,21.0,1.0,2.0,2.0,1.0,10.0,2.0,7.0,3.0,0.667,49.9,32.0,213.0,6.0,19.0,16.0,20.0,67.0,13.0,58.0,2.886,1.042
55,201,2023-08-27,TBR,,NYY,"W,7-4",9-GF,S(12),0,1.0,0.0,0.0,0.0,0.0,0.0,0.0,0,2.67,3.76,3.0,15.0,10.0,2,2,0,3,0,2,0,,0,0,0,0,0,3,0.0,0.0,0.0,0,0,0,0.43,0.033,0.39,0.02%,0.5,2.25,3.0,9t --- 0 out a3,9t end a 3,,2023-08-27,139,147,716828,2023,20.2,8.0,76.0,2.0,5.0,5.0,6.0,28.0,4.0,16.0,2.228,0.693,6.0,2.0,20.0,0.0,1.0,1.0,1.0,11.0,1.0,3.0,1.5,0.5,50.9,32.0,216.0,6.0,19.0,16.0,20.0,69.0,13.0,58.0,2.829,1.022
56,202,2023-09-22,TBR,,TOR,"L,2-6",9-9,,25,0.1,3.0,2.0,2.0,0.0,0.0,1.0,0,2.98,3.99,3.0,8.0,6.0,2,1,1,2,1,0,0,,0,0,0,1,0,3,2.0,0.0,0.0,0,0,0,0.25,-0.05,0.31,-0.04%,-1.44,-5.05,-5.0,9t --- 0 out d2,9t --3 1 out d3,,2023-09-22,139,141,716479,2023,20.2,8.0,76.0,2.0,5.0,5.0,6.0,27.0,4.0,16.0,2.228,0.693,6.0,2.0,20.0,0.0,1.0,1.0,1.0,11.0,1.0,3.0,1.5,0.5,51.9,32.0,219.0,6.0,19.0,16.0,20.0,69.0,13.0,58.0,2.775,1.002
1,203,2024-03-29,TBR,,TOR,"W,8-2",9-GF,,99,1.0,1.0,1.0,1.0,0.0,1.0,0.0,0,9.0,1.13,4.0,16.0,10.0,2,2,2,1,0,0,0,,0,0,0,0,0,3,1.0,0.0,0.0,0,1,0,0.03,0.001,0.03,0.00%,-0.5,1.65,3.0,9t --- 0 out a7,9t end a 6,,2024-03-29,139,141,745117,2024,19.3,11.0,76.0,3.0,7.0,7.0,6.0,26.0,7.0,24.0,3.264,0.881,5.1,5.0,20.0,1.0,3.0,3.0,0.0,10.0,4.0,11.0,5.294,0.98,19.3,11.0,76.0,3.0,7.0,7.0,6.0,26.0,7.0,24.0,3.264,0.881
2,204,2024-03-30,TBR,,TOR,"W,5-1",8-8,H(1),0,1.0,0.0,0.0,0.0,0.0,1.0,0.0,0,4.5,1.13,3.0,12.0,8.0,3,3,1,1,1,0,0,,0,0,0,0,0,3,0.0,0.0,0.0,0,0,0,0.56,0.043,0.53,0.02%,0.5,4.25,6.0,8t --- 0 out a3,8t 3 out a3,,2024-03-30,139,141,745119,2024,19.3,12.0,73.0,3.0,7.0,7.0,4.0,25.0,8.0,26.0,3.264,0.829,5.1,4.0,19.0,1.0,3.0,3.0,0.0,8.0,4.0,10.0,5.294,0.784,1.0,1.0,4.0,0.0,1.0,1.0,0.0,1.0,1.0,2.0,9.0,1.0
3,205,2024-04-02,TBR,,TEX,"W,5-2",8-8,,2,1.0,0.0,0.0,0.0,0.0,1.0,0.0,0,3.0,1.13,3.0,9.0,8.0,2,1,1,1,0,0,0,,0,0,0,0,0,3,0.0,0.0,0.0,0,0,0,0.3,0.023,0.25,0.01%,0.5,4.25,6.0,8t --- 0 out a4,8t 3 out a4,,2024-04-02,139,140,745111,2024,19.3,12.0,73.0,3.0,7.0,7.0,4.0,26.0,8.0,26.0,3.264,0.829,4.1,4.0,16.0,1.0,3.0,3.0,0.0,4.0,4.0,10.0,6.585,0.976,2.0,1.0,7.0,0.0,1.0,1.0,0.0,2.0,1.0,2.0,4.5,0.5
4,206,2024-04-05,TBR,@,COL,"L,7-10",9-GF,BS(1),2,0.1,1.0,1.0,1.0,0.0,1.0,1.0,0,5.4,4.63,2.0,4.0,4.0,0,3,0,1,0,0,0,,3,3,0,0,0,2,0.0,0.0,0.0,0,0,0,6.75,-0.246,5.63,-0.12%,-1.87,0.15,1.0,9b 123 0 out a1,9b end d 3,,2024-04-05,139,115,746576,2024,19.3,11.0,72.0,3.0,7.0,7.0,4.0,26.0,8.0,25.0,3.264,0.777,4.1,4.0,16.0,1.0,3.0,3.0,0.0,3.0,4.0,10.0,6.585,0.976,3.0,1.0,10.0,0.0,1.0,1.0,0.0,3.0,1.0,2.0,3.0,0.333
5,207,2024-04-06,TBR,@,COL,"W,8-6",8-8,H(2),0,1.0,0.0,0.0,0.0,0.0,1.0,0.0,0,4.15,3.82,3.0,14.0,10.0,2,2,0,2,0,1,0,,0,0,0,0,0,3,0.0,0.0,0.0,0,0,0,1.3,0.105,0.97,0.05%,0.6,4.25,6.0,8b --- 0 out a2,8b 3 out a2,,2024-04-06,139,115,746575,2024,18.4,12.0,71.0,4.0,8.0,8.0,4.0,26.0,9.0,29.0,3.913,0.87,3.2,5.0,15.0,2.0,4.0,4.0,0.0,4.0,5.0,14.0,11.25,1.563,3.1,2.0,12.0,1.0,2.0,2.0,0.0,4.0,2.0,6.0,5.806,0.645
6,208,2024-04-09,TBR,@,LAA,"W,6-4",8-8,H(3),2,1.0,1.0,0.0,0.0,0.0,0.0,0.0,0,3.38,3.69,3.0,11.0,6.0,2,1,1,2,1,0,0,,0,0,0,0,0,3,0.0,0.0,0.0,1,0,0,1.08,0.055,0.91,0.03%,0.53,1.65,3.0,8b --- 0 out a3,8b 3 out a3,,2024-04-09,139,108,746250,2024,18.4,11.0,70.0,4.0,8.0,8.0,4.0,26.0,9.0,28.0,3.913,0.815,4.1,2.0,15.0,1.0,2.0,2.0,0.0,5.0,2.0,6.0,4.39,0.488,4.1,2.0,15.0,1.0,2.0,2.0,0.0,5.0,2.0,6.0,4.39,0.488
7,209,2024-04-10,TBR,@,LAA,"W,4-2",8-8,H(4),0,1.0,1.0,0.0,0.0,0.0,1.0,0.0,0,2.84,3.29,3.0,18.0,13.0,2,4,0,2,2,0,0,,0,0,1,0,0,3,0.0,0.0,0.0,0,0,0,1.29,0.094,1.19,0.05%,0.53,3.65,6.0,8b --- 0 out a2,8b 3 out a2,,2024-04-10,139,108,746247,2024,18.4,12.0,70.0,4.0,8.0,8.0,4.0,24.0,9.0,29.0,3.913,0.87,4.1,2.0,14.0,1.0,1.0,1.0,0.0,4.0,1.0,5.0,2.195,0.488,5.1,3.0,18.0,1.0,2.0,2.0,0.0,5.0,2.0,7.0,3.529,0.588
8,210,2024-04-12,TBR,,SFG,"W,2-1",8-8,H(5),1,1.0,0.0,0.0,0.0,0.0,0.0,0.0,0,2.45,3.27,3.0,9.0,5.0,2,0,2,1,0,0,0,,0,0,0,0,0,3,0.0,0.0,0.0,0,0,0,1.59,0.121,1.41,0.06%,0.5,2.25,3.0,8t --- 0 out a1,8t 3 out a1,,2024-04-12,139,137,745112,2024,19.2,12.0,70.0,4.0,8.0,8.0,4.0,24.0,9.0,29.0,3.75,0.833,4.1,3.0,14.0,1.0,1.0,1.0,0.0,4.0,1.0,6.0,2.195,0.732,6.1,4.0,21.0,1.0,2.0,2.0,0.0,6.0,2.0,8.0,2.951,0.656
9,211,2024-04-15,TBR,,LAA,"L,3-7",7-7,H(6),2,0.2,0.0,0.0,0.0,1.0,0.0,0.0,0,2.25,3.63,2.0,8.0,4.0,1,2,1,0,0,0,0,,2,0,0,0,0,1,0.0,0.0,0.0,1,0,0,3.89,0.266,3.72,0.15%,1.41,0.9,2.0,7t -23 1 out a1,7t 3 out a1,,2024-04-15,139,108,745106,2024,19.2,12.0,70.0,4.0,8.0,8.0,4.0,23.0,9.0,29.0,3.75,0.833,4.1,3.0,14.0,1.0,1.0,1.0,0.0,3.0,1.0,6.0,2.195,0.732,7.1,4.0,24.0,1.0,2.0,2.0,0.0,6.0,2.0,8.0,2.535,0.563
10,212,2024-04-16,TBR,,LAA,"W,7-6",11-11,,0,1.0,0.0,1.0,0.0,1.0,0.0,0.0,1,2.0,4.24,5.0,20.0,12.0,2,2,0,3,0,1,0,,0,0,2,0,0,2,0.0,0.0,0.0,0,1,0,4.34,-0.056,4.1,-0.03%,0.12,1.05,3.0,11t -2- 0 out tie,11t 3 out d1,,2024-04-16,139,108,745108,2024,18.4,12.0,69.0,4.0,8.0,8.0,5.0,22.0,9.0,29.0,3.913,0.924,4.2,2.0,14.0,0.0,0.0,0.0,1.0,2.0,0.0,2.0,0.0,0.714,7.3,4.0,26.0,1.0,2.0,2.0,1.0,6.0,2.0,8.0,2.466,0.685
11,213,2024-04-20,TBR,@,NYY,"W,2-0",9-9,W(1-0),3,1.0,0.0,0.0,0.0,0.0,1.0,0.0,0,1.8,3.93,3.0,11.0,6.0,0,3,0,2,0,0,0,,0,0,0,0,0,3,0.0,0.0,0.0,0,0,0,1.84,0.142,1.85,0.09%,0.52,8.25,12.0,9b --- 0 out tie,9b 3 out tie,,2024-04-20,139,147,745760,2024,18.4,11.0,70.0,4.0,9.0,8.0,6.0,21.0,8.0,27.0,3.913,0.924,4.2,2.0,16.0,0.0,1.0,0.0,2.0,1.0,0.0,2.0,0.0,0.952,8.3,4.0,31.0,1.0,3.0,2.0,2.0,6.0,2.0,8.0,2.169,0.723
12,214,2024-04-24,TBR,,DET,"W,7-5",7-8,H(7),3,2.0,0.0,0.0,0.0,0.0,2.0,0.0,0,1.5,3.46,6.0,30.0,18.0,5,3,2,2,0,1,0,,0,0,0,0,0,6,0.0,0.0,0.0,0,0,0,0.95,0.145,0.79,0.07%,1.0,8.5,12.0,7t --- 0 out a2,8t 3 out a2,,2024-04-24,139,116,745099,2024,18.4,10.0,68.0,3.0,7.0,6.0,5.0,20.0,7.0,23.0,2.935,0.815,4.2,1.0,16.0,0.0,1.0,0.0,2.0,2.0,0.0,1.0,0.0,0.714,9.3,4.0,34.0,1.0,3.0,2.0,2.0,7.0,2.0,8.0,1.935,0.645
13,215,2024-04-27,TBR,@,CHW,"L,7-8",9-9,,2,1.0,0.0,0.0,0.0,1.0,1.0,0.0,0,1.38,3.52,4.0,13.0,8.0,2,2,1,1,0,1,0,,0,0,1,0,0,3,0.0,0.0,0.0,0,0,0,3.17,0.143,2.59,0.07%,0.53,3.65,6.0,9b --- 0 out tie,9b 3 out tie,,2024-04-27,139,145,746803,2024,19.4,10.0,70.0,3.0,7.0,6.0,3.0,21.0,7.0,23.0,2.784,0.67,5.2,0.0,19.0,0.0,1.0,0.0,2.0,3.0,0.0,0.0,0.0,0.385,11.3,4.0,40.0,1.0,3.0,2.0,2.0,9.0,2.0,8.0,1.593,0.531
14,216,2024-04-29,TBR,@,MIL,"W,1-0",9-GF,S(1),1,1.0,1.0,0.0,0.0,1.0,2.0,0.0,1,1.29,3.63,6.0,19.0,11.0,3,6,0,2,2,0,0,,0,0,2,0,0,4,1.0,0.0,0.0,0,0,0,6.41,0.206,4.54,0.09%,0.52,4.45,9.0,9b --- 0 out a1,9b end a 1,,2024-04-29,139,158,745999,2024,19.4,9.0,70.0,2.0,6.0,5.0,4.0,21.0,6.0,19.0,2.32,0.67,5.2,0.0,20.0,0.0,1.0,0.0,3.0,4.0,0.0,0.0,0.0,0.577,12.3,4.0,44.0,1.0,3.0,2.0,3.0,10.0,2.0,8.0,1.463,0.569
15,217,2024-05-03,TBR,,NYM,"W,10-8",9-GF,S(2),3,1.0,2.0,1.0,1.0,0.0,1.0,1.0,0,1.8,4.33,5.0,16.0,11.0,3,3,2,2,1,0,0,,0,0,0,0,0,5,1.0,0.0,0.0,0,0,0,0.77,0.033,0.49,0.01%,-0.5,1.05,3.0,9t --- 0 out a3,9t end a 2,,2024-05-03,139,121,745101,2024,19.4,10.0,73.0,2.0,6.0,5.0,5.0,23.0,7.0,21.0,2.32,0.773,6.0,1.0,24.0,0.0,1.0,0.0,3.0,6.0,1.0,2.0,0.0,0.667,13.3,5.0,50.0,1.0,3.0,2.0,4.0,12.0,3.0,10.0,1.353,0.677
16,218,2024-05-04,TBR,,NYM,"W,3-1",8-8,W(2-0),0,1.0,0.0,0.0,0.0,2.0,0.0,0.0,0,1.69,4.63,5.0,21.0,9.0,0,1,3,0,0,0,0,,0,0,1,0,0,3,0.0,0.0,1.0,0,0,0,2.57,0.107,1.77,0.04%,0.5,5.05,9.0,8t --- 0 out tie,8t 3 out tie,,2024-05-04,139,121,745100,2024,19.4,12.0,75.0,3.0,7.0,6.0,4.0,23.0,9.0,27.0,2.784,0.825,6.0,3.0,24.0,1.0,1.0,1.0,2.0,7.0,3.0,8.0,1.5,0.833,14.3,7.0,55.0,2.0,4.0,3.0,4.0,13.0,5.0,16.0,1.888,0.769
17,219,2024-05-10,TBR,,NYY,"L,0-2",8-8,,5,1.0,0.0,0.0,0.0,0.0,0.0,0.0,0,1.59,4.54,3.0,12.0,8.0,4,1,2,1,1,0,0,,0,0,0,0,0,3,0.0,0.0,0.0,0,0,0,0.68,0.052,0.58,0.03%,0.5,2.25,3.0,8t --- 0 out d1,8t 3 out d1,,2024-05-10,139,147,745094,2024,19.4,10.0,75.0,3.0,6.0,5.0,6.0,20.0,8.0,24.0,2.32,0.825,6.0,3.0,26.0,1.0,1.0,1.0,4.0,6.0,3.0,8.0,1.5,1.167,15.3,7.0,60.0,2.0,4.0,3.0,6.0,13.0,5.0,16.0,1.765,0.85
18,220,2024-05-11,TBR,,NYY,"W,7-2",7-7,H(8),0,0.1,1.0,0.0,0.0,0.0,0.0,0.0,0,1.56,4.52,2.0,7.0,5.0,1,1,0,2,1,0,0,,1,0,0,0,0,2,0.0,0.0,0.0,0,0,0,1.88,0.033,1.5,0.02%,0.23,0.15,1.0,7t 1-- 2 out a2,7t 3 out a2,,2024-05-11,139,147,745096,2024,18.4,10.0,72.0,3.0,6.0,5.0,6.0,15.0,8.0,24.0,2.446,0.87,5.0,3.0,23.0,1.0,1.0,1.0,4.0,4.0,3.0,8.0,1.8,1.4,16.3,7.0,63.0,2.0,4.0,3.0,6.0,13.0,5.0,16.0,1.656,0.798
19,221,2024-05-13,TBR,@,BOS,"W,5-3",9-GF,S(3),1,1.0,0.0,0.0,0.0,1.0,3.0,0.0,0,1.47,4.28,4.0,17.0,11.0,5,5,0,0,0,0,0,,0,0,0,0,0,3,0.0,0.0,0.0,0,0,0,2.46,0.1,1.91,0.05%,0.54,7.65,12.0,9b --- 0 out a2,9b end a 2,,2024-05-13,139,111,746961,2024,17.5,11.0,71.0,3.0,6.0,5.0,6.0,13.0,8.0,25.0,2.571,0.971,4.1,4.0,21.0,1.0,1.0,1.0,3.0,3.0,3.0,9.0,2.195,1.707,16.4,8.0,65.0,2.0,4.0,3.0,6.0,13.0,5.0,17.0,1.646,0.854
20,222,2024-05-14,TBR,@,BOS,"L,4-5",10-10,,0,1.0,0.0,0.0,0.0,0.0,0.0,0.0,0,1.4,4.22,2.0,9.0,6.0,1,1,1,1,1,0,0,,0,0,0,0,0,2,0.0,0.0,0.0,0,0,0,1.99,0.317,1.69,0.16%,1.17,2.25,3.0,10b -2- 0 out tie,10b 3 out tie,,2024-05-14,139,111,746962,2024,17.5,11.0,72.0,3.0,6.0,5.0,7.0,16.0,8.0,25.0,2.571,1.029,4.1,3.0,19.0,1.0,1.0,1.0,3.0,4.0,2.0,7.0,2.195,1.463,17.4,8.0,69.0,2.0,4.0,3.0,7.0,16.0,5.0,17.0,1.552,0.862
21,223,2024-05-16,TBR,@,BOS,"W,7-5",9-9,H(9),1,0.2,1.0,0.0,0.0,1.0,1.0,0.0,0,1.35,4.23,4.0,23.0,15.0,4,4,1,1,0,0,0,,0,0,0,0,0,3,0.0,0.0,0.0,0,0,0,1.37,-0.003,1.15,0.00%,0.02,2.3,5.0,9b --- 0 out a2,9b 1-3 2 out a2,,2024-05-16,139,111,746959,2024,18.4,8.0,71.0,2.0,4.0,3.0,7.0,16.0,5.0,17.0,1.467,0.815,4.1,1.0,16.0,0.0,0.0,0.0,3.0,3.0,0.0,1.0,0.0,0.976,18.4,8.0,71.0,2.0,4.0,3.0,7.0,16.0,5.0,17.0,1.467,0.815
22,224,2024-05-18,TBR,@,TOR,"W,5-4",8-8,H(10),1,1.0,1.0,0.0,0.0,0.0,1.0,0.0,1,1.29,4.23,5.0,18.0,12.0,3,3,3,0,0,0,0,,0,0,0,0,0,4,0.0,0.0,0.0,0,0,0,4.41,0.142,3.82,0.07%,0.51,3.05,6.0,8b --- 0 out a1,8b 3 out a1,,2024-05-18,139,141,744938,2024,17.6,8.0,71.0,2.0,3.0,2.0,8.0,16.0,4.0,16.0,1.023,0.909,3.3,2.0,15.0,0.0,0.0,0.0,2.0,4.0,0.0,2.0,0.0,1.212,18.6,9.0,75.0,2.0,4.0,3.0,8.0,17.0,5.0,18.0,1.452,0.914
23,225,2024-05-21,TBR,,BOS,"L,2-5",8-8,L(2-1),2,1.0,2.0,2.0,2.0,2.0,1.0,0.0,0,2.05,4.36,6.0,21.0,11.0,1,5,3,0,0,0,0,,0,0,4,0,0,4,0.0,0.0,1.0,0,0,0,1.89,-0.337,1.69,-0.18%,-1.5,-2.15,0.0,8t --- 0 out tie,8t 3 out d2,,2024-05-21,139,111,745090,2024,17.6,9.0,73.0,2.0,3.0,2.0,8.0,16.0,4.0,17.0,1.023,0.966,3.3,3.0,17.0,0.0,0.0,0.0,2.0,5.0,0.0,3.0,0.0,1.515,19.6,10.0,80.0,2.0,4.0,3.0,8.0,18.0,5.0,19.0,1.378,0.918
24,226,2024-05-25,TBR,,KCR,"L,4-7",8-8,,3,1.0,0.0,0.0,0.0,1.0,0.0,0.0,0,1.96,4.44,3.0,13.0,6.0,1,3,2,0,0,0,0,,0,0,0,0,1,2,0.0,0.0,0.0,0,0,0,1.76,0.107,1.14,0.04%,0.5,1.65,3.0,8t --- 0 out tie,8t 3 out tie,,2024-05-25,139,118,745086,2024,17.6,11.0,76.0,2.0,5.0,4.0,10.0,16.0,4.0,19.0,2.045,1.193,4.2,4.0,21.0,0.0,2.0,2.0,4.0,6.0,0.0,4.0,4.286,1.905,20.6,12.0,86.0,2.0,6.0,5.0,10.0,19.0,5.0,21.0,2.184,1.068
