Rk,Gcar,Date,Tm,Unnamed: 5,Opp,Rslt,Inngs,Dec,DR,IP,H,R,ER,BB,SO,HR,HBP,ERA,FIP,BF,Pit,Str,StL,StS,GB,FB,LD,PU,Unk,GSc,IR,IS,SB,CS,PO,AB,2B,3B,IBB,GDP,SF,ROE,aLI,WPA,acLI,cWPA,RE24,DFS(DK),DFS(FD),Entered,Exited,dbl,game_date,team_id,opp_id,game_id,season,IP_real,IP_real_20,H_20,BF_20,HR_20,R_20,ER_20,BB_20,SO_20,XB_against_20,TB_against_20,ERA_20,WHIP_20,IP_real_5,H_5,BF_5,HR_5,R_5,ER_5,BB_5,SO_5,XB_against_5,TB_against_5,ERA_5,WHIP_5,IP_real_current,H_current,BF_current,HR_current,R_current,ER_current,BB_current,SO_current,XB_against_current,TB_against_current,ERA_current,WHIP_current
1,11,2021-05-15,ARI,,WSN,"W,11-4",7-8,,99,1.0,2.0,0.0,0.0,0.0,1.0,0.0,0,0.0,1.17,5.0,,,4,1,3,1,1,0,0,,1.0,0.0,0,0,0,5,0.0,0.0,0.0,0,0,0,0.13,0.008,0.09,0.00%,0.51,,,7t 1-- 2 out a6,8t 1-- 2 out a6,,2021-05-15,109,120,634097,2021,1.0,0.0,0.0,0.0,0.0,0.0,0.0,0.0,0.0,0.0,0.0,0.0,0.0,0.0,0.0,0.0,0.0,0.0,0.0,0.0,0.0,0.0,0.0,0.0,0.0,0.0,0.0,0.0,0.0,0.0,0.0,0.0,0.0,0.0,0.0,,
2,12,2021-05-17,ARI,@,LAD,"L,1-3",7-7,,1,1.0,0.0,0.0,0.0,0.0,2.0,0.0,0,0.0,0.17,3.0,,,3,4,0,1,0,0,0,,0.0,0.0,0,0,0,3,0.0,0.0,0.0,0,0,0,0.33,0.025,0.25,0.01%,0.53,,,7b --- 0 out d2,7b 3 out d2,,2021-05-17,109,119,634091,2021,1.0,1.0,2.0,5.0,0.0,0.0,0.0,0.0,1.0,0.0,2.0,0.0,2.0,1.0,2.0,5.0,0.0,0.0,0.0,0.0,1.0,0.0,2.0,0.0,2.0,1.0,2.0,5.0,0.0,0.0,0.0,0.0,1.0,0.0,2.0,0.0,2.0
3,13,2021-05-19,ARI,@,LAD,"L,2-4",7-7,BL(0-1),1,0.1,2.0,2.0,1.0,1.0,1.0,0.0,1,3.86,2.31,6.0,26.0,15.0,6,2,0,3,2,0,0,,1.0,1.0,0,0,0,3,1.0,0.0,0.0,0,1,1,2.94,-0.482,1.78,-0.18%,-3.69,,,7b 1-- 0 out a1,7b 123 1 out d2,,2021-05-19,109,119,634033,2021,0.333,2.0,2.0,8.0,0.0,0.0,0.0,0.0,3.0,0.0,2.0,0.0,1.0,2.0,2.0,8.0,0.0,0.0,0.0,0.0,3.0,0.0,2.0,0.0,1.0,2.0,2.0,8.0,0.0,0.0,0.0,0.0,3.0,0.0,2.0,0.0,1.0
4,14,2021-05-23,ARI,@,COL,"L,3-4",2-2,,3,0.1,0.0,0.0,0.0,0.0,1.0,0.0,0,3.38,1.67,1.0,3.0,3.0,1,2,0,0,0,0,0,,2.0,0.0,0,0,0,1,0.0,0.0,0.0,0,0,0,1.46,0.039,0.44,0.01%,0.48,,,2b 12- 2 out d1,2b 3 out d1,,2021-05-23,109,115,633995,2021,0.333,2.333,4.0,14.0,0.0,2.0,1.0,1.0,4.0,1.0,5.0,3.857,2.143,2.333,4.0,14.0,0.0,2.0,1.0,1.0,4.0,1.0,5.0,3.857,2.143,2.333,4.0,14.0,0.0,2.0,1.0,1.0,4.0,1.0,5.0,3.857,2.143
5,15,2021-05-26,ARI,,SFG,"L,4-5",9-GF,,2,1.0,1.0,0.0,0.0,0.0,2.0,0.0,0,2.45,0.99,3.0,12.0,11.0,3,2,0,1,1,0,0,,0.0,0.0,0,1,0,3,0.0,0.0,0.0,0,0,0,0.73,0.039,0.16,0.01%,0.51,,,9t --- 0 out d1,9t end d 1,,2021-05-26,109,137,633939,2021,1.0,2.667,4.0,15.0,0.0,2.0,1.0,1.0,5.0,1.0,5.0,3.375,1.875,2.667,4.0,15.0,0.0,2.0,1.0,1.0,5.0,1.0,5.0,3.375,1.875,2.667,4.0,15.0,0.0,2.0,1.0,1.0,5.0,1.0,5.0,3.375,1.875
6,16,2021-05-28,ARI,,STL,"L,6-8",9-GF,,1,1.0,0.0,1.0,0.0,0.0,0.0,0.0,0,1.93,1.46,4.0,,,2,0,1,3,1,0,0,,0.0,0.0,1,0,0,3,0.0,0.0,0.0,0,1,1,0.32,-0.033,0.04,0.00%,-0.49,,,9t --- 0 out d2,9t end d 3,,2021-05-28,109,138,633987,2021,1.0,3.667,5.0,18.0,0.0,2.0,1.0,1.0,7.0,1.0,6.0,2.455,1.636,3.667,5.0,18.0,0.0,2.0,1.0,1.0,7.0,1.0,6.0,2.455,1.636,3.667,5.0,18.0,0.0,2.0,1.0,1.0,7.0,1.0,6.0,2.455,1.636
7,17,2021-05-29,ARI,,STL,"L,4-7",8-8,,0,1.0,2.0,0.0,0.0,1.0,0.0,0.0,0,1.59,2.29,5.0,24.0,15.0,1,4,0,4,3,1,0,,0.0,0.0,0,1,0,4,2.0,0.0,0.0,0,0,0,0.33,0.015,0.04,0.00%,0.51,,,8t --- 0 out d3,8t 3 out d3,,2021-05-29,109,138,633913,2021,1.0,4.667,5.0,22.0,0.0,3.0,1.0,1.0,7.0,1.0,6.0,1.929,1.286,3.667,3.0,17.0,0.0,3.0,1.0,1.0,6.0,1.0,4.0,2.455,1.091,4.667,5.0,22.0,0.0,3.0,1.0,1.0,7.0,1.0,6.0,1.929,1.286
8,18,2021-06-01,ARI,,NYM,"W,6-5",6-7,,2,1.2,2.0,2.0,2.0,2.0,0.0,0.0,0,3.68,3.31,8.0,27.0,14.0,2,2,3,3,1,1,0,,0.0,0.0,0,0,0,5,0.0,1.0,0.0,1,1,0,0.67,-0.094,0.05,0.00%,-1.22,,,6t --- 0 out d2,7t 1-- 2 out d1,,2021-06-01,109,121,633885,2021,1.667,5.667,7.0,27.0,0.0,3.0,1.0,2.0,7.0,3.0,10.0,1.588,1.588,3.667,5.0,19.0,0.0,3.0,1.0,2.0,4.0,3.0,8.0,2.455,1.909,5.667,7.0,27.0,0.0,3.0,1.0,2.0,7.0,3.0,10.0,1.588,1.588
9,19,2021-06-03,ARI,@,MIL,"L,4-7",5-5,,1,1.0,0.0,1.0,0.0,2.0,1.0,0.0,0,3.24,3.77,5.0,22.0,11.0,4,2,2,0,0,0,0,,0.0,0.0,0,0,0,3,0.0,0.0,0.0,0,0,0,0.72,-0.051,0.05,0.00%,-0.49,,,5b --- 0 out d2,5b 3 out d3,,2021-06-03,109,158,633876,2021,1.0,7.333,9.0,35.0,0.0,5.0,3.0,4.0,7.0,4.0,14.0,3.682,1.773,5.0,5.0,21.0,0.0,3.0,2.0,3.0,3.0,3.0,9.0,3.6,1.6,7.333,9.0,35.0,0.0,5.0,3.0,4.0,7.0,4.0,14.0,3.682,1.773
10,20,2021-06-04,ARI,@,MIL,"L,1-5",5-5,,0,0.1,0.0,0.0,0.0,0.0,0.0,0.0,0,3.12,3.75,1.0,6.0,3.0,1,0,1,0,0,0,0,,2.0,0.0,0,0,0,1,0.0,0.0,0.0,0,0,0,0.42,0.011,0.03,0.00%,0.44,,,5b 12- 2 out d4,5b 3 out d4,,2021-06-04,109,158,633846,2021,0.333,8.333,9.0,40.0,0.0,6.0,3.0,6.0,8.0,4.0,14.0,3.24,1.8,5.667,5.0,25.0,0.0,4.0,2.0,5.0,3.0,3.0,9.0,3.176,1.765,8.333,9.0,40.0,0.0,6.0,3.0,6.0,8.0,4.0,14.0,3.24,1.8
11,21,2021-06-09,ARI,@,OAK,"L,0-4",2-3,,4,1.1,0.0,0.0,0.0,0.0,1.0,0.0,0,2.7,3.47,4.0,19.0,13.0,3,2,2,1,0,0,0,,1.0,0.0,0,0,0,4,0.0,0.0,0.0,0,0,0,0.36,0.037,0.01,0.00%,0.72,,,2b 1-- 2 out d3,3b 3 out d3,,2021-06-09,109,133,633784,2021,1.333,8.667,9.0,41.0,0.0,6.0,3.0,6.0,8.0,4.0,14.0,3.115,1.731,5.0,4.0,23.0,0.0,4.0,2.0,5.0,1.0,3.0,8.0,3.6,1.8,8.667,9.0,41.0,0.0,6.0,3.0,6.0,8.0,4.0,14.0,3.115,1.731
12,22,2021-06-11,ARI,,LAA,"L,5-6",6-6,,1,0.2,3.0,1.0,1.0,0.0,1.0,0.0,0,3.38,3.26,5.0,,,4,2,1,3,3,0,0,,0.0,0.0,0,0,0,5,1.0,0.0,0.0,0,0,0,1.3,-0.126,0.03,0.00%,-1.1,,,6t --- 0 out d1,6t -23 2 out d2,,2021-06-11,109,108,633731,2021,0.667,10.0,9.0,45.0,0.0,6.0,3.0,6.0,9.0,4.0,14.0,2.7,1.5,5.333,4.0,23.0,0.0,3.0,2.0,5.0,2.0,3.0,8.0,3.375,1.688,10.0,9.0,45.0,0.0,6.0,3.0,6.0,9.0,4.0,14.0,2.7,1.5
13,23,2021-06-14,ARI,@,SFG,"L,2-5",6-6,,2,1.0,0.0,0.0,0.0,1.0,2.0,0.0,0,3.09,3.17,4.0,,,2,5,0,1,1,0,0,,0.0,0.0,0,0,0,3,0.0,0.0,0.0,0,0,0,0.83,0.047,0.01,0.00%,0.5,,,6b --- 0 out d1,6b 3 out d1,,2021-06-14,109,137,633734,2021,1.0,10.667,12.0,50.0,0.0,7.0,4.0,6.0,10.0,5.0,18.0,3.375,1.688,5.0,5.0,23.0,0.0,4.0,3.0,4.0,3.0,2.0,8.0,5.4,1.8,10.667,12.0,50.0,0.0,7.0,4.0,6.0,10.0,5.0,18.0,3.375,1.687
14,24,2021-06-15,ARI,@,SFG,"L,8-9",8-8,H(1),0,0.2,1.0,2.0,0.0,0.0,0.0,0.0,0,2.92,3.17,4.0,10.0,6.0,2,0,2,2,1,0,0,,0.0,0.0,0,0,0,4,1.0,0.0,0.0,0,0,1,2.22,-0.002,0.01,0.00%,0.0,,,8b --- 0 out a3,8b 1-3 2 out a3,,2021-06-15,109,137,633679,2021,0.667,11.667,12.0,54.0,0.0,7.0,4.0,7.0,12.0,5.0,18.0,3.086,1.629,4.333,3.0,19.0,0.0,2.0,1.0,3.0,5.0,1.0,4.0,2.077,1.385,11.667,12.0,54.0,0.0,7.0,4.0,7.0,12.0,5.0,18.0,3.086,1.629
15,25,2021-06-18,ARI,,LAD,"L,0-3",8-8,L(0-2),2,0.0,2.0,3.0,3.0,1.0,0.0,1.0,0,5.11,4.47,3.0,13.0,6.0,4,0,0,2,1,0,0,,0.0,0.0,0,0,0,2,1.0,0.0,0.0,0,0,0,1.39,-0.378,0.0,0.00%,-2.49,,,8t --- 0 out tie,8t -23 0 out d1,,2021-06-18,109,119,633604,2021,0.0,12.333,13.0,58.0,0.0,9.0,4.0,7.0,12.0,6.0,20.0,2.919,1.622,4.0,4.0,18.0,0.0,3.0,1.0,1.0,4.0,2.0,6.0,2.25,1.25,12.333,13.0,58.0,0.0,9.0,4.0,7.0,12.0,6.0,20.0,2.919,1.622
16,26,2021-06-20,ARI,,LAD,"L,8-9",7-7,,1,0.1,0.0,0.0,0.0,1.0,0.0,0.0,0,4.97,4.67,2.0,9.0,5.0,3,0,0,1,0,0,0,,1.0,0.0,0,0,0,1,0.0,0.0,0.0,0,0,0,0.04,0.001,0.0,0.00%,0.23,,,7t 1-- 2 out d7,7t 3 out d7,,2021-06-20,109,119,633582,2021,0.333,12.333,15.0,61.0,1.0,12.0,7.0,8.0,12.0,8.0,26.0,5.108,1.865,3.667,6.0,20.0,1.0,6.0,4.0,2.0,4.0,4.0,12.0,9.818,2.182,12.333,15.0,61.0,1.0,12.0,7.0,8.0,12.0,8.0,26.0,5.108,1.865
17,27,2021-06-22,ARI,,MIL,"L,0-5",6-6,,1,0.2,1.0,1.0,0.0,0.0,1.0,0.0,0,4.73,4.45,3.0,8.0,7.0,4,1,1,1,1,0,0,,0.0,0.0,0,1,0,3,0.0,0.0,0.0,0,0,1,1.13,0.029,0.0,0.00%,0.27,,,6t --- 0 out d1,6t 1-- 2 out d1,,2021-06-22,109,158,633603,2021,0.667,12.667,15.0,63.0,1.0,12.0,7.0,9.0,12.0,8.0,26.0,4.974,1.895,2.667,6.0,18.0,1.0,6.0,4.0,3.0,3.0,4.0,12.0,13.5,3.375,12.667,15.0,63.0,1.0,12.0,7.0,9.0,12.0,8.0,26.0,4.974,1.895
18,28,2021-06-23,ARI,,MIL,"L,2-3",7-7,,0,0.2,0.0,0.0,0.0,0.0,0.0,0.0,0,4.5,4.38,1.0,6.0,4.0,0,0,0,1,0,0,0,,2.0,1.0,0,1,1,0,0.0,0.0,0.0,0,1,0,0.82,-0.011,0.0,0.00%,0.19,,,7t 1-3 1 out d2,7t 3 out d3,,2021-06-23,109,158,633578,2021,0.667,13.333,16.0,66.0,1.0,13.0,7.0,9.0,13.0,8.0,27.0,4.725,1.875,2.667,4.0,16.0,1.0,6.0,3.0,3.0,3.0,3.0,9.0,10.125,2.625,13.333,16.0,66.0,1.0,13.0,7.0,9.0,13.0,8.0,27.0,4.725,1.875
19,29,2021-06-25,ARI,@,SDP,"L,5-11",5-5,,1,1.0,0.0,0.0,0.0,0.0,2.0,0.0,0,4.2,4.04,3.0,14.0,10.0,5,3,0,1,0,0,0,,0.0,0.0,0,0,0,3,0.0,0.0,0.0,0,0,0,0.25,0.019,0.0,0.00%,0.47,,,5b --- 0 out d3,5b 3 out d3,,2021-06-25,109,135,633492,2021,1.0,14.0,16.0,67.0,1.0,13.0,7.0,9.0,13.0,8.0,27.0,4.5,1.786,2.333,4.0,13.0,1.0,6.0,3.0,2.0,1.0,3.0,9.0,11.571,2.571,14.0,16.0,67.0,1.0,13.0,7.0,9.0,13.0,8.0,27.0,4.5,1.786
20,30,2021-06-26,ARI,@,SDP,"W,10-1",9-GF,,0,0.2,0.0,0.0,0.0,0.0,0.0,0.0,0,4.02,4.0,1.0,3.0,3.0,1,1,1,0,0,0,0,,3.0,0.0,0,0,0,1,0.0,0.0,0.0,1,0,0,0.02,0.001,0.0,0.00%,1.54,,,9b 123 1 out a9,9b end a 9,,2021-06-26,109,135,633512,2021,0.667,15.0,16.0,70.0,1.0,13.0,7.0,9.0,15.0,8.0,27.0,4.2,1.667,2.667,3.0,12.0,1.0,4.0,3.0,2.0,3.0,2.0,7.0,10.125,1.875,15.0,16.0,70.0,1.0,13.0,7.0,9.0,15.0,8.0,27.0,4.2,1.667
21,31,2021-06-29,ARI,@,STL,"L,2-3",8-GF(8),,2,1.0,0.0,0.0,0.0,0.0,1.0,0.0,0,3.78,3.83,3.0,11.0,9.0,4,2,2,0,0,0,0,,0.0,0.0,0,0,0,3,0.0,0.0,0.0,0,0,0,0.39,0.029,0.0,0.00%,0.48,,,8b --- 0 out d1,8b end d 1,,2021-06-29,109,138,633508,2021,1.0,15.667,16.0,71.0,1.0,13.0,7.0,9.0,15.0,8.0,27.0,4.021,1.596,3.333,1.0,10.0,0.0,1.0,0.0,1.0,3.0,0.0,1.0,0.0,0.6,15.667,16.0,71.0,1.0,13.0,7.0,9.0,15.0,8.0,27.0,4.021,1.596
22,32,2021-06-30,ARI,@,STL,"L,4-7",7-7,,0,1.0,0.0,0.0,0.0,0.0,0.0,0.0,0,3.57,3.79,3.0,6.0,4.0,0,0,1,2,1,0,0,,2.0,1.0,0,0,0,3,0.0,0.0,0.0,0,0,0,0.02,-0.001,0.0,0.00%,0.46,,,7b 12- 0 out d5,7b 3 out d6,,2021-06-30,109,138,633426,2021,1.0,15.667,14.0,69.0,1.0,13.0,7.0,9.0,15.0,8.0,25.0,4.021,1.468,4.0,1.0,11.0,0.0,1.0,0.0,0.0,4.0,0.0,1.0,0.0,0.25,16.667,16.0,74.0,1.0,13.0,7.0,9.0,16.0,8.0,27.0,3.78,1.5
23,33,2021-07-02,ARI,,SFG,"L,4-11",7-8,,1,1.1,1.0,0.0,0.0,0.0,2.0,0.0,0,3.32,3.54,4.0,13.0,9.0,2,3,2,0,0,0,0,,0.0,0.0,0,0,0,4,0.0,0.0,0.0,1,0,0,0.34,0.028,0.0,0.00%,0.74,,,7t --- 0 out d3,8t --- 1 out d3,,2021-07-02,109,137,633470,2021,1.333,15.667,14.0,69.0,1.0,13.0,7.0,9.0,13.0,8.0,25.0,4.021,1.468,4.333,0.0,11.0,0.0,0.0,0.0,0.0,3.0,0.0,0.0,0.0,0.0,17.667,16.0,77.0,1.0,13.0,7.0,9.0,16.0,8.0,27.0,3.566,1.415
24,34,2021-07-03,ARI,,SFG,"L,5-6",5-5,,0,0.2,2.0,0.0,0.0,0.0,1.0,0.0,0,3.2,3.42,4.0,13.0,11.0,3,1,1,2,2,0,0,,0.0,0.0,0,0,0,4,0.0,0.0,0.0,0,0,0,1.56,0.009,0.0,0.00%,0.07,,,5t --- 0 out tie,5t 12- 2 out tie,,2021-07-03,109,137,633388,2021,0.667,16.667,13.0,67.0,1.0,11.0,6.0,8.0,14.0,7.0,23.0,3.24,1.26,5.0,1.0,14.0,0.0,0.0,0.0,0.0,5.0,0.0,1.0,0.0,0.2,19.0,17.0,81.0,1.0,13.0,7.0,9.0,18.0,8.0,28.0,3.316,1.368
25,35,2021-07-06,ARI,,COL,"W,4-3",6-7,H(2),2,1.0,1.0,1.0,1.0,1.0,0.0,0.0,0,3.48,3.56,5.0,13.0,6.0,2,0,4,0,0,0,0,,2.0,0.0,0,0,0,3,0.0,0.0,0.0,0,0,0,2.8,0.018,0.0,0.00%,0.29,,,6t 1-3 1 out a1,7t -23 1 out a1,,2021-07-06,109,115,633381,2021,1.0,17.0,15.0,70.0,1.0,11.0,6.0,8.0,14.0,7.0,25.0,3.176,1.353,4.667,3.0,15.0,0.0,0.0,0.0,0.0,4.0,0.0,3.0,0.0,0.643,19.667,19.0,85.0,1.0,13.0,7.0,9.0,19.0,8.0,30.0,3.203,1.424
26,36,2021-07-07,ARI,,COL,"W,6-4",8-8,,0,0.0,2.0,3.0,2.0,0.0,0.0,0.0,0,4.35,3.56,3.0,14.0,8.0,0,2,2,1,0,0,0,,0.0,0.0,0,0,0,3,1.0,0.0,0.0,0,0,1,0.69,-0.107,0.0,0.00%,-2.62,,,8t --- 0 out a5,8t -2- 0 out a3,,2021-07-07,109,115,633355,2021,0.0,17.0,15.0,72.0,1.0,12.0,7.0,9.0,12.0,7.0,25.0,3.706,1.412,5.0,4.0,19.0,0.0,1.0,1.0,1.0,4.0,0.0,4.0,1.8,1.0,20.667,20.0,90.0,1.0,14.0,8.0,10.0,19.0,8.0,31.0,3.484,1.452
27,37,2021-07-09,ARI,@,LAD,"W,5-2",6-6,H(3),1,1.0,1.0,0.0,0.0,1.0,0.0,0.0,0,4.15,3.68,5.0,15.0,8.0,2,2,2,2,0,1,0,,0.0,0.0,0,0,0,4,0.0,0.0,0.0,0,0,0,2.27,0.089,0.0,0.00%,0.53,,,6b --- 0 out a1,6b 3 out a1,,2021-07-09,109,119,633320,2021,1.0,16.0,17.0,71.0,1.0,14.0,9.0,9.0,12.0,8.0,28.0,5.062,1.625,4.0,6.0,19.0,0.0,4.0,3.0,1.0,3.0,1.0,7.0,6.75,1.75,20.667,22.0,93.0,1.0,17.0,10.0,10.0,19.0,9.0,34.0,4.355,1.548
28,38,2021-07-11,ARI,@,LAD,"L,4-7",7-7,H(4),1,0.1,0.0,0.0,0.0,0.0,1.0,0.0,0,4.09,3.58,1.0,,,1,2,0,0,0,0,0,,1.0,0.0,0,0,0,1,0.0,0.0,0.0,0,0,0,1.1,0.032,0.0,0.00%,0.33,,,7b -2- 2 out a3,7b 3 out a3,,2021-07-11,109,119,633302,2021,0.333,16.0,16.0,71.0,1.0,14.0,9.0,9.0,12.0,6.0,25.0,5.062,1.562,4.0,7.0,21.0,0.0,4.0,3.0,2.0,3.0,1.0,8.0,6.75,2.25,21.667,23.0,98.0,1.0,17.0,10.0,11.0,19.0,9.0,35.0,4.154,1.569
29,39,2021-07-17,ARI,,CHC,"L,2-4",6-7,H(5),5,1.0,1.0,0.0,0.0,1.0,0.0,0.0,0,3.91,3.69,4.0,10.0,5.0,0,0,2,1,1,0,0,,2.0,0.0,0,0,0,3,0.0,0.0,0.0,1,0,0,2.07,0.131,0.0,0.00%,0.78,,,6t 1-3 2 out a1,7t 1-- 2 out a1,,2021-07-17,109,112,633319,2021,1.0,14.667,14.0,64.0,1.0,12.0,7.0,7.0,13.0,5.0,21.0,4.295,1.432,3.0,6.0,18.0,0.0,4.0,3.0,2.0,2.0,1.0,7.0,9.0,2.667,22.0,23.0,99.0,1.0,17.0,10.0,11.0,20.0,9.0,35.0,4.091,1.545
30,40,2021-07-19,ARI,,PIT,"W,4-2",7-7,H(6),1,0.1,0.0,0.0,0.0,0.0,1.0,0.0,0,3.86,3.6,1.0,,,1,2,0,0,0,0,0,,3.0,0.0,0,0,0,1,0.0,0.0,0.0,0,0,0,4.63,0.118,0.0,0.00%,0.78,,,7t 123 2 out a2,7t 3 out a2,,2021-07-19,109,134,633243,2021,0.333,14.667,15.0,63.0,1.0,11.0,7.0,6.0,12.0,5.0,22.0,4.295,1.432,3.333,5.0,18.0,0.0,4.0,3.0,3.0,1.0,1.0,6.0,8.1,2.4,23.0,24.0,103.0,1.0,17.0,10.0,12.0,20.0,9.0,36.0,3.913,1.565
31,41,2021-07-21,ARI,,PIT,"W,6-4",7-7,H(7),1,0.1,3.0,1.0,1.0,0.0,0.0,0.0,0,4.18,3.59,4.0,15.0,10.0,2,3,1,3,1,1,0,,0.0,0.0,0,0,0,4,0.0,0.0,0.0,0,0,0,2.27,-0.186,0.0,0.00%,-1.08,,,7t --- 0 out a1,7t 123 1 out a1,,2021-07-21,109,134,633260,2021,0.333,14.667,15.0,63.0,1.0,11.0,7.0,6.0,13.0,5.0,22.0,4.295,1.432,2.667,4.0,14.0,0.0,3.0,2.0,2.0,2.0,1.0,5.0,6.75,2.25,23.333,24.0,104.0,1.0,17.0,10.0,12.0,21.0,9.0,36.0,3.857,1.543
32,42,2021-07-25,ARI,@,CHC,"L,1-5",7-7,,3,0.1,1.0,0.0,0.0,0.0,0.0,0.0,0,4.13,3.59,1.0,2.0,2.0,1,0,1,0,0,0,0,,3.0,0.0,0,0,0,1,0.0,0.0,0.0,0,0,0,0.0,0.004,0.0,0.00%,0.78,,,7b 123 2 out d5,7b 3 out d5,,2021-07-25,109,112,633204,2021,0.333,13.667,18.0,63.0,1.0,12.0,8.0,6.0,12.0,5.0,25.0,5.268,1.756,3.0,5.0,15.0,0.0,1.0,1.0,2.0,2.0,0.0,5.0,3.0,2.333,23.667,27.0,108.0,1.0,18.0,11.0,12.0,21.0,9.0,39.0,4.183,1.648
33,43,2021-08-06,ARI,@,SDP,"W,8-5",7-7,H(8),11,1.0,0.0,0.0,0.0,0.0,0.0,0.0,0,3.96,3.57,3.0,11.0,9.0,3,0,1,2,0,1,0,,0.0,0.0,0,0,0,3,0.0,0.0,0.0,0,0,0,0.68,0.051,0.0,0.00%,0.47,,,7b --- 0 out a3,7b 3 out a3,,2021-08-06,109,135,633008,2021,1.0,13.333,16.0,59.0,1.0,11.0,7.0,6.0,11.0,4.0,22.0,4.725,1.65,2.333,5.0,11.0,0.0,1.0,1.0,1.0,2.0,0.0,5.0,3.857,2.571,24.0,28.0,109.0,1.0,18.0,11.0,12.0,21.0,9.0,40.0,4.125,1.667
34,44,2021-08-07,ARI,@,SDP,"L,2-6",8-GF(8),,0,1.0,2.0,1.0,1.0,1.0,2.0,0.0,0,4.15,3.52,6.0,,,2,6,2,1,1,0,0,,2.0,2.0,0,0,0,5,0.0,0.0,0.0,0,0,0,0.68,-0.068,0.0,0.00%,-1.55,,,8b 12- 0 out d1,8b end d 4,,2021-08-07,109,135,632988,2021,1.0,13.333,16.0,58.0,1.0,11.0,7.0,5.0,9.0,4.0,22.0,4.725,1.575,3.0,5.0,13.0,0.0,1.0,1.0,1.0,1.0,0.0,5.0,3.0,2.0,25.0,28.0,112.0,1.0,18.0,11.0,12.0,21.0,9.0,40.0,3.96,1.6
35,45,2021-08-10,ARI,@,SFG,"L,7-8",8-8,,2,0.1,1.0,1.0,0.0,1.0,0.0,0.0,0,4.1,3.63,3.0,,,3,0,1,1,1,0,0,,1.0,1.0,0,0,0,2,1.0,0.0,1.0,0,0,0,1.41,-0.239,0.0,0.00%,-1.3,,,8b 1-- 0 out tie,8b 1-3 1 out d1,,2021-08-10,109,137,632933,2021,0.333,13.667,17.0,60.0,1.0,10.0,8.0,6.0,11.0,3.0,22.0,5.268,1.683,3.0,6.0,15.0,0.0,2.0,2.0,1.0,3.0,0.0,6.0,6.0,2.333,26.0,30.0,118.0,1.0,19.0,12.0,13.0,23.0,9.0,42.0,4.154,1.654
36,46,2021-08-12,ARI,,SDP,"W,12-3",8-8,,1,1.0,1.0,0.0,0.0,0.0,1.0,0.0,0,3.95,3.54,4.0,,,4,2,1,2,1,0,0,,0.0,0.0,0,0,0,4,0.0,1.0,0.0,0,0,0,0.04,0.003,0.0,0.00%,0.51,,,8t --- 0 out a7,8t 3 out a7,,2021-08-12,109,135,632914,2021,1.0,14.0,16.0,60.0,0.0,8.0,5.0,6.0,11.0,2.0,18.0,3.214,1.571,3.0,7.0,17.0,0.0,3.0,2.0,2.0,2.0,1.0,8.0,6.0,3.0,26.333,31.0,121.0,1.0,20.0,12.0,14.0,23.0,10.0,44.0,4.101,1.709
37,47,2021-08-23,ARI,@,PIT,"L,5-6",7-7,BS(2),10,0.2,1.0,1.0,1.0,0.0,1.0,0.0,0,4.18,3.46,4.0,,,3,3,1,2,2,0,0,,1.0,1.0,0,0,0,4,0.0,1.0,0.0,0,0,1,2.16,-0.276,0.0,0.00%,-1.47,,,7b 1-- 1 out a2,7b 3 out tie,,2021-08-23,109,134,632798,2021,0.667,14.667,17.0,62.0,0.0,8.0,5.0,5.0,12.0,3.0,21.0,3.068,1.5,3.667,5.0,17.0,0.0,2.0,1.0,2.0,3.0,2.0,8.0,2.455,1.909,27.333,32.0,125.0,1.0,20.0,12.0,14.0,24.0,11.0,47.0,3.951,1.683
38,48,2021-08-25,ARI,@,PIT,"W,5-2",8-8,H(9),1,0.1,0.0,0.0,0.0,0.0,0.0,0.0,0,4.13,3.45,1.0,4.0,4.0,2,0,0,1,0,1,0,,2.0,0.0,0,0,0,1,0.0,0.0,0.0,0,0,0,1.9,0.049,0.0,0.00%,0.44,,,8b 12- 2 out a3,8b 3 out a3,,2021-08-25,109,134,632778,2021,0.333,14.667,17.0,63.0,0.0,8.0,6.0,5.0,12.0,4.0,23.0,3.682,1.5,4.0,5.0,20.0,0.0,3.0,2.0,2.0,4.0,3.0,10.0,4.5,1.75,28.0,33.0,129.0,1.0,21.0,13.0,14.0,25.0,12.0,50.0,4.179,1.679
39,49,2021-08-26,ARI,@,PHI,"W,8-7",6-6,,0,1.0,1.0,0.0,0.0,0.0,2.0,0.0,0,3.99,3.31,4.0,17.0,13.0,4,2,1,1,1,0,0,,0.0,0.0,0,0,0,4,0.0,0.0,0.0,0,0,0,0.73,0.038,0.0,0.00%,0.51,,,6b --- 0 out a4,6b 3 out a4,,2021-08-26,109,143,632746,2021,1.0,14.333,17.0,63.0,0.0,8.0,6.0,5.0,12.0,4.0,23.0,3.767,1.535,3.333,5.0,18.0,0.0,3.0,2.0,2.0,4.0,3.0,10.0,5.4,2.1,28.333,33.0,130.0,1.0,21.0,13.0,14.0,25.0,12.0,50.0,4.129,1.659
40,50,2021-08-29,ARI,@,PHI,"L,4-7",8-GF(8),,2,1.0,2.0,2.0,1.0,1.0,0.0,0.0,0,4.15,3.4,7.0,,,5,1,4,2,1,0,0,,0.0,0.0,0,0,0,6,0.0,2.0,1.0,0,0,1,0.46,-0.099,0.0,0.00%,-1.49,,,8b --- 0 out d1,8b end d 3,,2021-08-29,109,143,632673,2021,1.0,14.333,18.0,64.0,0.0,8.0,6.0,5.0,12.0,4.0,24.0,3.767,1.605,3.333,4.0,16.0,0.0,2.0,1.0,1.0,4.0,3.0,9.0,2.7,1.5,29.333,34.0,134.0,1.0,21.0,13.0,14.0,27.0,12.0,51.0,3.989,1.636
41,51,2021-08-30,ARI,,SDP,"L,5-7",8-8,,0,0.1,0.0,0.0,0.0,0.0,0.0,0.0,0,4.11,3.4,1.0,3.0,2.0,1,0,1,0,0,0,0,,1.0,0.0,0,0,0,1,0.0,0.0,0.0,0,0,0,0.89,0.025,0.0,0.00%,0.23,,,8t 1-- 2 out d1,8t 3 out d1,,2021-08-30,109,135,632703,2021,0.333,14.667,20.0,70.0,0.0,10.0,7.0,6.0,12.0,6.0,30.0,4.295,1.773,4.0,5.0,20.0,0.0,3.0,2.0,1.0,4.0,4.0,13.0,4.5,1.5,30.333,36.0,141.0,1.0,23.0,14.0,15.0,27.0,14.0,57.0,4.154,1.681
42,52,2021-09-03,ARI,,SEA,"L,5-6",8-8,,3,0.1,0.0,0.0,0.0,0.0,1.0,0.0,0,4.06,3.33,1.0,5.0,3.0,2,1,0,0,0,0,0,,1.0,0.0,0,0,0,1,0.0,0.0,0.0,0,0,0,2.75,0.078,0.0,0.00%,0.32,,,8t -2- 2 out tie,8t 3 out tie,,2021-09-03,109,136,632708,2021,0.333,14.0,20.0,68.0,0.0,10.0,7.0,6.0,11.0,6.0,30.0,4.5,1.857,3.333,4.0,17.0,0.0,3.0,2.0,1.0,3.0,3.0,10.0,5.4,1.5,30.667,36.0,142.0,1.0,23.0,14.0,15.0,27.0,14.0,57.0,4.109,1.663
43,53,2021-09-05,ARI,,SEA,"L,4-10",10-10,,1,1.0,1.0,0.0,0.0,0.0,0.0,0.0,0,3.94,3.33,3.0,6.0,4.0,1,0,1,2,1,0,0,,0.0,0.0,0,1,0,3,1.0,0.0,0.0,0,0,0,3.14,0.311,0.0,0.00%,1.13,,,10t -2- 0 out tie,10t 3 out tie,,2021-09-05,109,136,632601,2021,1.0,13.333,20.0,66.0,0.0,10.0,7.0,6.0,12.0,6.0,30.0,4.725,1.95,3.0,3.0,14.0,0.0,2.0,1.0,1.0,3.0,2.0,7.0,3.0,1.333,31.0,36.0,143.0,1.0,23.0,14.0,15.0,28.0,14.0,57.0,4.065,1.645
44,54,2021-09-08,ARI,,TEX,"L,5-8",6-6,,2,0.1,0.0,0.0,0.0,0.0,0.0,0.0,0,3.9,3.32,1.0,,,1,0,0,1,1,0,0,,2.0,0.0,0,0,0,1,0.0,0.0,0.0,0,0,0,0.95,0.028,0.0,0.00%,0.61,,,6t -23 2 out d3,6t 3 out d3,,2021-09-08,109,140,632573,2021,0.333,13.0,20.0,65.0,0.0,10.0,7.0,6.0,10.0,7.0,31.0,4.846,2.0,3.667,4.0,16.0,0.0,2.0,1.0,1.0,3.0,3.0,9.0,2.455,1.364,32.0,37.0,146.0,1.0,23.0,14.0,15.0,28.0,15.0,59.0,3.938,1.625
45,55,2021-09-11,ARI,@,SEA,"W,7-3",6-7,,2,1.1,2.0,0.0,0.0,0.0,3.0,0.0,0,3.74,3.14,6.0,18.0,13.0,3,2,1,2,2,0,0,,0.0,0.0,0,0,0,6,1.0,0.0,0.0,0,0,0,0.55,0.033,0.0,0.00%,0.4,,,6b --- 1 out a4,7b --3 2 out a4,,2021-09-11,109,136,632517,2021,1.333,12.667,18.0,62.0,0.0,10.0,7.0,6.0,9.0,7.0,29.0,4.974,1.895,3.0,3.0,13.0,0.0,2.0,1.0,1.0,1.0,3.0,8.0,3.0,1.333,32.333,37.0,147.0,1.0,23.0,14.0,15.0,28.0,15.0,59.0,3.897,1.608
46,56,2021-09-14,ARI,@,LAD,"L,4-8",7-7,,2,0.1,0.0,0.0,0.0,0.0,0.0,0.0,0,3.71,3.14,1.0,5.0,2.0,0,1,0,1,1,0,0,,1.0,0.0,0,0,0,1,0.0,0.0,0.0,0,0,0,0.13,0.003,0.0,0.00%,0.24,,,7b 1-- 2 out d4,7b 3 out d4,,2021-09-14,109,119,632505,2021,0.333,13.0,19.0,63.0,0.0,9.0,6.0,5.0,12.0,8.0,31.0,4.154,1.846,3.333,3.0,12.0,0.0,0.0,0.0,0.0,4.0,2.0,5.0,0.0,0.9,33.667,39.0,153.0,1.0,23.0,14.0,15.0,31.0,16.0,62.0,3.743,1.604
47,57,2021-09-15,ARI,@,LAD,"L,3-5",6-6,,0,0.2,2.0,0.0,0.0,0.0,0.0,0.0,0,3.63,3.14,3.0,9.0,8.0,4,1,3,0,0,0,0,,2.0,1.0,0,0,0,3,0.0,0.0,0.0,1,0,0,1.15,-0.026,0.0,0.00%,0.02,,,6b 12- 0 out d1,6b 1-3 2 out d2,,2021-09-15,109,119,632484,2021,0.667,13.333,17.0,61.0,0.0,6.0,4.0,5.0,12.0,7.0,28.0,2.7,1.65,3.333,3.0,12.0,0.0,0.0,0.0,0.0,4.0,2.0,5.0,0.0,0.9,34.0,39.0,154.0,1.0,23.0,14.0,15.0,31.0,16.0,62.0,3.706,1.588
48,58,2021-09-17,ARI,@,HOU,"L,3-4",9-9,,1,0.1,0.0,0.0,0.0,0.0,1.0,0.0,0,3.6,3.08,1.0,,,0,2,0,0,0,0,0,,2.0,0.0,0,0,0,1,0.0,0.0,0.0,0,0,0,4.65,0.138,0.0,0.00%,0.62,,,9b -23 2 out tie,9b 3 out tie,,2021-09-17,109,117,632469,2021,0.333,13.0,18.0,59.0,0.0,6.0,4.0,4.0,12.0,7.0,29.0,2.769,1.692,3.667,5.0,14.0,0.0,0.0,0.0,0.0,3.0,2.0,7.0,0.0,1.364,34.667,41.0,157.0,1.0,23.0,14.0,15.0,31.0,16.0,64.0,3.635,1.615
49,59,2021-09-18,ARI,@,HOU,"W,6-4",8-8,,0,1.0,0.0,0.0,0.0,0.0,1.0,0.0,0,3.5,3.03,3.0,6.0,6.0,2,1,1,1,0,1,0,,0.0,0.0,0,0,0,3,0.0,0.0,0.0,0,0,0,1.42,0.11,0.0,0.00%,0.53,,,8b --- 0 out tie,8b 3 out tie,,2021-09-18,109,117,632456,2021,1.0,13.0,18.0,59.0,0.0,6.0,4.0,4.0,12.0,7.0,29.0,2.769,1.692,3.0,4.0,12.0,0.0,0.0,0.0,0.0,4.0,1.0,5.0,0.0,1.333,35.0,41.0,158.0,1.0,23.0,14.0,15.0,32.0,16.0,64.0,3.6,1.6
50,60,2021-09-21,ARI,,ATL,"L,1-6",7-7,,2,0.1,0.0,0.0,0.0,0.0,1.0,0.0,0,3.47,2.98,1.0,6.0,5.0,1,2,0,0,0,0,0,,1.0,0.0,0,0,0,1,0.0,0.0,0.0,0,0,0,0.22,0.006,0.0,0.00%,0.23,,,7t 1-- 2 out d4,7t 3 out d4,,2021-09-21,109,144,632428,2021,0.333,13.0,17.0,58.0,0.0,6.0,4.0,3.0,13.0,7.0,28.0,2.769,1.538,3.667,4.0,14.0,0.0,0.0,0.0,0.0,5.0,1.0,5.0,0.0,1.091,36.0,41.0,161.0,1.0,23.0,14.0,15.0,33.0,16.0,64.0,3.5,1.556
51,61,2021-09-24,ARI,,LAD,"L,2-4",6-6,,2,0.1,0.0,0.0,0.0,0.0,1.0,0.0,0,3.44,2.92,1.0,4.0,3.0,2,1,0,0,0,0,0,,2.0,0.0,0,0,0,1,0.0,0.0,0.0,0,0,0,1.38,0.038,0.0,0.00%,0.5,,,6t 1-3 2 out d2,6t 3 out d2,,2021-09-24,109,119,632340,2021,0.333,13.0,17.0,58.0,0.0,6.0,4.0,3.0,13.0,7.0,28.0,2.769,1.538,2.667,2.0,9.0,0.0,0.0,0.0,0.0,3.0,0.0,2.0,0.0,0.75,36.333,41.0,162.0,1.0,23.0,14.0,15.0,34.0,16.0,64.0,3.468,1.541
52,62,2021-09-25,ARI,,LAD,"W,7-2",7-7,H(10),0,1.0,1.0,0.0,0.0,0.0,0.0,0.0,0,3.35,2.93,3.0,7.0,6.0,2,0,2,1,1,0,0,,0.0,0.0,0,0,0,3,0.0,0.0,0.0,1,0,0,0.92,0.047,0.0,0.00%,0.51,,,7t --- 0 out a3,7t 3 out a3,,2021-09-25,109,119,632353,2021,1.0,13.0,14.0,55.0,0.0,5.0,3.0,3.0,14.0,7.0,25.0,2.077,1.308,2.667,2.0,9.0,0.0,0.0,0.0,0.0,4.0,0.0,2.0,0.0,0.75,36.667,41.0,163.0,1.0,23.0,14.0,15.0,35.0,16.0,64.0,3.436,1.527
53,63,2021-09-26,ARI,,LAD,"L,0-3",6-6,,0,0.1,0.0,0.0,0.0,0.0,1.0,0.0,0,3.32,2.88,1.0,4.0,3.0,0,1,0,0,0,0,0,,2.0,0.0,0,0,0,1,0.0,0.0,0.0,0,0,0,0.82,0.021,0.0,0.00%,0.44,,,6t 12- 2 out d3,6t 3 out d3,,2021-09-26,109,119,632337,2021,0.333,13.667,14.0,57.0,0.0,5.0,3.0,3.0,14.0,7.0,25.0,1.976,1.244,3.0,1.0,9.0,0.0,0.0,0.0,0.0,4.0,0.0,1.0,0.0,0.333,37.667,42.0,166.0,1.0,23.0,14.0,15.0,35.0,16.0,65.0,3.345,1.513
54,64,2021-09-28,ARI,@,SFG,"L,4-6",6-6,,1,0.2,1.0,0.0,0.0,0.0,0.0,0.0,0,3.26,2.89,3.0,6.0,5.0,0,1,2,1,1,0,0,,3.0,2.0,0,0,0,3,0.0,0.0,0.0,0,0,0,0.86,-0.044,0.0,0.00%,-0.43,,,6b 123 1 out d2,6b 3 out d4,,2021-09-28,109,137,632307,2021,0.667,13.0,14.0,55.0,0.0,5.0,3.0,3.0,15.0,7.0,25.0,2.077,1.308,3.0,1.0,9.0,0.0,0.0,0.0,0.0,4.0,0.0,1.0,0.0,0.333,38.0,42.0,167.0,1.0,23.0,14.0,15.0,36.0,16.0,65.0,3.316,1.5
55,65,2021-09-30,ARI,@,SFG,"L,4-5",9-GF,L(0-3),1,0.1,2.0,1.0,1.0,2.0,0.0,0.0,0,3.46,3.04,5.0,,,2,2,1,2,0,0,0,,0.0,0.0,0,0,0,3,1.0,0.0,1.0,0,0,0,3.43,-0.363,0.0,0.00%,-2.07,,,9b --- 0 out tie,9b end d 1,,2021-09-30,109,137,632278,2021,0.333,12.667,13.0,52.0,0.0,4.0,2.0,2.0,13.0,7.0,24.0,1.421,1.184,2.667,2.0,9.0,0.0,0.0,0.0,0.0,3.0,0.0,2.0,0.0,0.75,38.667,43.0,170.0,1.0,23.0,14.0,15.0,36.0,16.0,66.0,3.259,1.5
56,66,2021-10-01,ARI,,COL,"L,7-9",6-6,H(11),0,0.1,0.0,0.0,0.0,0.0,1.0,0.0,0,3.43,2.99,1.0,4.0,3.0,2,0,0,0,0,0,0,,0.0,0.0,0,0,0,1,0.0,0.0,0.0,0,0,0,0.67,0.017,0.0,0.00%,0.11,,,6t --- 2 out a1,6t 3 out a1,,2021-10-01,109,115,632276,2021,0.333,12.667,14.0,54.0,0.0,4.0,3.0,3.0,13.0,7.0,25.0,2.132,1.342,2.667,4.0,13.0,0.0,1.0,1.0,2.0,2.0,1.0,5.0,3.375,2.25,39.0,45.0,175.0,1.0,24.0,15.0,17.0,36.0,17.0,69.0,3.462,1.59
57,67,2021-10-03,ARI,,COL,"W,5-4",5-5,,1,0.1,0.0,0.0,0.0,0.0,1.0,0.0,0,3.4,2.94,1.0,3.0,3.0,1,2,0,0,0,0,0,,1.0,0.0,0,0,0,1,0.0,0.0,0.0,0,0,0,0.53,0.015,0.0,0.00%,0.37,,,5t --3 2 out d4,5t 3 out d4,,2021-10-03,109,115,632253,2021,0.333,12.0,13.0,51.0,0.0,4.0,3.0,3.0,13.0,6.0,22.0,2.25,1.333,2.667,4.0,13.0,0.0,1.0,1.0,2.0,2.0,1.0,5.0,3.375,2.25,39.333,45.0,176.0,1.0,24.0,15.0,17.0,37.0,17.0,69.0,3.432,1.576
1,68,2022-04-07,ARI,,SDP,"W,4-2",9-GF,W(1-0),99,1.0,0.0,0.0,0.0,1.0,1.0,0.0,0,0.0,4.11,4.0,18.0,11.0,6,0,1,1,0,0,0,,0.0,0.0,0,0,0,3,0.0,0.0,0.0,0,0,0,0.29,0.017,0.28,0.01%,0.49,7.65,12.0,9t --- 0 out d2,9t end d 2,,2022-04-07,109,135,663418,2022,1.0,11.667,12.0,48.0,0.0,3.0,2.0,3.0,13.0,5.0,19.0,1.543,1.286,2.0,3.0,11.0,0.0,1.0,1.0,2.0,3.0,1.0,4.0,4.5,2.5,0.0,0.0,0.0,0.0,0.0,0.0,0.0,0.0,0.0,0.0,,
2,69,2022-04-09,ARI,,SDP,"L,2-5",6-6,,1,1.0,1.0,0.0,0.0,0.0,0.0,0.0,0,0.0,3.61,4.0,19.0,13.0,5,1,2,2,1,1,0,,0.0,0.0,0,0,0,4,0.0,0.0,0.0,0,0,0,0.76,0.054,0.73,0.03%,0.49,1.65,3.0,6t --- 0 out d1,6t 3 out d1,,2022-04-09,109,135,663404,2022,1.0,12.333,12.0,51.0,0.0,3.0,2.0,4.0,14.0,5.0,19.0,1.459,1.297,2.667,3.0,14.0,0.0,1.0,1.0,3.0,3.0,1.0,4.0,3.375,2.25,1.0,0.0,4.0,0.0,0.0,0.0,1.0,1.0,0.0,0.0,0.0,1.0
3,70,2022-04-12,ARI,,HOU,"L,1-2",7-7,,2,0.1,1.0,0.0,0.0,0.0,0.0,0.0,0,0.0,3.54,2.0,4.0,4.0,0,0,2,0,0,0,0,,1.0,0.0,0,0,0,2,0.0,0.0,0.0,0,0,0,2.21,0.041,1.71,0.02%,0.23,0.15,1.0,7t 1-- 2 out tie,7t 3 out tie,,2022-04-12,109,117,663411,2022,0.333,12.333,12.0,51.0,0.0,3.0,2.0,4.0,12.0,5.0,19.0,1.459,1.297,3.0,3.0,15.0,0.0,1.0,1.0,3.0,3.0,1.0,4.0,3.0,2.0,2.0,1.0,8.0,0.0,0.0,0.0,1.0,1.0,0.0,1.0,0.0,1.0
4,71,2022-04-16,ARI,@,NYM,"W,3-2",7-7,H(1),3,0.2,1.0,0.0,0.0,0.0,1.0,0.0,0,0.0,2.78,3.0,,,2,1,1,1,1,0,0,,0.0,0.0,0,0,0,3,0.0,0.0,0.0,0,0,0,0.61,0.025,0.47,0.01%,0.25,2.9,5.0,7b --- 1 out a3,7b 3 out a3,,2022-04-16,109,121,662626,2022,0.667,11.667,11.0,46.0,0.0,1.0,1.0,3.0,12.0,3.0,14.0,0.771,1.2,3.0,2.0,12.0,0.0,0.0,0.0,1.0,3.0,0.0,2.0,0.0,1.0,2.333,2.0,10.0,0.0,0.0,0.0,1.0,1.0,0.0,2.0,0.0,1.286
5,72,2022-04-19,ARI,@,WSN,"L,0-1",8-GF(8),,2,1.0,0.0,0.0,0.0,0.0,0.0,0.0,0,0.0,2.86,3.0,,,2,2,2,1,0,1,0,,0.0,0.0,0,0,0,3,0.0,0.0,0.0,0,0,0,0.38,0.028,0.27,0.01%,0.47,2.25,3.0,8b --- 0 out d1,8b end d 1,2.0,2022-04-19,109,120,662583,2022,1.0,12.0,12.0,48.0,0.0,1.0,1.0,3.0,13.0,3.0,15.0,0.75,1.25,3.333,3.0,14.0,0.0,0.0,0.0,1.0,3.0,0.0,3.0,0.0,1.2,3.0,3.0,13.0,0.0,0.0,0.0,1.0,2.0,0.0,3.0,0.0,1.333
6,73,2022-04-21,ARI,@,WSN,"W,4-3",6-7,H(2),1,1.2,1.0,0.0,0.0,0.0,0.0,0.0,0,0.0,2.94,5.0,,,3,0,3,2,0,0,0,,0.0,0.0,0,0,0,5,0.0,0.0,0.0,1,0,0,1.4,0.133,1.02,0.06%,0.84,3.15,5.0,6b --- 0 out a2,7b --- 2 out a2,,2022-04-21,109,120,662558,2022,1.667,12.667,12.0,50.0,0.0,1.0,1.0,3.0,12.0,3.0,15.0,0.711,1.184,4.0,3.0,16.0,0.0,0.0,0.0,1.0,2.0,0.0,3.0,0.0,1.0,4.0,3.0,16.0,0.0,0.0,0.0,1.0,2.0,0.0,3.0,0.0,1.0
7,74,2022-04-23,ARI,,NYM,"W,5-2",9-GF,S(1),1,1.0,0.0,0.0,0.0,0.0,1.0,0.0,0,0.0,2.66,3.0,12.0,8.0,3,1,2,0,0,0,0,,0.0,0.0,0,0,0,3,0.0,0.0,0.0,0,0,0,0.42,0.032,0.29,0.01%,0.49,4.25,6.0,9t --- 0 out a3,9t end a 3,,2022-04-23,109,121,663384,2022,1.0,13.333,12.0,52.0,0.0,1.0,1.0,3.0,12.0,2.0,14.0,0.675,1.125,4.667,4.0,17.0,0.0,0.0,0.0,0.0,1.0,0.0,4.0,0.0,0.857,5.667,4.0,21.0,0.0,0.0,0.0,1.0,2.0,0.0,4.0,0.0,0.882
8,75,2022-04-26,ARI,,LAD,"W,5-3",7-8,,2,1.0,3.0,0.0,0.0,0.0,0.0,0.0,0,0.0,2.72,5.0,16.0,11.0,3,2,1,4,3,0,0,,0.0,0.0,0,0,0,5,0.0,0.0,0.0,0,0,0,1.97,0.018,1.31,0.01%,0.11,0.45,3.0,7t --- 0 out tie,8t 1-- 0 out tie,,2022-04-26,109,119,663383,2022,1.0,14.0,12.0,54.0,0.0,1.0,1.0,3.0,13.0,2.0,14.0,0.643,1.071,4.667,3.0,16.0,0.0,0.0,0.0,0.0,2.0,0.0,3.0,0.0,0.643,6.667,4.0,24.0,0.0,0.0,0.0,1.0,3.0,0.0,4.0,0.0,0.75
9,76,2022-04-29,ARI,@,STL,"W,6-2",8-8,,2,0.1,0.0,0.0,0.0,0.0,0.0,0.0,0,0.0,2.74,1.0,5.0,5.0,1,1,0,1,0,1,0,,0.0,0.0,0,0,0,1,0.0,0.0,0.0,0,0,0,0.14,0.004,0.1,0.00%,0.1,0.75,1.0,8b --- 2 out a4,8b 3 out a4,,2022-04-29,109,138,662037,2022,0.333,13.667,13.0,53.0,0.0,1.0,1.0,3.0,10.0,1.0,14.0,0.659,1.171,5.333,5.0,19.0,0.0,0.0,0.0,0.0,2.0,0.0,5.0,0.0,0.937,7.667,7.0,29.0,0.0,0.0,0.0,1.0,3.0,0.0,7.0,0.0,1.043
10,77,2022-05-02,ARI,@,MIA,"W,5-4",8-8,H(3),2,1.0,0.0,0.0,0.0,0.0,1.0,0.0,0,0.0,2.56,3.0,10.0,8.0,3,2,0,2,1,0,0,,0.0,0.0,0,0,0,3,0.0,0.0,0.0,0,0,0,1.85,0.14,1.3,0.06%,0.49,4.25,6.0,8b --- 0 out a1,8b 3 out a1,,2022-05-02,109,146,661362,2022,1.0,13.667,13.0,53.0,0.0,1.0,1.0,3.0,10.0,1.0,14.0,0.659,1.171,5.0,4.0,17.0,0.0,0.0,0.0,0.0,1.0,0.0,4.0,0.0,0.8,8.0,7.0,30.0,0.0,0.0,0.0,1.0,3.0,0.0,7.0,0.0,1.0
11,78,2022-05-03,ARI,@,MIA,"W,5-4",9-GF,S(2),0,1.0,0.0,0.0,0.0,0.0,0.0,0.0,0,0.0,2.61,3.0,10.0,8.0,2,2,3,0,0,0,0,,0.0,0.0,0,0,0,3,0.0,0.0,0.0,0,0,0,2.62,0.198,1.98,0.09%,0.49,2.25,3.0,9b --- 0 out a1,9b end a 1,,2022-05-03,109,146,661364,2022,1.0,14.0,11.0,53.0,0.0,1.0,1.0,3.0,11.0,1.0,12.0,0.643,1.0,5.0,4.0,17.0,0.0,0.0,0.0,0.0,2.0,0.0,4.0,0.0,0.8,9.0,7.0,33.0,0.0,0.0,0.0,1.0,4.0,0.0,7.0,0.0,0.889
12,79,2022-05-04,ARI,@,MIA,"W,8-7",8-8,BS(1),0,0.1,2.0,1.0,1.0,0.0,0.0,0.0,0,0.87,2.63,3.0,12.0,9.0,2,1,2,1,1,0,0,,1.0,1.0,0,0,0,3,0.0,0.0,0.0,0,0,0,4.58,-0.299,3.9,-0.15%,-0.98,-2.45,-2.0,8b 1-- 1 out a1,8b 1-3 2 out tie,,2022-05-04,109,146,661363,2022,0.333,14.667,11.0,55.0,0.0,1.0,1.0,3.0,10.0,1.0,12.0,0.614,0.955,4.333,3.0,15.0,0.0,0.0,0.0,0.0,2.0,0.0,3.0,0.0,0.692,10.0,7.0,36.0,0.0,0.0,0.0,1.0,4.0,0.0,7.0,0.0,0.8
13,80,2022-05-07,ARI,,COL,"L,1-4",7-7,,2,0.2,0.0,0.0,0.0,0.0,1.0,0.0,0,0.82,2.48,2.0,,,1,2,0,1,0,0,0,,1.0,0.0,0,0,0,2,0.0,0.0,0.0,0,0,0,1.76,0.09,1.75,0.05%,0.51,3.5,5.0,7t 1-- 1 out tie,7t 3 out tie,,2022-05-07,109,115,663359,2022,0.667,14.0,13.0,55.0,0.0,2.0,2.0,3.0,9.0,1.0,14.0,1.286,1.143,3.667,5.0,15.0,0.0,1.0,1.0,0.0,1.0,0.0,5.0,2.455,1.364,10.333,9.0,39.0,0.0,1.0,1.0,1.0,4.0,0.0,9.0,0.871,0.968
14,81,2022-05-08,ARI,,COL,"W,4-0",9-GF,,0,0.2,0.0,0.0,0.0,0.0,2.0,0.0,0,0.77,2.17,2.0,10.0,7.0,1,3,0,0,0,0,0,,0.0,0.0,0,0,0,2,0.0,0.0,0.0,0,0,0,0.1,0.005,0.09,0.00%,0.26,5.5,8.0,9t --- 1 out a4,9t end a 4,,2022-05-08,109,115,663368,2022,0.667,14.333,13.0,56.0,0.0,2.0,2.0,3.0,9.0,1.0,14.0,1.256,1.116,3.333,2.0,12.0,0.0,1.0,1.0,0.0,2.0,0.0,2.0,2.7,0.6,11.0,9.0,41.0,0.0,1.0,1.0,1.0,5.0,0.0,9.0,0.818,0.909
15,82,2022-05-14,ARI,,CHC,"L,2-4",8-8,,5,1.0,0.0,0.0,0.0,0.0,2.0,0.0,0,0.71,1.93,3.0,18.0,13.0,3,4,0,1,1,0,0,,0.0,0.0,0,0,0,3,0.0,0.0,0.0,0,0,0,1.4,0.105,1.31,0.06%,0.49,6.25,9.0,8t --- 0 out tie,8t 3 out tie,,2022-05-14,109,112,663348,2022,1.0,14.667,13.0,57.0,0.0,2.0,2.0,3.0,10.0,1.0,14.0,1.227,1.091,3.667,2.0,13.0,0.0,1.0,1.0,0.0,4.0,0.0,2.0,2.455,0.545,11.667,9.0,43.0,0.0,1.0,1.0,1.0,7.0,0.0,9.0,0.771,0.857
16,83,2022-05-15,ARI,,CHC,"L,2-3",8-8,,0,1.0,0.0,0.0,0.0,0.0,2.0,0.0,0,0.66,1.72,3.0,14.0,12.0,4,2,1,0,0,0,0,,0.0,0.0,0,0,0,3,0.0,0.0,0.0,0,0,0,1.4,0.105,1.28,0.06%,0.49,6.25,9.0,8t --- 0 out tie,8t 3 out tie,,2022-05-15,109,112,663367,2022,1.0,14.667,12.0,57.0,0.0,2.0,2.0,3.0,12.0,1.0,13.0,1.227,1.023,3.667,2.0,13.0,0.0,1.0,1.0,0.0,5.0,0.0,2.0,2.455,0.545,12.667,9.0,46.0,0.0,1.0,1.0,1.0,9.0,0.0,9.0,0.711,0.789
17,84,2022-05-18,ARI,@,LAD,"L,3-5",5-5,,2,1.0,1.0,0.0,0.0,0.0,2.0,0.0,0,0.61,1.54,4.0,16.0,10.0,3,3,2,0,0,0,0,,0.0,0.0,1,0,0,4,0.0,0.0,0.0,0,0,0,0.41,0.021,0.32,0.01%,0.5,5.65,9.0,5b --- 0 out d3,5b 3 out d3,,2022-05-18,109,119,662744,2022,1.0,15.333,12.0,59.0,0.0,2.0,2.0,3.0,13.0,1.0,13.0,1.174,0.978,3.667,2.0,13.0,0.0,1.0,1.0,0.0,7.0,0.0,2.0,2.455,0.545,13.667,9.0,49.0,0.0,1.0,1.0,1.0,11.0,0.0,9.0,0.659,0.732
18,85,2022-05-19,ARI,@,CHC,"W,3-1",7-8,H(4),0,1.0,0.0,0.0,0.0,0.0,0.0,0.0,0,0.57,1.64,3.0,10.0,7.0,1,0,3,0,0,0,0,,0.0,0.0,0,0,0,3,0.0,0.0,0.0,0,0,0,1.14,0.087,0.76,0.04%,0.51,2.25,3.0,7b --- 1 out a2,8b --- 1 out a2,,2022-05-19,109,112,663193,2022,1.0,15.667,12.0,60.0,0.0,2.0,2.0,3.0,15.0,1.0,13.0,1.149,0.957,4.333,1.0,14.0,0.0,0.0,0.0,0.0,9.0,0.0,1.0,0.0,0.231,14.667,10.0,53.0,0.0,1.0,1.0,1.0,13.0,0.0,10.0,0.614,0.75
19,86,2022-05-21,ARI,@,CHC,"W,7-6",8-8,,1,0.2,2.0,0.0,0.0,0.0,0.0,0.0,0,0.55,1.7,4.0,12.0,10.0,4,1,2,2,1,0,0,,0.0,0.0,0,0,0,4,0.0,0.0,0.0,0,0,0,2.29,0.018,1.74,0.01%,0.07,0.3,2.0,8b --- 0 out tie,8b 12- 2 out tie,,2022-05-21,109,112,663194,2022,0.667,16.333,10.0,58.0,0.0,1.0,1.0,1.0,15.0,0.0,10.0,0.551,0.673,4.667,1.0,15.0,0.0,0.0,0.0,0.0,8.0,0.0,1.0,0.0,0.214,15.667,10.0,56.0,0.0,1.0,1.0,1.0,13.0,0.0,10.0,0.574,0.702
20,87,2022-05-23,ARI,,KCR,"W,9-5",7-8,H(5),1,0.2,1.0,0.0,0.0,0.0,2.0,0.0,0,0.53,1.52,4.0,19.0,14.0,3,3,1,1,1,0,0,,1.0,0.0,0,0,0,4,0.0,0.0,0.0,0,0,0,0.8,0.006,0.59,0.00%,-0.19,4.9,8.0,7t 1-- 2 out a2,8t 12- 1 out a4,,2022-05-23,109,118,663340,2022,0.667,16.667,12.0,61.0,0.0,1.0,1.0,1.0,14.0,0.0,12.0,0.54,0.78,4.667,3.0,17.0,0.0,0.0,0.0,0.0,6.0,0.0,3.0,0.0,0.643,16.333,12.0,60.0,0.0,1.0,1.0,1.0,13.0,0.0,12.0,0.551,0.796
21,88,2022-05-24,ARI,,KCR,"W,8-6",6-6,,0,0.2,1.0,0.0,0.0,0.0,0.0,0.0,0,0.51,1.58,3.0,6.0,5.0,1,1,2,1,0,0,0,,2.0,2.0,0,0,0,3,0.0,0.0,0.0,0,0,0,1.21,-0.087,0.91,-0.04%,-0.61,0.9,2.0,6t -23 1 out d1,6t 3 out d3,,2022-05-24,109,118,663339,2022,0.667,17.0,13.0,64.0,0.0,1.0,1.0,1.0,15.0,0.0,13.0,0.529,0.824,4.333,4.0,18.0,0.0,0.0,0.0,0.0,6.0,0.0,4.0,0.0,0.923,17.0,13.0,64.0,0.0,1.0,1.0,1.0,15.0,0.0,13.0,0.529,0.824
22,89,2022-05-28,ARI,,LAD,"L,2-3",9-GF,,3,1.0,0.0,0.0,0.0,0.0,1.0,0.0,0,0.48,1.56,3.0,8.0,5.0,1,1,1,1,1,0,0,,1.0,0.0,0,0,0,3,0.0,0.0,0.0,0,0,0,0.87,0.083,0.68,0.04%,1.11,4.25,6.0,9t -2- 0 out d1,9t end d 1,,2022-05-28,109,119,663330,2022,1.0,16.667,14.0,63.0,0.0,1.0,1.0,0.0,14.0,0.0,14.0,0.54,0.84,4.0,5.0,18.0,0.0,0.0,0.0,0.0,4.0,0.0,5.0,0.0,1.25,17.667,14.0,67.0,0.0,1.0,1.0,1.0,15.0,0.0,14.0,0.509,0.849
23,90,2022-05-31,ARI,,ATL,"W,8-7",8-9,,2,1.1,2.0,0.0,0.0,0.0,1.0,0.0,0,0.45,1.56,5.0,15.0,12.0,2,1,3,1,1,0,0,,0.0,0.0,0,0,0,5,0.0,0.0,0.0,1,0,0,0.69,0.043,0.46,0.02%,0.72,3.8,7.0,8t --- 0 out d2,9t --- 1 out d1,,2022-05-31,109,144,663329,2022,1.333,16.667,13.0,62.0,0.0,1.0,1.0,0.0,15.0,0.0,13.0,0.54,0.78,4.0,4.0,17.0,0.0,0.0,0.0,0.0,3.0,0.0,4.0,0.0,1.0,18.667,14.0,70.0,0.0,1.0,1.0,1.0,16.0,0.0,14.0,0.482,0.804
24,91,2022-06-03,ARI,@,PIT,"W,8-6",6-6,H(6),2,1.0,1.0,0.0,0.0,0.0,1.0,0.0,0,0.43,1.54,3.0,10.0,8.0,3,1,2,0,0,0,0,,0.0,0.0,0,0,0,3,0.0,0.0,0.0,1,0,0,1.1,0.053,0.78,0.02%,0.49,3.65,6.0,6b --- 0 out a3,6b 3 out a3,,2022-06-03,109,134,662452,2022,1.0,17.667,14.0,65.0,0.0,1.0,1.0,0.0,16.0,0.0,14.0,0.509,0.792,4.333,6.0,19.0,0.0,0.0,0.0,0.0,4.0,0.0,6.0,0.0,1.385,20.0,16.0,75.0,0.0,1.0,1.0,1.0,17.0,0.0,16.0,0.45,0.85
25,92,2022-06-08,ARI,@,CIN,"W,7-0",8-8,,4,1.0,1.0,0.0,0.0,0.0,0.0,0.0,1,0.41,1.75,5.0,,,3,2,2,2,0,1,0,,0.0,0.0,0,0,0,4,0.0,0.0,0.0,0,0,0,0.17,0.008,0.09,0.00%,0.53,1.05,3.0,8b --- 0 out a6,8b 3 out a6,,2022-06-08,109,113,663050,2022,1.0,18.0,14.0,65.0,0.0,1.0,1.0,0.0,16.0,0.0,14.0,0.5,0.778,4.667,5.0,18.0,0.0,0.0,0.0,0.0,5.0,0.0,5.0,0.0,1.071,21.0,17.0,78.0,0.0,1.0,1.0,1.0,18.0,0.0,17.0,0.429,0.857
26,93,2022-06-12,ARI,@,PHI,"W,13-1",6-7,,3,1.1,1.0,0.0,0.0,0.0,4.0,0.0,0,0.39,1.48,5.0,20.0,15.0,4,6,0,1,1,0,0,,0.0,0.0,0,0,0,5,0.0,0.0,0.0,0,0,0,0.04,0.003,0.03,0.00%,0.59,10.4,16.0,6b --- 2 out a7,7b 3 out a9,,2022-06-12,109,143,661622,2022,1.333,18.0,15.0,67.0,0.0,1.0,1.0,0.0,16.0,0.0,15.0,0.5,0.833,5.0,5.0,19.0,0.0,0.0,0.0,0.0,3.0,0.0,5.0,0.0,1.0,22.0,18.0,83.0,0.0,1.0,1.0,1.0,18.0,0.0,18.0,0.409,0.864
27,94,2022-06-14,ARI,,CIN,"L,3-5",9-9,,1,1.0,2.0,0.0,0.0,0.0,0.0,0.0,0,0.37,1.55,4.0,12.0,10.0,3,0,4,0,0,0,0,,0.0,0.0,0,0,0,4,0.0,0.0,0.0,1,0,0,3.47,0.135,1.6,0.04%,0.49,1.05,3.0,9t --- 0 out tie,9t 3 out tie,,2022-06-14,109,113,663342,2022,1.0,17.667,15.0,67.0,0.0,1.0,1.0,0.0,20.0,0.0,15.0,0.509,0.849,5.667,5.0,21.0,0.0,0.0,0.0,0.0,7.0,0.0,5.0,0.0,0.882,23.333,19.0,88.0,0.0,1.0,1.0,1.0,22.0,0.0,19.0,0.386,0.857
28,95,2022-06-19,ARI,,MIN,"W,7-1",8-8,,4,1.0,0.0,0.0,0.0,0.0,2.0,0.0,0,0.36,1.45,3.0,16.0,9.0,3,4,0,1,1,0,0,,0.0,0.0,0,0,0,3,0.0,0.0,0.0,0,0,0,0.07,0.006,0.03,0.00%,0.49,6.25,9.0,8t --- 0 out a6,8t 3 out a6,,2022-06-19,109,142,663334,2022,1.0,17.667,17.0,68.0,0.0,1.0,1.0,0.0,19.0,0.0,17.0,0.509,0.962,5.667,7.0,22.0,0.0,0.0,0.0,0.0,6.0,0.0,7.0,0.0,1.235,24.333,21.0,92.0,0.0,1.0,1.0,1.0,22.0,0.0,21.0,0.37,0.904
29,96,2022-06-21,ARI,@,SDP,"L,2-3",7-8,,1,1.1,0.0,0.0,0.0,0.0,2.0,0.0,1,0.34,1.5,5.0,,,4,4,0,2,0,2,0,,0.0,0.0,0,0,0,4,0.0,0.0,0.0,0,0,0,2.01,0.129,0.82,0.03%,0.68,6.4,10.0,7b --- 0 out tie,8b --- 1 out tie,,2022-06-21,109,135,662248,2022,1.333,17.667,14.0,66.0,0.0,1.0,1.0,0.0,21.0,0.0,14.0,0.509,0.792,5.333,5.0,20.0,0.0,0.0,0.0,0.0,7.0,0.0,5.0,0.0,0.938,25.333,21.0,95.0,0.0,1.0,1.0,1.0,24.0,0.0,21.0,0.355,0.868
30,97,2022-06-25,ARI,,DET,"L,3-6",6-7,L(1-1),3,1.1,3.0,3.0,3.0,0.0,2.0,1.0,0,1.29,1.9,7.0,,,4,6,3,2,1,0,0,,0.0,0.0,0,0,0,7,0.0,0.0,0.0,0,0,0,1.41,-0.337,0.36,-0.05%,-2.28,-0.8,1.0,6t --- 0 out tie,7t --- 1 out d3,,2022-06-25,109,116,663346,2022,1.333,18.667,14.0,70.0,0.0,1.0,1.0,0.0,23.0,0.0,14.0,0.482,0.75,5.667,4.0,22.0,0.0,0.0,0.0,0.0,8.0,0.0,4.0,0.0,0.706,26.667,21.0,100.0,0.0,1.0,1.0,1.0,26.0,0.0,21.0,0.338,0.825
31,98,2022-06-29,ARI,,SDP,"L,0-4",8-8,,3,1.0,0.0,0.0,0.0,0.0,1.0,0.0,0,1.24,1.87,3.0,14.0,10.0,1,4,2,0,0,0,0,,1.0,0.0,0,0,0,3,0.0,0.0,0.0,0,0,0,0.32,0.024,0.11,0.01%,0.87,4.25,6.0,8t 1-- 0 out d3,8t 3 out d3,,2022-06-29,109,135,663325,2022,1.0,19.0,17.0,74.0,1.0,4.0,4.0,0.0,24.0,1.0,20.0,1.895,0.895,6.0,6.0,24.0,1.0,3.0,3.0,0.0,10.0,1.0,9.0,4.5,1.0,28.0,24.0,107.0,1.0,4.0,4.0,1.0,28.0,1.0,27.0,1.286,0.893
32,99,2022-07-03,ARI,@,COL,"L,5-6",7-7,H(7),3,1.0,1.0,0.0,0.0,0.0,0.0,0.0,0,1.2,1.91,4.0,,,1,0,2,2,0,0,0,,0.0,0.0,0,0,0,4,0.0,0.0,0.0,0,0,0,1.66,0.088,0.48,0.02%,0.55,1.65,3.0,7b --- 0 out a2,7b 3 out a2,,2022-07-03,109,115,662913,2022,1.0,19.0,17.0,74.0,1.0,4.0,4.0,0.0,25.0,1.0,20.0,1.895,0.895,5.667,5.0,22.0,1.0,3.0,3.0,0.0,7.0,1.0,8.0,4.765,0.882,29.0,24.0,110.0,1.0,4.0,4.0,1.0,29.0,1.0,27.0,1.241,0.862
33,100,2022-07-04,ARI,,SFG,"W,8-3",7-8,H(8),0,2.0,1.0,0.0,0.0,0.0,4.0,0.0,0,1.13,1.74,7.0,32.0,23.0,7,3,3,0,0,0,0,,0.0,0.0,0,0,0,7,1.0,0.0,0.0,0,0,0,0.6,0.087,0.14,0.01%,0.98,11.9,18.0,7t --- 0 out a3,8t 3 out a3,,2022-07-04,109,137,663343,2022,2.0,19.667,16.0,75.0,1.0,3.0,3.0,0.0,25.0,1.0,19.0,1.373,0.814,5.667,4.0,22.0,1.0,3.0,3.0,0.0,7.0,1.0,7.0,4.765,0.706,30.0,25.0,114.0,1.0,4.0,4.0,1.0,29.0,1.0,28.0,1.2,0.867
34,101,2022-07-06,ARI,,SFG,"L,5-7",8-9,BL(1-2),1,1.0,2.0,3.0,3.0,0.0,1.0,1.0,1,1.91,2.2,6.0,,,4,2,2,2,1,0,0,,0.0,0.0,0,0,0,5,0.0,0.0,0.0,0,0,0,1.76,-0.345,0.54,-0.06%,-1.89,-3.55,-3.0,8t --- 0 out a2,9t 1-- 0 out tie,,2022-07-06,109,137,663318,2022,1.0,21.0,17.0,80.0,1.0,3.0,3.0,0.0,28.0,2.0,21.0,1.286,0.81,6.667,5.0,26.0,1.0,3.0,3.0,0.0,9.0,2.0,9.0,4.05,0.75,32.0,26.0,121.0,1.0,4.0,4.0,1.0,33.0,2.0,30.0,1.125,0.844
35,102,2022-07-10,ARI,,COL,"L,2-3",7-8,,3,1.1,1.0,0.0,0.0,0.0,0.0,0.0,0,1.83,2.24,5.0,14.0,11.0,2,1,3,2,1,0,0,,1.0,1.0,0,0,0,5,0.0,0.0,0.0,0,0,0,1.02,-0.119,0.19,-0.01%,-0.19,2.4,4.0,7t -2- 2 out tie,8t 3 out d1,,2022-07-10,109,115,663307,2022,1.333,21.333,19.0,84.0,2.0,6.0,6.0,0.0,27.0,3.0,26.0,2.531,0.891,6.333,7.0,27.0,2.0,6.0,6.0,0.0,8.0,3.0,14.0,8.526,1.105,33.0,28.0,127.0,2.0,7.0,7.0,1.0,34.0,3.0,35.0,1.909,0.879
36,103,2022-07-11,ARI,@,SFG,"W,4-3",8-8,H(9),0,0.1,2.0,1.0,1.0,1.0,0.0,0.0,0,2.08,2.33,4.0,,,1,3,3,0,0,0,0,,1.0,1.0,0,0,0,3,1.0,0.0,0.0,0,0,0,3.13,-0.269,0.51,-0.03%,-2.03,-3.05,-2.0,8b 1-- 0 out a3,8b 12- 1 out a1,,2022-07-11,109,137,662100,2022,0.333,21.667,20.0,86.0,2.0,6.0,6.0,0.0,25.0,3.0,27.0,2.492,0.923,6.333,5.0,25.0,1.0,3.0,3.0,0.0,6.0,2.0,9.0,4.263,0.789,34.333,29.0,132.0,2.0,7.0,7.0,1.0,34.0,3.0,36.0,1.835,0.874
37,104,2022-07-13,ARI,@,SFG,"L,3-4",7-8,BS(3),1,0.1,2.0,1.0,1.0,0.0,1.0,1.0,0,2.31,2.65,3.0,12.0,10.0,2,4,0,2,1,0,0,,1.0,0.0,0,0,0,3,0.0,0.0,0.0,0,0,0,2.45,-0.288,0.43,-0.03%,-1.03,-0.45,1.0,7b --3 2 out a1,8b 1-- 0 out tie,,2022-07-13,109,137,662107,2022,0.333,21.0,22.0,87.0,2.0,7.0,7.0,1.0,23.0,4.0,30.0,3.0,1.095,5.667,7.0,26.0,1.0,4.0,4.0,1.0,5.0,3.0,12.0,6.353,1.412,34.667,31.0,136.0,2.0,8.0,8.0,2.0,34.0,4.0,39.0,2.077,0.952
38,105,2022-07-16,ARI,@,SDP,"L,3-4",6-6,,2,0.2,0.0,0.0,0.0,0.0,2.0,0.0,0,2.27,2.55,2.0,9.0,7.0,4,1,0,0,0,0,0,,1.0,0.0,1,0,0,2,0.0,0.0,0.0,0,0,0,1.11,0.046,0.14,0.00%,0.49,5.5,8.0,6b 1-- 1 out d1,6b 3 out d1,,2022-07-16,109,135,662271,2022,0.667,20.333,23.0,86.0,3.0,8.0,8.0,1.0,22.0,5.0,34.0,3.541,1.18,5.0,8.0,25.0,2.0,5.0,5.0,1.0,6.0,4.0,16.0,9.0,1.8,35.0,33.0,139.0,3.0,9.0,9.0,2.0,35.0,5.0,44.0,2.314,1.0
39,106,2022-07-17,ARI,@,SDP,"W,3-1",7-7,H(10),0,1.0,0.0,0.0,0.0,0.0,1.0,0.0,0,2.21,2.51,3.0,8.0,5.0,2,0,2,0,0,0,0,,0.0,0.0,0,0,0,3,0.0,0.0,0.0,0,0,0,1.03,0.076,0.08,0.00%,0.46,4.25,6.0,7b --- 0 out a2,7b 3 out a2,,2022-07-17,109,135,662269,2022,1.0,20.0,23.0,85.0,3.0,8.0,8.0,1.0,24.0,5.0,34.0,3.6,1.2,3.667,7.0,20.0,2.0,5.0,5.0,1.0,4.0,3.0,14.0,12.273,2.182,35.667,33.0,141.0,3.0,9.0,9.0,2.0,37.0,5.0,44.0,2.271,0.981
40,107,2022-07-24,ARI,,WSN,"L,3-4",8-8,L(1-3),6,1.0,2.0,1.0,1.0,0.0,0.0,0.0,0,2.39,2.53,5.0,16.0,13.0,2,1,2,3,3,0,0,,0.0,0.0,0,0,0,4,1.0,0.0,0.0,0,0,0,1.99,-0.201,0.28,-0.02%,-0.51,-0.95,0.0,8t --- 0 out tie,8t 3 out d1,,2022-07-24,109,120,663316,2022,1.0,20.333,21.0,84.0,3.0,8.0,8.0,1.0,25.0,5.0,32.0,3.541,1.082,3.667,5.0,17.0,1.0,2.0,2.0,1.0,4.0,2.0,9.0,4.909,1.636,36.667,33.0,144.0,3.0,9.0,9.0,2.0,38.0,5.0,44.0,2.209,0.955
41,108,2022-07-26,ARI,,SFG,"W,7-3",8-8,H(11),1,0.1,1.0,0.0,0.0,0.0,0.0,0.0,0,2.37,2.53,2.0,5.0,5.0,1,0,1,1,1,0,0,,0.0,0.0,0,0,0,2,0.0,0.0,0.0,0,0,0,0.86,0.013,0.15,0.00%,0.1,0.15,1.0,8t --- 2 out a2,8t 3 out a2,,2022-07-26,109,137,663314,2022,0.333,20.667,22.0,85.0,3.0,9.0,9.0,1.0,23.0,6.0,34.0,3.919,1.113,3.333,6.0,17.0,1.0,3.0,3.0,1.0,4.0,3.0,11.0,8.1,2.1,37.667,35.0,149.0,3.0,10.0,10.0,2.0,38.0,6.0,47.0,2.389,0.982
42,109,2022-07-27,ARI,,SFG,"W,5-3",8-8,H(12),0,0.1,1.0,0.0,0.0,0.0,0.0,0.0,0,2.35,2.54,2.0,6.0,5.0,1,1,2,0,0,0,0,,1.0,1.0,0,0,0,2,0.0,0.0,0.0,0,0,0,0.98,-0.011,0.2,0.00%,-0.68,0.15,1.0,8t -2- 2 out a3,8t 3 out a2,,2022-07-27,109,137,663294,2022,0.333,20.333,22.0,84.0,3.0,9.0,9.0,1.0,23.0,6.0,34.0,3.984,1.131,3.333,5.0,15.0,1.0,2.0,2.0,0.0,4.0,2.0,9.0,5.4,1.5,38.0,36.0,151.0,3.0,10.0,10.0,2.0,38.0,6.0,48.0,2.368,1.0
43,110,2022-08-01,ARI,@,CLE,"L,5-6",7-8,,4,1.1,0.0,0.0,0.0,1.0,0.0,0.0,0,2.27,2.63,5.0,,,2,0,0,4,2,1,0,,2.0,0.0,0,0,0,4,0.0,0.0,0.0,0,0,0,2.35,0.175,0.2,0.01%,0.88,2.4,4.0,7b 12- 2 out tie,8b 3 out tie,,2022-08-01,109,114,662947,2022,1.333,19.667,23.0,83.0,3.0,9.0,9.0,1.0,22.0,6.0,35.0,4.119,1.22,3.333,4.0,14.0,0.0,1.0,1.0,0.0,3.0,1.0,5.0,2.7,1.2,38.333,37.0,153.0,3.0,10.0,10.0,2.0,38.0,6.0,49.0,2.348,1.017
44,111,2022-08-02,ARI,@,CLE,"W,6-3",8-8,H(13),0,1.0,0.0,0.0,0.0,0.0,2.0,0.0,0,2.21,2.55,3.0,9.0,8.0,2,3,1,0,0,0,0,,0.0,0.0,0,0,0,3,0.0,0.0,0.0,0,0,0,0.62,0.046,0.04,0.00%,0.46,6.25,9.0,8b --- 0 out a3,8b 3 out a3,,2022-08-02,109,114,662941,2022,1.0,19.667,21.0,83.0,3.0,9.0,9.0,2.0,21.0,6.0,33.0,4.119,1.169,4.0,4.0,17.0,0.0,1.0,1.0,1.0,1.0,1.0,5.0,2.25,1.25,39.667,37.0,158.0,3.0,10.0,10.0,3.0,38.0,6.0,49.0,2.269,1.008
45,112,2022-08-06,ARI,,COL,"L,2-3",8-8,,3,1.0,0.0,0.0,0.0,1.0,0.0,0.0,0,2.16,2.63,3.0,6.0,2.0,0,0,1,1,1,0,0,,1.0,0.0,0,0,0,2,0.0,0.0,0.0,0,0,0,3.08,0.174,0.2,0.01%,0.87,1.65,3.0,8t 1-- 0 out tie,8t 3 out tie,,2022-08-06,109,115,663288,2022,1.0,19.667,20.0,83.0,3.0,9.0,9.0,2.0,22.0,6.0,32.0,4.119,1.119,4.0,4.0,17.0,0.0,1.0,1.0,1.0,2.0,1.0,5.0,2.25,1.25,40.667,37.0,161.0,3.0,10.0,10.0,3.0,40.0,6.0,49.0,2.213,0.984
46,113,2022-08-07,ARI,,COL,"W,6-4",6-7,,0,1.1,0.0,0.0,0.0,0.0,1.0,0.0,0,2.09,2.6,4.0,,,1,1,1,2,1,0,0,,3.0,1.0,0,0,0,3,0.0,0.0,0.0,0,1,0,1.7,0.103,0.07,0.00%,1.56,5.0,7.0,6t 123 0 out d1,7t --- 1 out d1,,2022-08-07,109,115,663300,2022,1.333,19.667,19.0,81.0,3.0,9.0,9.0,3.0,22.0,6.0,31.0,4.119,1.119,4.0,2.0,15.0,0.0,0.0,0.0,2.0,2.0,0.0,2.0,0.0,1.0,41.667,37.0,164.0,3.0,10.0,10.0,4.0,40.0,6.0,49.0,2.16,0.984
47,114,2022-08-08,ARI,,PIT,"W,3-0",8-8,H(14),0,1.0,0.0,0.0,0.0,0.0,2.0,0.0,0,2.05,2.52,3.0,11.0,9.0,2,5,1,0,0,0,0,,0.0,0.0,0,0,0,3,0.0,0.0,0.0,0,0,0,1.58,0.119,0.08,0.00%,0.49,6.25,9.0,8t --- 0 out a1,8t 3 out a1,,2022-08-08,109,134,663304,2022,1.0,19.667,18.0,80.0,3.0,9.0,9.0,3.0,19.0,6.0,30.0,4.119,1.068,5.0,1.0,17.0,0.0,0.0,0.0,2.0,3.0,0.0,1.0,0.0,0.6,43.0,37.0,168.0,3.0,10.0,10.0,4.0,41.0,6.0,49.0,2.093,0.953
48,115,2022-08-11,ARI,,PIT,"W,9-3",8-8,,2,1.0,0.0,0.0,0.0,0.0,2.0,0.0,0,2.0,2.45,3.0,16.0,11.0,2,3,1,0,0,0,0,,0.0,0.0,0,0,0,3,0.0,0.0,0.0,0,0,0,0.07,0.006,0.0,0.00%,0.49,6.25,9.0,8t --- 0 out a6,8t 3 out a6,,2022-08-11,109,134,663293,2022,1.0,19.667,16.0,79.0,3.0,9.0,9.0,3.0,21.0,6.0,28.0,4.119,0.966,5.667,0.0,18.0,0.0,0.0,0.0,2.0,5.0,0.0,0.0,0.0,0.353,44.0,37.0,171.0,3.0,10.0,10.0,4.0,43.0,6.0,49.0,2.045,0.932
49,116,2022-08-12,ARI,@,COL,"L,3-5",7-7,,0,0.2,1.0,0.0,0.0,0.0,1.0,0.0,0,1.97,2.41,3.0,5.0,5.0,0,3,0,2,1,0,0,,2.0,2.0,0,0,0,2,0.0,0.0,0.0,0,1,0,1.5,-0.123,0.09,0.00%,-0.54,2.9,5.0,7b -23 1 out tie,7b 3 out d2,,2022-08-12,109,115,662978,2022,0.667,19.667,16.0,79.0,3.0,9.0,9.0,3.0,21.0,6.0,28.0,4.119,0.966,5.333,0.0,16.0,0.0,0.0,0.0,1.0,7.0,0.0,0.0,0.0,0.187,45.0,37.0,174.0,3.0,10.0,10.0,4.0,45.0,6.0,49.0,2.0,0.911
50,117,2022-08-13,ARI,@,COL,"W,6-0",8-8,,0,0.1,0.0,0.0,0.0,0.0,0.0,0.0,0,1.96,2.42,1.0,5.0,2.0,0,0,0,1,0,0,0,,1.0,0.0,0,0,0,1,0.0,0.0,0.0,0,0,0,0.24,0.006,0.01,0.00%,0.25,0.75,1.0,8b 1-- 2 out a5,8b 3 out a5,,2022-08-13,109,115,662882,2022,0.333,19.0,17.0,77.0,3.0,9.0,9.0,3.0,20.0,6.0,29.0,4.263,1.053,5.0,1.0,16.0,0.0,0.0,0.0,1.0,6.0,0.0,1.0,0.0,0.4,45.667,38.0,177.0,3.0,10.0,10.0,4.0,46.0,6.0,50.0,1.971,0.92
51,118,2022-08-16,ARI,@,SFG,"L,1-2",8-8,H(15),2,1.0,1.0,0.0,0.0,0.0,3.0,0.0,0,1.91,2.3,4.0,21.0,15.0,3,5,0,1,1,0,0,,0.0,0.0,0,0,0,4,1.0,0.0,0.0,0,0,0,2.26,0.139,0.12,0.00%,0.48,7.65,12.0,8b --- 0 out a1,8b 3 out a1,,2022-08-16,109,137,662004,2022,1.0,18.0,14.0,71.0,2.0,6.0,6.0,3.0,18.0,5.0,23.0,3.0,0.944,4.333,1.0,14.0,0.0,0.0,0.0,0.0,6.0,0.0,1.0,0.0,0.231,46.0,38.0,178.0,3.0,10.0,10.0,4.0,46.0,6.0,50.0,1.957,0.913
52,119,2022-08-17,ARI,@,SFG,"W,3-2",8-8,H(16),0,1.0,1.0,0.0,0.0,0.0,0.0,0.0,0,1.88,2.32,4.0,7.0,6.0,1,1,3,1,0,0,0,,0.0,0.0,0,0,0,4,0.0,0.0,0.0,0,0,0,2.29,0.139,0.08,0.00%,0.48,1.65,3.0,8b --- 0 out a1,8b 3 out a1,,2022-08-17,109,137,662003,2022,1.0,18.0,15.0,72.0,2.0,6.0,6.0,3.0,20.0,6.0,25.0,3.0,1.0,4.0,2.0,14.0,0.0,0.0,0.0,0.0,8.0,1.0,3.0,0.0,0.5,47.0,39.0,182.0,3.0,10.0,10.0,4.0,49.0,7.0,52.0,1.915,0.915
53,120,2022-08-20,ARI,,STL,"L,7-16",8-8,,2,1.0,2.0,0.0,0.0,0.0,1.0,0.0,0,1.84,2.3,5.0,15.0,12.0,5,1,2,2,1,0,0,,0.0,0.0,0,0,0,5,0.0,0.0,0.0,0,0,0,0.13,0.007,0.01,0.00%,0.49,3.05,6.0,8t --- 0 out d4,8t 3 out d4,,2022-08-20,109,138,663291,2022,1.0,18.0,15.0,72.0,2.0,6.0,6.0,3.0,20.0,6.0,25.0,3.0,1.0,4.0,3.0,15.0,0.0,0.0,0.0,0.0,6.0,1.0,4.0,0.0,0.75,48.0,40.0,186.0,3.0,10.0,10.0,4.0,49.0,7.0,53.0,1.875,0.917
54,121,2022-08-21,ARI,,STL,"L,4-6",7-7,HL(1-4),0,0.1,2.0,2.0,2.0,0.0,0.0,0.0,0,2.19,2.3,3.0,7.0,6.0,2,0,2,1,1,0,0,,0.0,0.0,0,0,0,3,0.0,0.0,0.0,0,0,0,2.3,-0.075,0.1,0.00%,-0.41,-4.45,-5.0,7t --- 0 out a1,7t 12- 1 out a1,,2022-08-21,109,138,663301,2022,0.333,17.0,16.0,70.0,2.0,6.0,6.0,3.0,17.0,5.0,25.0,3.176,1.118,4.0,5.0,17.0,0.0,0.0,0.0,0.0,5.0,1.0,6.0,0.0,1.25,49.0,42.0,191.0,3.0,10.0,10.0,4.0,50.0,7.0,55.0,1.837,0.939
55,122,2022-08-23,ARI,@,KCR,"W,7-3",6-7,W(2-4),1,1.1,0.0,0.0,0.0,0.0,2.0,0.0,0,2.13,2.24,4.0,15.0,10.0,3,4,1,1,0,0,0,,1.0,0.0,0,0,0,4,0.0,0.0,0.0,0,0,0,1.38,0.142,0.03,0.00%,0.71,11.0,16.0,6b 1-- 2 out tie,7b 3 out a1,,2022-08-23,109,118,662668,2022,1.333,16.333,16.0,67.0,1.0,5.0,5.0,3.0,16.0,4.0,22.0,2.755,1.163,3.667,6.0,17.0,0.0,2.0,2.0,0.0,4.0,1.0,7.0,4.909,1.636,49.333,44.0,194.0,3.0,12.0,12.0,4.0,50.0,7.0,57.0,2.189,0.973
56,123,2022-08-24,ARI,@,KCR,"L,3-5",7-7,,0,0.0,3.0,3.0,3.0,0.0,0.0,1.0,0,2.66,2.5,3.0,11.0,8.0,0,2,2,1,1,0,0,,1.0,1.0,0,0,0,3,0.0,0.0,0.0,0,0,0,2.3,-0.381,0.06,-0.01%,-3.74,-7.8,-9.0,7b 1-- 1 out tie,7b --- 1 out d4,,2022-08-24,109,118,662640,2022,0.0,16.333,15.0,66.0,1.0,5.0,5.0,3.0,18.0,4.0,21.0,2.755,1.102,4.667,6.0,20.0,0.0,2.0,2.0,0.0,6.0,1.0,7.0,3.857,1.286,50.667,44.0,198.0,3.0,12.0,12.0,4.0,52.0,7.0,57.0,2.132,0.947
57,124,2022-08-27,ARI,@,CHW,"W,10-5",8-8,H(18),2,0.1,0.0,0.0,0.0,0.0,0.0,0.0,0,2.65,2.5,1.0,2.0,2.0,1,0,0,1,0,0,0,,1.0,0.0,0,0,0,1,0.0,0.0,0.0,0,0,0,1.47,0.041,0.04,0.00%,0.22,0.75,1.0,8b 1-- 2 out a2,8b 3 out a2,,2022-08-27,109,145,661444,2022,0.333,16.0,16.0,65.0,2.0,7.0,7.0,2.0,18.0,4.0,24.0,3.938,1.125,3.667,8.0,19.0,1.0,5.0,5.0,0.0,3.0,1.0,11.0,12.273,2.182,50.667,47.0,201.0,4.0,15.0,15.0,4.0,52.0,8.0,63.0,2.664,1.007
58,125,2022-08-31,ARI,,PHI,"L,2-18",7-7,,3,1.0,2.0,1.0,1.0,0.0,0.0,0.0,0,2.77,2.52,4.0,12.0,9.0,3,1,2,2,2,0,0,,0.0,0.0,0,0,0,4,1.0,0.0,0.0,1,0,0,0.01,-0.001,0.0,0.00%,-0.51,-0.95,0.0,7t --- 0 out d9,7t 3 out d10,,2022-08-31,109,143,663312,2022,1.0,16.0,14.0,63.0,1.0,6.0,6.0,2.0,17.0,3.0,19.0,3.375,1.0,3.0,7.0,16.0,1.0,5.0,5.0,0.0,3.0,1.0,10.0,15.0,2.333,51.0,47.0,202.0,4.0,15.0,15.0,4.0,52.0,8.0,63.0,2.647,1.0
59,126,2022-09-02,ARI,,MIL,"W,2-1",8-8,H(19),1,1.0,0.0,0.0,0.0,0.0,2.0,0.0,0,2.72,2.45,3.0,12.0,7.0,3,3,1,0,0,0,0,,0.0,0.0,0,0,0,3,0.0,0.0,0.0,0,0,0,1.58,0.119,0.06,0.00%,0.49,6.25,9.0,8t --- 0 out a1,8t 3 out a1,,2022-09-02,109,158,663285,2022,1.0,16.333,16.0,65.0,1.0,7.0,7.0,2.0,15.0,4.0,22.0,3.857,1.102,3.0,7.0,15.0,1.0,6.0,6.0,0.0,2.0,2.0,11.0,18.0,2.333,52.0,49.0,206.0,4.0,16.0,16.0,4.0,52.0,9.0,66.0,2.769,1.019
60,127,2022-09-03,ARI,,MIL,"L,6-8",10-10,L(2-5),0,0.2,1.0,2.0,1.0,0.0,1.0,1.0,0,2.85,2.66,3.0,10.0,7.0,2,2,1,1,0,0,0,,0.0,0.0,0,0,0,3,0.0,0.0,0.0,0,0,0,1.69,-0.284,0.09,-0.01%,-0.99,0.9,2.0,10t -2- 0 out tie,10t --- 2 out d2,,2022-09-03,109,158,663321,2022,0.667,16.333,16.0,65.0,1.0,7.0,7.0,2.0,16.0,4.0,22.0,3.857,1.102,3.667,5.0,15.0,1.0,4.0,4.0,0.0,4.0,2.0,9.0,9.818,1.364,53.0,49.0,209.0,4.0,16.0,16.0,4.0,54.0,9.0,66.0,2.717,1.0
61,128,2022-09-07,ARI,@,SDP,"L,3-6",8-GF(8),,3,1.0,2.0,1.0,1.0,0.0,1.0,0.0,0,2.96,2.64,5.0,14.0,11.0,4,2,3,1,1,0,0,,0.0,0.0,0,0,0,5,1.0,0.0,0.0,0,0,0,0.23,-0.026,0.01,0.00%,-0.54,1.05,3.0,8b --- 0 out d2,8b end d 3,,2022-09-07,109,135,662216,2022,1.0,16.0,15.0,63.0,2.0,8.0,7.0,2.0,17.0,4.0,23.0,3.938,1.063,3.0,6.0,14.0,2.0,6.0,5.0,0.0,3.0,3.0,13.0,15.0,2.0,53.667,50.0,212.0,5.0,18.0,17.0,4.0,55.0,10.0,70.0,2.851,1.006
62,129,2022-09-11,ARI,@,COL,"W,12-6",8-8,,3,1.0,0.0,0.0,0.0,0.0,1.0,0.0,0,2.91,2.61,3.0,14.0,11.0,2,3,1,1,0,0,0,,2.0,1.0,0,0,0,3,0.0,0.0,0.0,0,0,0,0.89,0.058,0.0,0.00%,0.57,4.25,6.0,8b 12- 0 out a5,8b 3 out a4,,2022-09-11,109,115,662868,2022,1.0,16.667,16.0,66.0,2.0,9.0,8.0,2.0,18.0,5.0,25.0,4.32,1.08,4.0,5.0,16.0,1.0,4.0,3.0,0.0,4.0,3.0,10.0,6.75,1.25,54.667,52.0,217.0,5.0,19.0,18.0,4.0,56.0,11.0,73.0,2.963,1.024
63,130,2022-09-14,ARI,,LAD,"W,5-3",9-9,,2,0.2,0.0,0.0,0.0,1.0,1.0,0.0,0,2.88,2.63,3.0,15.0,8.0,2,1,0,1,0,1,0,,0.0,0.0,0,0,0,2,0.0,0.0,0.0,0,0,0,1.79,0.071,0.0,0.00%,0.26,2.9,5.0,9t --- 0 out tie,9t 1-- 2 out tie,,2022-09-14,109,119,663322,2022,0.667,17.333,15.0,67.0,2.0,9.0,8.0,2.0,19.0,5.0,24.0,4.154,0.981,4.667,5.0,18.0,1.0,4.0,3.0,0.0,5.0,3.0,10.0,5.786,1.071,55.667,52.0,220.0,5.0,19.0,18.0,4.0,57.0,11.0,73.0,2.91,1.006
64,131,2022-09-15,ARI,,SDP,"W,4-0",8-8,H(20),0,0.1,0.0,0.0,0.0,0.0,0.0,0.0,0,2.86,2.64,1.0,4.0,2.0,0,1,1,0,0,0,0,,1.0,0.0,0,0,0,1,0.0,0.0,0.0,0,0,0,0.59,0.017,0.0,0.00%,0.23,0.75,1.0,8t 1-- 2 out a3,8t 3 out a3,,2022-09-15,109,135,663284,2022,0.333,16.667,15.0,65.0,2.0,9.0,8.0,2.0,20.0,5.0,24.0,4.32,1.02,4.333,3.0,17.0,1.0,3.0,2.0,1.0,6.0,2.0,7.0,4.154,0.923,56.333,52.0,223.0,5.0,19.0,18.0,5.0,58.0,11.0,73.0,2.876,1.012
65,132,2022-09-20,ARI,@,LAD,"L,5-6",8-GF(8),BS(4),4,1.0,3.0,0.0,0.0,0.0,2.0,0.0,0,2.81,2.57,6.0,16.0,12.0,3,3,3,1,1,0,0,,3.0,3.0,0,0,0,6,0.0,0.0,0.0,0,0,0,3.96,-0.318,0.0,0.00%,-0.66,4.45,9.0,8b 123 0 out a2,8b end d 1,1.0,2022-09-20,109,119,662621,2022,1.0,16.0,15.0,63.0,2.0,9.0,8.0,2.0,18.0,5.0,24.0,4.5,1.063,3.667,3.0,15.0,1.0,3.0,2.0,1.0,4.0,2.0,7.0,4.909,1.091,56.667,52.0,224.0,5.0,19.0,18.0,5.0,58.0,11.0,73.0,2.859,1.006
66,133,2022-09-20,ARI,@,LAD,"W,5-2",8-8,H(21),-1,0.1,0.0,0.0,0.0,0.0,0.0,0.0,0,2.79,2.58,1.0,,,0,0,0,1,1,0,0,,1.0,0.0,0,0,0,1,0.0,0.0,0.0,0,0,0,1.5,0.043,0.0,0.00%,0.23,0.75,1.0,8b 1-- 2 out a2,8b 3 out a2,2.0,2022-09-20,109,119,662607,2022,0.333,16.0,18.0,66.0,2.0,9.0,8.0,1.0,20.0,5.0,27.0,4.5,1.188,4.0,5.0,18.0,0.0,1.0,1.0,1.0,5.0,1.0,6.0,2.25,1.5,57.667,55.0,230.0,5.0,19.0,18.0,5.0,60.0,11.0,76.0,2.809,1.04
67,134,2022-09-22,ARI,@,LAD,"L,2-3",9-GF,BS(5),1,0.1,2.0,0.0,0.0,0.0,1.0,0.0,0,2.78,2.55,3.0,14.0,10.0,3,2,1,1,1,0,0,,3.0,2.0,0,0,0,3,0.0,0.0,0.0,0,0,0,6.97,-0.463,0.0,0.00%,-1.2,1.55,4.0,9b 123 1 out a1,9b end d 1,,2022-09-22,109,119,662586,2022,0.333,15.0,18.0,63.0,2.0,9.0,8.0,1.0,19.0,5.0,27.0,4.8,1.267,3.333,3.0,14.0,0.0,0.0,0.0,1.0,4.0,0.0,3.0,0.0,1.2,58.0,55.0,231.0,5.0,19.0,18.0,5.0,60.0,11.0,76.0,2.793,1.034
68,135,2022-09-24,ARI,,SFG,"W,5-2",8-8,H(22),1,1.0,0.0,0.0,0.0,0.0,0.0,0.0,0,2.73,2.56,3.0,9.0,5.0,0,2,0,3,2,0,0,,0.0,0.0,0,0,0,3,0.0,0.0,0.0,0,0,0,0.54,0.041,0.0,0.00%,0.49,2.25,3.0,8t --- 0 out a3,8t 3 out a3,,2022-09-24,109,137,663281,2022,1.0,14.333,20.0,63.0,2.0,9.0,8.0,1.0,18.0,5.0,29.0,5.023,1.465,2.667,5.0,14.0,0.0,0.0,0.0,1.0,4.0,0.0,5.0,0.0,2.25,58.333,57.0,234.0,5.0,19.0,18.0,5.0,61.0,11.0,78.0,2.777,1.063
69,136,2022-10-03,ARI,@,MIL,"L,5-6",9-9,BS(6),8,0.2,2.0,3.0,1.0,1.0,0.0,1.0,0,2.85,2.83,6.0,21.0,10.0,5,0,2,3,2,0,0,,0.0,0.0,0,0,0,5,0.0,0.0,0.0,0,0,1,2.97,-0.523,0.0,0.00%,-2.73,-2.3,-1.0,9b --- 0 out a3,9b 1-- 2 out tie,,2022-10-03,109,158,661213,2022,0.667,14.333,20.0,63.0,2.0,9.0,8.0,1.0,16.0,5.0,29.0,5.023,1.465,3.0,5.0,14.0,0.0,0.0,0.0,0.0,3.0,0.0,5.0,0.0,1.667,59.333,57.0,237.0,5.0,19.0,18.0,5.0,61.0,11.0,78.0,2.73,1.045
1,137,2023-04-18,ARI,@,STL,"W,8-7",6-7,H(1),99,1.1,1.0,1.0,1.0,0.0,1.0,1.0,0,6.75,11.51,5.0,17.0,13.0,5,1,1,3,1,0,0,,2.0,0.0,0,0,0,5,0.0,0.0,0.0,0,0,0,0.87,0.074,0.98,0.05%,0.35,2.4,4.0,6b 12- 1 out a4,7b --- 2 out a4,,2023-04-18,109,138,718527,2023,1.333,14.333,21.0,66.0,3.0,12.0,9.0,2.0,15.0,6.0,33.0,5.651,1.605,3.333,7.0,19.0,1.0,3.0,1.0,1.0,3.0,1.0,10.0,2.7,2.4,0.0,0.0,0.0,0.0,0.0,0.0,0.0,0.0,0.0,0.0,,
2,138,2023-04-21,ARI,,SDP,"W,9-0",9-GF,,2,1.0,0.0,0.0,0.0,0.0,1.0,0.0,0,3.86,7.11,3.0,15.0,9.0,2,3,1,1,0,0,0,,0.0,0.0,0,0,0,3,0.0,0.0,0.0,0,0,0,0.0,0.0,0.0,0.00%,0.53,4.25,6.0,9t --- 0 out a9,9t end a 9,,2023-04-21,109,135,718484,2023,1.0,15.333,22.0,70.0,4.0,13.0,10.0,2.0,16.0,7.0,37.0,5.87,1.565,3.667,5.0,18.0,2.0,4.0,2.0,1.0,2.0,2.0,11.0,4.909,1.636,1.333,1.0,5.0,1.0,1.0,1.0,0.0,1.0,1.0,4.0,6.75,0.75
3,139,2023-04-23,ARI,,SDP,"L,5-7",7-7,,1,0.1,2.0,1.0,1.0,0.0,1.0,0.0,0,6.75,5.88,3.0,13.0,11.0,4,1,0,2,2,0,0,,1.0,1.0,0,0,0,3,2.0,0.0,0.0,0,0,0,0.19,-0.046,0.22,-0.03%,-1.76,-0.45,1.0,7t 1-- 2 out d4,7t 3 out d6,,2023-04-23,109,135,718456,2023,0.333,15.333,21.0,69.0,4.0,13.0,10.0,2.0,14.0,6.0,35.0,5.87,1.5,4.333,5.0,20.0,2.0,4.0,2.0,1.0,3.0,2.0,11.0,4.154,1.385,2.333,1.0,8.0,1.0,1.0,1.0,0.0,2.0,1.0,4.0,3.857,0.429
4,140,2023-04-28,ARI,@,COL,"W,9-1",9-GF,,4,1.0,0.0,0.0,0.0,0.0,1.0,0.0,0,4.91,4.62,3.0,10.0,8.0,2,2,2,0,0,0,0,,0.0,0.0,0,0,0,3,0.0,0.0,0.0,0,0,0,0.01,0.001,0.01,0.00%,0.6,4.25,6.0,9b --- 0 out a8,9b end a 8,,2023-04-28,109,115,718390,2023,1.0,14.667,22.0,68.0,4.0,14.0,11.0,2.0,15.0,8.0,38.0,6.75,1.636,4.333,5.0,20.0,2.0,5.0,3.0,1.0,3.0,4.0,13.0,6.231,1.385,2.667,3.0,11.0,1.0,2.0,2.0,0.0,3.0,3.0,8.0,6.75,1.125
5,141,2023-04-30,ARI,@,COL,"L,4-12",8-GF(8),,1,1.0,0.0,0.0,0.0,0.0,1.0,0.0,0,3.86,3.9,3.0,9.0,7.0,1,3,1,1,0,0,0,,0.0,0.0,0,0,0,3,0.0,0.0,0.0,0,0,0,0.0,0.0,0.0,0.00%,0.6,4.25,6.0,8b --- 0 out d9,8b end d 9,,2023-04-30,109,115,718358,2023,1.0,14.667,20.0,66.0,4.0,14.0,11.0,2.0,15.0,8.0,36.0,6.75,1.5,4.333,5.0,20.0,2.0,5.0,3.0,1.0,4.0,4.0,13.0,6.231,1.385,3.667,3.0,14.0,1.0,2.0,2.0,0.0,4.0,3.0,8.0,4.909,0.818
6,142,2023-05-03,ARI,@,TEX,"W,12-7",6-7,W(1-0),2,1.1,0.0,0.0,0.0,0.0,1.0,0.0,0,3.0,3.42,4.0,20.0,13.0,3,1,3,0,0,0,0,,2.0,0.0,0,0,0,4,0.0,0.0,0.0,0,0,0,0.76,0.079,0.81,0.05%,0.99,9.0,13.0,6b 12- 2 out d1,7b 3 out a4,,2023-05-03,109,140,718325,2023,1.333,15.333,18.0,66.0,4.0,12.0,9.0,2.0,16.0,8.0,34.0,5.283,1.304,4.667,3.0,17.0,1.0,2.0,2.0,0.0,5.0,3.0,8.0,3.857,0.643,4.667,3.0,17.0,1.0,2.0,2.0,0.0,5.0,3.0,8.0,3.857,0.643
7,143,2023-05-07,ARI,,WSN,"L,8-9",6-7,,3,1.1,1.0,0.0,0.0,0.0,2.0,0.0,0,2.45,2.85,5.0,20.0,14.0,2,5,2,1,1,0,0,,0.0,0.0,0,0,0,5,1.0,0.0,0.0,0,0,0,0.51,0.05,0.6,0.04%,0.77,6.4,10.0,6t --- 0 out a4,7t --- 1 out a4,,2023-05-07,109,120,718263,2023,1.333,15.333,18.0,66.0,4.0,12.0,9.0,2.0,15.0,8.0,34.0,5.283,1.304,4.667,2.0,16.0,0.0,1.0,1.0,0.0,5.0,2.0,4.0,1.929,0.429,6.0,3.0,21.0,1.0,2.0,2.0,0.0,6.0,3.0,8.0,3.0,0.5
8,144,2023-05-08,ARI,,MIA,"W,5-2",9-GF,,0,0.1,1.0,0.0,0.0,0.0,0.0,0.0,0,2.35,2.86,2.0,7.0,6.0,2,0,1,1,0,0,0,,1.0,1.0,0,0,0,2,1.0,0.0,0.0,0,0,0,0.26,0.004,0.3,0.00%,-0.76,0.15,1.0,9t 1-- 2 out a4,9t end a 3,,2023-05-08,109,146,718249,2023,0.333,16.667,16.0,68.0,3.0,9.0,6.0,2.0,17.0,8.0,30.0,3.24,1.08,5.0,3.0,18.0,0.0,1.0,1.0,0.0,6.0,3.0,6.0,1.8,0.6,7.333,4.0,26.0,1.0,2.0,2.0,0.0,8.0,4.0,10.0,2.455,0.545
9,145,2023-06-13,ARI,,PHI,"L,3-15",6-8,,35,3.0,6.0,4.0,4.0,0.0,1.0,0.0,0,5.06,2.79,14.0,48.0,35.0,7,7,8,5,3,1,0,,0.0,0.0,0,0,0,14,2.0,1.0,0.0,1,0,0,0.04,-0.011,0.05,-0.01%,-2.43,-2.85,0.0,6t --- 0 out d7,8t 3 out d9,,2023-06-13,109,143,717775,2023,3.0,16.667,17.0,69.0,3.0,9.0,6.0,2.0,17.0,9.0,32.0,3.24,1.14,5.0,2.0,17.0,0.0,0.0,0.0,0.0,5.0,2.0,4.0,0.0,0.4,7.667,5.0,28.0,1.0,2.0,2.0,0.0,8.0,5.0,12.0,2.348,0.652
10,146,2023-06-17,ARI,,CLE,"W,6-3",7-8,,3,1.2,1.0,0.0,0.0,1.0,0.0,0.0,0,4.38,3.09,6.0,21.0,13.0,5,0,3,2,1,0,0,,0.0,0.0,0,0,0,5,0.0,0.0,0.0,1,0,0,1.81,0.173,2.38,0.14%,0.94,2.55,5.0,7t --- 0 out tie,8t --- 2 out tie,,2023-06-17,109,114,717719,2023,1.667,18.667,21.0,79.0,3.0,12.0,9.0,2.0,18.0,11.0,39.0,4.339,1.232,7.0,8.0,28.0,0.0,4.0,4.0,0.0,5.0,5.0,14.0,5.143,1.143,10.667,11.0,42.0,1.0,6.0,6.0,0.0,9.0,8.0,22.0,5.063,1.031
11,147,2023-06-19,ARI,@,MIL,"W,9-1",9-GF,,1,1.0,0.0,0.0,0.0,0.0,1.0,0.0,0,4.05,2.96,3.0,10.0,8.0,3,1,2,0,0,0,0,,0.0,0.0,0,0,0,3,0.0,0.0,0.0,0,0,0,0.01,0.001,0.01,0.00%,0.52,4.25,6.0,9b --- 0 out a8,9b end a 8,,2023-06-19,109,158,717696,2023,1.0,19.333,22.0,82.0,3.0,12.0,9.0,3.0,16.0,11.0,40.0,4.19,1.293,7.667,9.0,31.0,0.0,4.0,4.0,1.0,4.0,5.0,15.0,4.696,1.304,12.333,12.0,48.0,1.0,6.0,6.0,1.0,9.0,8.0,23.0,4.378,1.054
12,148,2023-06-22,ARI,@,WSN,"W,5-3",9-9,,2,0.1,2.0,2.0,2.0,0.0,1.0,1.0,0,5.27,3.77,3.0,9.0,8.0,1,1,0,2,1,0,0,,0.0,0.0,0,0,0,3,1.0,0.0,0.0,0,0,0,0.64,-0.027,0.85,-0.02%,-1.76,-2.45,-2.0,9b --- 0 out a4,9b --- 1 out a2,,2023-06-22,109,120,717847,2023,0.333,19.667,21.0,82.0,2.0,10.0,8.0,3.0,16.0,10.0,36.0,3.661,1.22,7.333,9.0,30.0,0.0,4.0,4.0,1.0,4.0,5.0,15.0,4.909,1.364,13.333,12.0,51.0,1.0,6.0,6.0,1.0,10.0,8.0,23.0,4.05,0.975
13,149,2023-06-23,ARI,@,SFG,"L,5-8",5-6,,0,2.0,2.0,2.0,2.0,0.0,3.0,1.0,0,5.74,4.15,8.0,30.0,20.0,10,3,1,4,1,1,0,,2.0,2.0,0,0,0,8,1.0,0.0,0.0,0,0,0,0.51,-0.165,0.79,-0.16%,-1.49,5.3,9.0,5b -23 0 out tie,6b 3 out d4,,2023-06-23,109,137,717641,2023,2.0,19.0,21.0,80.0,3.0,11.0,9.0,3.0,16.0,11.0,39.0,4.263,1.263,6.333,10.0,28.0,1.0,6.0,6.0,1.0,3.0,6.0,19.0,8.526,1.737,13.667,14.0,54.0,2.0,8.0,8.0,1.0,11.0,10.0,29.0,5.268,1.098
14,150,2023-08-02,ARI,@,SFG,"L,2-4",8-GF(8),,39,1.0,0.0,0.0,0.0,0.0,2.0,0.0,0,5.4,3.86,3.0,14.0,11.0,2,6,1,0,0,0,0,,0.0,0.0,0,0,0,3,0.0,0.0,0.0,0,0,0,0.18,0.015,0.29,0.01%,0.51,6.25,9.0,8b --- 0 out d2,8b end d 2,,2023-08-02,109,137,717164,2023,1.0,20.0,23.0,85.0,4.0,13.0,11.0,3.0,18.0,13.0,45.0,4.95,1.3,8.0,11.0,34.0,2.0,8.0,8.0,1.0,6.0,7.0,23.0,9.0,1.5,15.667,16.0,62.0,3.0,10.0,10.0,1.0,14.0,12.0,35.0,5.745,1.085
15,151,2023-08-05,ARI,@,MIN,"L,1-12",4-4,,2,1.0,3.0,2.0,2.0,0.0,0.0,1.0,0,6.11,4.56,6.0,20.0,10.0,2,0,3,3,0,0,0,,0.0,0.0,0,0,0,6,0.0,0.0,0.0,0,0,0,0.15,-0.032,0.15,-0.02%,-1.48,-3.55,-3.0,4b --- 0 out d5,4b 3 out d7,,2023-08-05,109,142,717118,2023,1.0,20.333,23.0,85.0,4.0,13.0,11.0,2.0,19.0,13.0,45.0,4.869,1.23,6.0,5.0,23.0,2.0,4.0,4.0,1.0,7.0,4.0,13.0,6.0,1.0,16.667,16.0,65.0,3.0,10.0,10.0,1.0,16.0,12.0,35.0,5.4,1.02
16,152,2023-08-08,ARI,,LAD,"L,4-5",5-6,,2,1.1,0.0,0.0,0.0,0.0,0.0,0.0,0,5.68,4.47,4.0,16.0,10.0,2,1,3,1,0,0,0,,1.0,0.0,0,0,0,4,0.0,0.0,0.0,0,0,0,0.33,0.03,0.33,0.02%,0.86,3.0,4.0,5t -2- 2 out d4,6t 3 out d4,,2023-08-08,109,119,717073,2023,1.333,21.0,26.0,90.0,5.0,15.0,13.0,2.0,19.0,14.0,51.0,5.571,1.333,5.333,7.0,23.0,3.0,6.0,6.0,0.0,7.0,5.0,18.0,10.125,1.312,17.667,19.0,71.0,4.0,12.0,12.0,1.0,16.0,13.0,41.0,6.113,1.132
17,153,2023-08-11,ARI,,SDP,"L,5-10",5-6,,2,1.0,0.0,1.0,1.0,1.0,1.0,0.0,0,5.85,4.46,4.0,17.0,8.0,1,2,2,0,0,0,0,,1.0,0.0,0,0,0,3,0.0,0.0,0.0,0,0,0,0.15,0.011,0.11,0.01%,0.53,1.65,3.0,5t 1-- 2 out d5,6t 1-- 2 out d5,,2023-08-11,109,135,717035,2023,1.0,21.333,23.0,88.0,5.0,15.0,13.0,2.0,17.0,14.0,48.0,5.484,1.172,5.667,7.0,24.0,3.0,6.0,6.0,0.0,6.0,5.0,18.0,9.529,1.235,19.0,19.0,75.0,4.0,12.0,12.0,1.0,16.0,13.0,41.0,5.684,1.053
18,154,2023-08-14,ARI,@,COL,"L,4-6",8-8,L(1-1),2,0.0,3.0,3.0,3.0,0.0,0.0,0.0,0,7.2,4.46,3.0,11.0,9.0,3,0,1,2,2,0,0,,0.0,0.0,0,0,0,3,0.0,0.0,0.0,0,0,0,3.03,-0.344,2.09,-0.14%,-1.85,-7.8,-9.0,8b --- 0 out a2,8b 123 0 out a2,,2023-08-14,109,115,716998,2023,0.0,22.0,23.0,91.0,5.0,16.0,14.0,3.0,18.0,14.0,48.0,5.727,1.182,6.333,5.0,25.0,2.0,5.0,5.0,1.0,6.0,3.0,12.0,7.105,0.947,20.0,19.0,79.0,4.0,13.0,13.0,2.0,17.0,13.0,41.0,5.85,1.05
19,155,2023-08-15,ARI,@,COL,"W,8-5",GS-1,,0,1.0,0.0,0.0,0.0,0.0,0.0,0.0,0,6.86,4.4,3.0,13.0,8.0,3,1,1,2,0,0,0,53.0,,,0,0,0,3,0.0,0.0,0.0,0,0,0,0.64,0.052,0.39,0.02%,0.6,2.25,3.0,1b start tie,1b 3 out tie,,2023-08-15,109,115,716978,2023,1.0,21.667,24.0,91.0,5.0,19.0,17.0,3.0,17.0,14.0,49.0,7.062,1.246,4.333,6.0,20.0,1.0,6.0,6.0,1.0,3.0,1.0,9.0,12.462,1.615,20.0,22.0,82.0,4.0,16.0,16.0,2.0,17.0,13.0,44.0,7.2,1.2
20,156,2023-08-18,ARI,@,SDP,"L,0-4",8-GF(8),,2,0.2,0.0,0.0,0.0,1.0,0.0,0.0,0,6.65,4.5,3.0,14.0,6.0,1,1,1,1,1,0,0,,0.0,0.0,0,0,0,2,0.0,0.0,0.0,0,0,0,0.04,0.002,0.04,0.00%,0.26,0.9,2.0,8b --- 1 out d4,8b end d 4,,2023-08-18,109,135,716942,2023,0.667,21.667,24.0,91.0,5.0,19.0,17.0,3.0,17.0,14.0,49.0,7.062,1.246,4.333,6.0,20.0,1.0,6.0,6.0,1.0,1.0,1.0,9.0,12.462,1.615,21.0,22.0,85.0,4.0,16.0,16.0,2.0,17.0,13.0,44.0,6.857,1.143
21,157,2023-08-21,ARI,,TEX,"W,4-3",GS-1,,2,0.2,1.0,0.0,0.0,0.0,0.0,0.0,0,6.45,4.46,3.0,5.0,4.0,0,0,2,1,1,0,0,50.0,,,0,0,0,3,0.0,0.0,0.0,0,0,0,1.15,0.026,1.19,0.02%,0.29,0.9,2.0,1t start tie,1t 1-- 2 out tie,,2023-08-21,109,140,716906,2023,0.667,21.667,22.0,88.0,4.0,16.0,16.0,3.0,17.0,13.0,44.0,6.646,1.154,4.0,3.0,17.0,0.0,4.0,4.0,2.0,1.0,0.0,3.0,9.0,1.25,21.667,22.0,88.0,4.0,16.0,16.0,3.0,17.0,13.0,44.0,6.646,1.154
22,158,2023-08-25,ARI,,CIN,"W,10-8",8-8,,3,1.0,0.0,0.0,0.0,0.0,1.0,0.0,0,6.17,4.33,3.0,8.0,6.0,3,1,1,1,0,1,0,,0.0,0.0,0,0,0,3,0.0,0.0,0.0,0,0,0,0.32,0.025,0.43,0.02%,0.53,4.25,6.0,8t --- 0 out a4,8t 3 out a4,,2023-08-25,109,113,716851,2023,1.0,21.0,22.0,86.0,3.0,15.0,15.0,3.0,16.0,12.0,41.0,6.429,1.19,3.333,4.0,16.0,0.0,4.0,4.0,2.0,1.0,0.0,4.0,10.8,1.8,22.333,23.0,91.0,4.0,16.0,16.0,3.0,17.0,13.0,45.0,6.448,1.164
23,159,2023-08-26,ARI,,CIN,"L,7-8",9-9,,0,0.1,0.0,0.0,0.0,0.0,0.0,0.0,0,6.08,4.31,1.0,3.0,2.0,1,0,0,1,0,0,0,,1.0,0.0,0,0,0,1,0.0,0.0,0.0,0,0,0,4.41,0.123,6.29,0.11%,0.37,0.75,1.0,9t --3 2 out tie,9t 3 out tie,,2023-08-26,109,113,716833,2023,0.333,21.0,22.0,86.0,3.0,15.0,15.0,3.0,16.0,12.0,41.0,6.429,1.19,3.333,4.0,15.0,0.0,3.0,3.0,1.0,1.0,0.0,4.0,8.1,1.5,23.333,23.0,94.0,4.0,16.0,16.0,3.0,18.0,13.0,45.0,6.171,1.114
24,160,2023-08-27,ARI,,CIN,"W,5-2",6-7,,0,0.2,0.0,1.0,1.0,1.0,1.0,0.0,0,6.29,4.32,3.0,13.0,5.0,1,2,0,1,0,0,0,,1.0,0.0,0,0,0,2,0.0,0.0,0.0,0,0,0,1.73,0.003,2.47,0.00%,0.06,0.9,2.0,6t 1-- 2 out tie,7t -2- 1 out tie,,2023-08-27,109,113,716821,2023,0.667,21.0,20.0,84.0,3.0,14.0,14.0,3.0,15.0,10.0,37.0,6.0,1.095,3.667,1.0,13.0,0.0,0.0,0.0,1.0,1.0,0.0,1.0,0.0,0.545,23.667,23.0,95.0,4.0,16.0,16.0,3.0,18.0,13.0,45.0,6.085,1.099
25,161,2023-08-30,ARI,@,LAD,"L,0-7",5-7,,2,1.2,2.0,1.0,1.0,0.0,1.0,0.0,0,6.23,4.18,6.0,24.0,18.0,5,2,4,1,0,0,0,,3.0,0.0,1,0,0,6,0.0,0.0,0.0,1,0,0,0.09,0.002,0.1,0.00%,0.6,2.55,5.0,5b 123 2 out d6,7b --- 1 out d7,,2023-08-30,109,119,716774,2023,1.667,20.667,20.0,84.0,3.0,15.0,15.0,4.0,15.0,10.0,37.0,6.532,1.161,3.333,1.0,13.0,0.0,1.0,1.0,2.0,2.0,0.0,1.0,2.7,0.9,24.333,23.0,98.0,4.0,17.0,17.0,4.0,19.0,13.0,45.0,6.288,1.11
26,162,2023-09-02,ARI,,BAL,"L,3-7",4-5,,2,1.2,0.0,0.0,0.0,0.0,1.0,0.0,0,5.86,4.05,5.0,13.0,8.0,2,2,3,1,0,0,0,,1.0,0.0,0,0,0,5,0.0,0.0,0.0,0,0,0,0.32,0.041,0.36,0.03%,1.07,5.75,8.0,4t 1-- 1 out d4,5t 3 out d4,,2023-09-02,109,110,716747,2023,1.667,21.333,22.0,87.0,3.0,16.0,16.0,4.0,15.0,10.0,39.0,6.75,1.219,4.333,3.0,16.0,0.0,2.0,2.0,1.0,3.0,0.0,3.0,4.154,0.923,26.0,25.0,104.0,4.0,18.0,18.0,4.0,20.0,13.0,47.0,6.231,1.115
27,163,2023-09-05,ARI,,COL,"L,2-3",4-5,,2,1.0,0.0,0.0,0.0,0.0,0.0,0.0,0,5.65,4.02,3.0,13.0,9.0,1,1,2,1,0,0,0,,0.0,0.0,0,0,0,3,0.0,0.0,0.0,0,0,0,0.67,0.052,0.69,0.03%,0.53,2.25,3.0,4t --- 2 out d2,5t --- 2 out d1,,2023-09-05,109,115,716702,2023,1.0,21.667,22.0,88.0,3.0,16.0,16.0,4.0,15.0,10.0,39.0,6.646,1.2,5.333,2.0,18.0,0.0,2.0,2.0,1.0,4.0,0.0,2.0,3.375,0.562,27.667,25.0,109.0,4.0,18.0,18.0,4.0,21.0,13.0,47.0,5.855,1.048
28,164,2023-09-07,ARI,@,CHC,"W,6-2",9-9,,1,0.2,3.0,1.0,1.0,0.0,1.0,0.0,0,5.83,3.94,5.0,21.0,13.0,3,0,3,1,1,0,0,,0.0,0.0,0,0,0,5,0.0,0.0,0.0,0,0,0,0.18,-0.007,0.23,-0.01%,-0.98,-0.3,2.0,9b --- 0 out a5,9b 1-3 2 out a4,,2023-09-07,109,112,716685,2023,0.667,21.333,21.0,86.0,3.0,16.0,16.0,4.0,13.0,9.0,37.0,6.75,1.172,5.333,2.0,18.0,0.0,2.0,2.0,1.0,3.0,0.0,2.0,3.375,0.562,28.667,25.0,112.0,4.0,18.0,18.0,4.0,21.0,13.0,47.0,5.651,1.012
29,165,2023-09-10,ARI,@,CHC,"L,2-5",GS-2,L(1-2),2,1.1,2.0,1.0,1.0,0.0,0.0,0.0,0,5.87,3.91,6.0,13.0,8.0,1,0,2,4,1,1,0,46.0,,,1,0,0,6,1.0,1.0,0.0,0,0,0,1.0,-0.029,1.73,-0.03%,-0.2,-0.2,1.0,1b start tie,2b --- 1 out d1,,2023-09-10,109,112,716638,2023,1.333,21.667,23.0,89.0,3.0,17.0,17.0,4.0,14.0,8.0,38.0,7.062,1.246,5.667,5.0,22.0,0.0,3.0,3.0,1.0,4.0,0.0,5.0,4.765,1.059,29.333,28.0,117.0,4.0,19.0,19.0,4.0,22.0,13.0,50.0,5.83,1.091
30,166,2023-09-12,ARI,@,NYM,"L,4-7",5-6,,1,1.0,2.0,0.0,0.0,1.0,2.0,0.0,0,5.68,3.86,6.0,21.0,15.0,4,3,2,1,1,0,0,,0.0,0.0,1,0,0,5,0.0,0.0,0.0,0,0,0,0.18,0.0,0.27,0.00%,0.1,4.45,9.0,5b --- 1 out d5,6b -2- 1 out d4,,2023-09-12,109,121,716615,2023,1.0,20.0,19.0,81.0,3.0,14.0,14.0,4.0,13.0,7.0,33.0,6.3,1.15,6.333,7.0,25.0,0.0,3.0,3.0,0.0,3.0,2.0,10.0,4.263,1.105,30.667,30.0,123.0,4.0,20.0,20.0,4.0,22.0,15.0,55.0,5.87,1.109
31,167,2023-09-14,ARI,@,NYM,"L,1-11",6-7,,1,1.2,0.0,1.0,0.0,2.0,0.0,0.0,0,5.4,4.01,7.0,32.0,19.0,8,2,4,1,0,0,0,,0.0,0.0,0,0,0,5,0.0,0.0,0.0,0,0,0,0.02,0.002,0.03,0.00%,0.7,2.55,5.0,6b --- 0 out d7,7b -2- 2 out d7,,2023-09-14,109,121,716588,2023,1.667,19.333,20.0,81.0,3.0,14.0,14.0,4.0,15.0,7.0,34.0,6.517,1.241,5.667,7.0,25.0,0.0,2.0,2.0,1.0,4.0,2.0,10.0,3.176,1.412,31.667,32.0,129.0,4.0,20.0,20.0,5.0,24.0,15.0,57.0,5.684,1.168
32,168,2023-09-16,ARI,,CHC,"W,7-6",12-GF(13),W(2-2),1,2.0,2.0,1.0,0.0,1.0,1.0,0.0,0,5.09,3.99,8.0,28.0,20.0,2,3,3,3,2,0,0,,0.0,0.0,0,0,0,7,0.0,0.0,1.0,1,0,0,3.41,0.266,6.96,0.33%,1.31,8.7,15.0,12t -2- 0 out tie,13t end d 1,,2023-09-16,109,112,716558,2023,2.0,20.0,20.0,85.0,3.0,15.0,14.0,6.0,14.0,7.0,34.0,6.3,1.3,5.667,7.0,27.0,0.0,3.0,2.0,3.0,3.0,2.0,10.0,3.176,1.765,33.333,32.0,136.0,4.0,21.0,20.0,7.0,24.0,15.0,57.0,5.4,1.17
33,169,2023-09-22,ARI,@,NYY,"L,1-7",8-GF(8),,5,1.0,1.0,0.0,0.0,1.0,0.0,0.0,0,4.95,4.05,5.0,14.0,9.0,2,0,1,3,0,0,0,,1.0,0.0,0,0,0,4,0.0,0.0,0.0,0,0,0,0.0,0.0,0.0,0.00%,0.91,1.05,3.0,8b 1-- 0 out d7,8b end d 7,,2023-09-22,109,147,716480,2023,1.0,21.667,20.0,90.0,2.0,14.0,12.0,7.0,14.0,5.0,30.0,4.985,1.246,6.667,9.0,32.0,0.0,4.0,2.0,4.0,4.0,2.0,12.0,2.7,1.95,35.333,34.0,144.0,4.0,22.0,20.0,8.0,25.0,15.0,59.0,5.094,1.189
34,170,2023-09-28,ARI,@,CHW,"L,1-3",6-7,,5,1.2,0.0,0.0,0.0,0.0,1.0,0.0,0,4.74,3.97,5.0,15.0,11.0,3,3,1,3,2,0,0,,0.0,0.0,0,0,0,5,0.0,0.0,0.0,0,0,0,0.39,0.051,0.1,0.01%,0.94,5.75,8.0,6b --- 0 out d2,7b --- 2 out d2,,2023-09-28,109,145,716443,2023,1.667,20.667,19.0,87.0,1.0,12.0,10.0,8.0,11.0,3.0,25.0,4.355,1.306,7.0,7.0,32.0,0.0,3.0,1.0,5.0,3.0,2.0,10.0,1.286,1.714,36.333,35.0,149.0,4.0,22.0,20.0,9.0,25.0,15.0,60.0,4.954,1.211
35,171,2023-09-30,ARI,,HOU,"L,0-1",8-9,,1,1.0,0.0,0.0,0.0,0.0,2.0,0.0,0,4.62,3.84,3.0,14.0,9.0,2,3,0,1,0,0,0,,1.0,0.0,0,0,0,3,0.0,0.0,0.0,0,0,0,0.86,0.07,0.48,0.02%,0.75,6.25,9.0,8t -2- 2 out d1,9t --- 2 out d1,,2023-09-30,109,117,716370,2023,1.0,21.333,19.0,89.0,1.0,12.0,10.0,8.0,10.0,3.0,25.0,4.219,1.266,7.333,5.0,31.0,0.0,2.0,0.0,5.0,4.0,0.0,5.0,0.0,1.364,38.0,35.0,154.0,4.0,22.0,20.0,9.0,26.0,15.0,60.0,4.737,1.158
1,172,2024-03-29,ARI,,COL,"W,7-3",7-8,,99,1.0,3.0,2.0,2.0,0.0,2.0,0.0,0,18.0,-0.87,6.0,21.0,16.0,3,5,1,3,2,0,0,,0.0,0.0,0,0,0,6,0.0,1.0,0.0,0,0,0,0.09,-0.001,0.09,0.00%,-0.74,0.45,3.0,7t --- 2 out a6,8t --3 2 out a5,,2024-03-29,109,115,747223,2024,1.0,21.333,16.0,86.0,0.0,10.0,8.0,8.0,12.0,2.0,19.0,3.375,1.125,7.333,3.0,28.0,0.0,2.0,0.0,4.0,4.0,0.0,3.0,0.0,0.955,0.0,0.0,0.0,0.0,0.0,0.0,0.0,0.0,0.0,0.0,,
2,173,2024-04-01,ARI,,NYY,"L,2-5",7-8,,2,1.2,1.0,0.0,0.0,0.0,1.0,0.0,0,6.75,0.88,6.0,19.0,14.0,2,1,2,3,1,1,0,,0.0,0.0,0,0,0,6,1.0,0.0,0.0,0,0,0,0.27,0.024,0.26,0.01%,0.8,5.15,8.0,7t --- 1 out d4,8t 3 out d3,,2024-04-01,109,147,747218,2024,1.667,21.0,19.0,88.0,0.0,12.0,10.0,8.0,14.0,3.0,24.0,4.286,1.286,6.667,6.0,27.0,0.0,3.0,2.0,2.0,6.0,1.0,8.0,2.7,1.2,1.0,3.0,6.0,0.0,2.0,2.0,0.0,2.0,1.0,5.0,18.0,3.0
3,174,2024-04-03,ARI,,NYY,"L,5-6",8-8,,1,1.0,0.0,0.0,0.0,0.0,1.0,0.0,0,4.91,0.95,3.0,14.0,9.0,5,1,1,1,0,0,0,,0.0,0.0,0,0,0,3,0.0,0.0,0.0,0,0,0,1.42,0.11,1.4,0.07%,0.53,4.25,6.0,8t --- 0 out tie,8t 3 out tie,,2024-04-03,109,147,747219,2024,1.0,21.667,20.0,90.0,0.0,11.0,9.0,7.0,14.0,4.0,26.0,3.738,1.246,6.333,5.0,25.0,0.0,2.0,2.0,1.0,6.0,2.0,8.0,2.842,0.947,2.667,4.0,12.0,0.0,2.0,2.0,0.0,3.0,2.0,7.0,6.75,1.5
4,175,2024-04-05,ARI,@,ATL,"L,5-6",7-8,H(1),1,1.0,0.0,0.0,0.0,1.0,0.0,0.0,0,3.86,2.06,4.0,16.0,10.0,1,2,2,1,0,0,0,,0.0,0.0,0,0,0,3,0.0,0.0,0.0,0,0,0,0.8,0.06,0.78,0.04%,0.55,1.65,3.0,7b --- 1 out a3,8b --- 1 out a3,,2024-04-05,109,144,747143,2024,1.0,22.667,17.0,90.0,0.0,8.0,6.0,7.0,15.0,4.0,23.0,2.382,1.059,6.333,4.0,23.0,0.0,2.0,2.0,0.0,7.0,2.0,7.0,2.842,0.632,3.667,4.0,15.0,0.0,2.0,2.0,0.0,4.0,2.0,7.0,4.909,1.091
5,176,2024-04-08,ARI,@,COL,"L,5-7",6-6,,2,0.1,1.0,0.0,0.0,1.0,0.0,0.0,0,3.6,2.73,3.0,8.0,4.0,2,0,2,0,0,0,0,,3.0,2.0,0,0,0,2,0.0,0.0,0.0,0,0,0,2.76,-0.19,2.49,-0.10%,-1.16,-0.45,1.0,6b 123 2 out tie,6b 3 out d2,,2024-04-08,109,115,746569,2024,0.333,22.667,17.0,91.0,0.0,8.0,6.0,8.0,15.0,4.0,23.0,2.382,1.103,5.667,4.0,22.0,0.0,2.0,2.0,1.0,6.0,2.0,7.0,3.176,0.882,4.667,4.0,19.0,0.0,2.0,2.0,1.0,4.0,2.0,7.0,3.857,1.071
6,177,2024-04-10,ARI,@,COL,"W,5-3",8-8,W(1-0),1,0.1,0.0,0.0,0.0,0.0,0.0,0.0,0,3.38,2.76,1.0,3.0,2.0,1,0,0,1,0,0,0,,1.0,0.0,0,0,0,1,0.0,0.0,0.0,0,0,0,2.79,0.084,2.56,0.05%,0.36,4.75,7.0,8b -2- 2 out tie,8b 3 out tie,,2024-04-10,109,115,746573,2024,0.333,22.333,18.0,91.0,0.0,8.0,6.0,8.0,15.0,4.0,24.0,2.418,1.164,5.0,5.0,22.0,0.0,2.0,2.0,2.0,4.0,2.0,8.0,3.6,1.4,5.0,5.0,22.0,0.0,2.0,2.0,2.0,4.0,2.0,8.0,3.6,1.4
7,178,2024-04-12,ARI,,STL,"L,6-9",7-7,L(1-1),1,0.2,2.0,1.0,1.0,0.0,1.0,0.0,0,4.5,2.46,4.0,18.0,14.0,3,2,1,2,1,0,0,,0.0,0.0,0,0,0,4,0.0,1.0,0.0,0,0,0,1.64,-0.159,1.54,-0.09%,-0.72,0.3,2.0,7t --- 0 out tie,7t 1-- 2 out d1,,2024-04-12,109,138,747217,2024,0.667,22.0,17.0,89.0,0.0,8.0,6.0,8.0,15.0,4.0,23.0,2.455,1.136,4.333,2.0,17.0,0.0,0.0,0.0,2.0,2.0,1.0,3.0,0.0,0.923,5.333,5.0,23.0,0.0,2.0,2.0,2.0,4.0,2.0,8.0,3.375,1.313
8,179,2024-04-14,ARI,,STL,"W,5-0",7-8,,1,1.1,0.0,0.0,0.0,1.0,1.0,0.0,0,3.68,2.72,5.0,18.0,9.0,1,4,1,2,0,0,0,,0.0,0.0,0,0,0,4,0.0,0.0,0.0,0,0,0,0.41,0.025,0.37,0.01%,0.77,4.4,7.0,7t --- 0 out a5,8t --- 1 out a5,,2024-04-14,109,138,747216,2024,1.333,21.667,19.0,90.0,0.0,9.0,7.0,8.0,15.0,5.0,27.0,2.908,1.246,3.333,3.0,15.0,0.0,1.0,1.0,2.0,2.0,1.0,5.0,2.7,1.5,6.0,7.0,27.0,0.0,3.0,3.0,2.0,5.0,3.0,12.0,4.5,1.5
9,180,2024-04-15,ARI,,CHC,"L,2-3",7-7,,0,0.1,0.0,0.0,0.0,0.0,0.0,0.0,0,3.52,2.74,1.0,5.0,2.0,0,0,1,0,0,0,0,,2.0,0.0,0,0,0,1,0.0,0.0,0.0,0,0,0,2.91,0.076,2.75,0.04%,0.45,0.75,1.0,7t 12- 2 out tie,7t 3 out tie,,2024-04-15,109,112,747213,2024,0.333,22.667,19.0,94.0,0.0,9.0,7.0,9.0,16.0,5.0,27.0,2.779,1.235,3.667,3.0,17.0,0.0,1.0,1.0,3.0,2.0,1.0,5.0,2.455,1.636,7.333,7.0,32.0,0.0,3.0,3.0,3.0,6.0,3.0,12.0,3.682,1.364
10,181,2024-04-17,ARI,,CHC,"L,3-5",8-8,,1,0.1,3.0,2.0,2.0,1.0,0.0,0.0,0,5.63,3.13,5.0,14.0,8.0,1,3,3,1,1,0,0,,0.0,0.0,1,0,0,4,0.0,0.0,1.0,0,0,0,1.02,-0.195,0.98,-0.11%,-2.41,-5.65,-5.0,8t --- 0 out d1,8t 12- 1 out d3,,2024-04-17,109,112,747212,2024,0.333,22.333,19.0,92.0,0.0,8.0,6.0,8.0,15.0,5.0,27.0,2.418,1.209,3.0,3.0,14.0,0.0,1.0,1.0,2.0,2.0,1.0,5.0,3.0,1.667,7.667,7.0,33.0,0.0,3.0,3.0,3.0,6.0,3.0,12.0,3.522,1.304
11,182,2024-04-20,ARI,@,SFG,"L,3-7",6-6,,2,0.2,1.0,0.0,0.0,0.0,0.0,0.0,0,5.19,3.13,3.0,5.0,5.0,1,1,1,2,0,0,0,,0.0,0.0,0,0,0,3,0.0,0.0,0.0,0,0,0,0.67,0.016,0.68,0.01%,0.28,0.9,2.0,6b --- 0 out d2,6b 1-- 2 out d2,,2024-04-20,109,137,745354,2024,0.667,21.0,20.0,91.0,0.0,9.0,7.0,9.0,14.0,5.0,28.0,3.0,1.381,3.0,5.0,16.0,0.0,3.0,3.0,2.0,2.0,1.0,7.0,9.0,2.333,8.0,10.0,38.0,0.0,5.0,5.0,4.0,6.0,3.0,15.0,5.625,1.75
12,183,2024-04-22,ARI,@,STL,"L,3-5",7-7,,1,0.1,0.0,0.0,0.0,0.0,0.0,0.0,0,5.0,3.13,1.0,3.0,3.0,1,1,0,1,0,1,0,,2.0,0.0,0,0,0,1,0.0,0.0,0.0,0,0,0,2.88,0.075,2.74,0.04%,0.45,0.75,1.0,7b 12- 2 out tie,7b 3 out tie,,2024-04-22,109,138,745191,2024,0.333,20.0,21.0,89.0,0.0,9.0,7.0,9.0,13.0,5.0,29.0,3.15,1.5,3.333,6.0,18.0,0.0,3.0,3.0,2.0,2.0,1.0,8.0,8.1,2.4,8.667,11.0,41.0,0.0,5.0,5.0,4.0,6.0,3.0,16.0,5.192,1.731
13,184,2024-04-27,ARI,@,SEA,"L,1-3",7-8,,4,1.0,0.0,0.0,0.0,0.0,1.0,0.0,0,4.5,2.93,3.0,9.0,8.0,2,2,2,0,0,0,0,,0.0,0.0,0,0,0,3,0.0,0.0,0.0,0,0,0,0.16,0.012,0.12,0.01%,0.49,4.25,6.0,7b --- 1 out d3,8b --- 1 out d2,,2024-04-27,109,136,745266,2024,1.0,19.333,21.0,87.0,0.0,9.0,7.0,9.0,13.0,5.0,29.0,3.259,1.552,3.0,4.0,15.0,0.0,2.0,2.0,2.0,1.0,0.0,4.0,6.0,2.0,9.0,11.0,42.0,0.0,5.0,5.0,4.0,6.0,3.0,16.0,5.0,1.667
14,185,2024-04-28,ARI,@,SEA,"W,3-2",7-7,W(2-1),0,1.0,0.0,0.0,0.0,0.0,1.0,0.0,0,4.09,2.77,3.0,11.0,7.0,2,2,1,1,0,0,0,,0.0,0.0,0,0,0,3,0.0,0.0,0.0,0,0,0,1.15,0.087,0.82,0.04%,0.49,8.25,12.0,7b --- 0 out tie,7b 3 out tie,,2024-04-28,109,136,745265,2024,1.0,19.667,18.0,85.0,0.0,8.0,6.0,9.0,13.0,5.0,26.0,2.746,1.373,2.667,4.0,13.0,0.0,2.0,2.0,1.0,1.0,0.0,4.0,6.75,1.875,10.0,11.0,45.0,0.0,5.0,5.0,4.0,7.0,3.0,16.0,4.5,1.5
15,186,2024-04-30,ARI,,LAD,"W,4-3",5-6,BS(1),1,1.2,2.0,1.0,1.0,0.0,2.0,0.0,0,4.26,2.5,7.0,24.0,16.0,6,4,2,3,3,0,0,,3.0,1.0,0,0,0,7,1.0,0.0,0.0,0,0,0,2.06,-0.031,1.76,-0.02%,0.13,4.55,8.0,5t 123 1 out a1,6t 3 out d1,,2024-04-30,109,119,747210,2024,1.667,19.333,16.0,82.0,0.0,7.0,5.0,9.0,14.0,3.0,21.0,2.328,1.293,3.333,4.0,15.0,0.0,2.0,2.0,1.0,2.0,0.0,4.0,5.4,1.5,11.0,11.0,48.0,0.0,5.0,5.0,4.0,8.0,3.0,16.0,4.091,1.364
16,187,2024-05-05,ARI,,SDP,"W,11-4",7-7,,4,1.0,1.0,0.0,0.0,0.0,1.0,0.0,0,3.95,2.4,4.0,10.0,10.0,3,1,3,0,0,0,0,,0.0,0.0,0,0,0,4,0.0,0.0,0.0,0,0,0,0.16,0.006,0.11,0.00%,0.53,3.65,6.0,7t --- 0 out a7,7t 3 out a7,,2024-05-05,109,135,747206,2024,1.0,20.0,16.0,83.0,0.0,8.0,6.0,8.0,14.0,4.0,22.0,2.7,1.2,4.667,3.0,17.0,0.0,1.0,1.0,0.0,4.0,1.0,4.0,1.929,0.643,12.667,13.0,55.0,0.0,6.0,6.0,4.0,10.0,4.0,19.0,4.263,1.342
17,188,2024-05-07,ARI,@,CIN,"W,6-2",8-8,,1,1.0,0.0,0.0,0.0,0.0,1.0,0.0,0,3.68,2.31,3.0,15.0,9.0,2,1,1,1,0,1,0,,0.0,0.0,0,0,0,3,0.0,0.0,0.0,0,0,0,0.22,0.017,0.15,0.01%,0.55,4.25,6.0,8b --- 0 out a5,8b 3 out a5,,2024-05-07,109,113,746718,2024,1.0,19.333,17.0,80.0,0.0,7.0,6.0,6.0,15.0,4.0,23.0,2.793,1.19,5.0,3.0,18.0,0.0,1.0,1.0,0.0,5.0,1.0,4.0,1.8,0.6,13.667,14.0,59.0,0.0,6.0,6.0,4.0,11.0,4.0,20.0,3.951,1.317
18,189,2024-05-08,ARI,@,CIN,"W,4-3",9-GF,S(1),0,0.2,0.0,0.0,0.0,0.0,1.0,0.0,0,3.52,2.22,2.0,11.0,6.0,1,2,0,1,0,0,0,,2.0,0.0,1,0,0,2,0.0,0.0,0.0,0,0,0,7.62,0.47,5.62,0.21%,1.23,3.5,5.0,9b 1-3 1 out a1,9b end a 1,,2024-05-08,109,113,746717,2024,0.667,18.333,15.0,75.0,0.0,6.0,6.0,5.0,15.0,4.0,21.0,2.945,1.091,5.667,3.0,20.0,0.0,1.0,1.0,0.0,6.0,1.0,4.0,1.588,0.529,14.667,14.0,62.0,0.0,6.0,6.0,4.0,12.0,4.0,20.0,3.682,1.227
19,190,2024-05-11,ARI,@,BAL,"L,4-5",7-7,H(2),2,1.0,0.0,0.0,0.0,0.0,0.0,0.0,0,3.31,2.27,3.0,9.0,6.0,2,0,3,0,0,0,0,,0.0,0.0,0,0,0,3,0.0,0.0,0.0,0,0,0,1.42,0.107,1.05,0.05%,0.49,2.25,3.0,7b --- 0 out a1,7b 3 out a1,,2024-05-11,109,110,747041,2024,1.0,18.0,14.0,72.0,0.0,6.0,6.0,4.0,16.0,4.0,20.0,3.0,1.0,5.333,3.0,19.0,0.0,1.0,1.0,0.0,6.0,1.0,4.0,1.688,0.562,15.333,14.0,64.0,0.0,6.0,6.0,4.0,13.0,4.0,20.0,3.522,1.174
20,191,2024-05-13,ARI,,CIN,"W,6-5",7-7,,1,1.0,1.0,0.0,0.0,1.0,1.0,0.0,0,3.12,2.38,3.0,16.0,7.0,3,2,0,1,1,0,0,,0.0,0.0,0,1,0,2,0.0,0.0,0.0,0,0,0,1.39,0.09,1.06,0.04%,0.53,3.05,6.0,7t --- 0 out tie,7t 3 out tie,,2024-05-13,109,113,747204,2024,1.0,17.333,14.0,70.0,0.0,6.0,6.0,4.0,15.0,4.0,20.0,3.115,1.038,5.333,3.0,19.0,0.0,1.0,1.0,0.0,5.0,1.0,4.0,1.688,0.562,16.333,14.0,67.0,0.0,6.0,6.0,4.0,13.0,4.0,20.0,3.306,1.102
21,192,2024-05-18,ARI,,DET,"L,3-8",7-7,,4,0.0,2.0,3.0,3.0,1.0,0.0,0.0,0,4.67,2.55,3.0,5.0,4.0,1,0,0,2,1,0,0,,1.0,1.0,0,0,0,2,1.0,1.0,1.0,0,0,0,3.22,-0.435,2.45,-0.20%,-3.13,-7.8,-9.0,7t 1-- 2 out tie,7t --3 2 out d3,,2024-05-18,109,116,747202,2024,0.0,17.333,15.0,70.0,0.0,6.0,6.0,5.0,14.0,4.0,21.0,3.115,1.154,4.667,2.0,15.0,0.0,0.0,0.0,1.0,4.0,0.0,2.0,0.0,0.643,17.333,15.0,70.0,0.0,6.0,6.0,5.0,14.0,4.0,21.0,3.115,1.154
22,193,2024-05-20,ARI,@,LAD,"L,4-6",GS-1,,1,1.0,0.0,0.0,0.0,0.0,0.0,0.0,0,4.42,2.59,3.0,7.0,6.0,1,0,2,1,1,0,0,53.0,,,0,0,0,3,0.0,0.0,0.0,1,0,1,0.88,0.049,0.74,0.03%,0.54,2.25,3.0,1b start tie,1b 3 out tie,,2024-05-20,109,119,746146,2024,1.0,16.333,14.0,67.0,0.0,7.0,7.0,6.0,12.0,5.0,21.0,3.857,1.224,3.667,3.0,14.0,0.0,3.0,3.0,2.0,3.0,2.0,6.0,7.364,1.364,17.333,17.0,73.0,0.0,9.0,9.0,6.0,14.0,6.0,26.0,4.673,1.327
23,194,2024-05-21,ARI,@,LAD,"W,7-3",8-8,,0,0.2,0.0,0.0,0.0,0.0,0.0,0.0,0,4.26,2.6,2.0,4.0,3.0,0,0,1,1,0,0,0,,0.0,0.0,0,0,0,2,0.0,0.0,0.0,0,0,0,0.29,0.015,0.22,0.01%,0.29,1.5,2.0,8b --- 1 out a4,8b 3 out a4,,2024-05-21,109,119,746145,2024,0.667,15.667,13.0,64.0,0.0,7.0,7.0,6.0,11.0,4.0,19.0,4.021,1.213,3.667,3.0,14.0,0.0,3.0,3.0,2.0,2.0,2.0,6.0,7.364,1.364,18.333,17.0,76.0,0.0,9.0,9.0,6.0,14.0,6.0,26.0,4.418,1.255
24,195,2024-05-22,ARI,@,LAD,"W,6-0",7-7,,0,0.1,0.0,0.0,0.0,0.0,0.0,0.0,0,4.19,2.61,1.0,1.0,1.0,0,0,1,0,0,0,0,,0.0,0.0,0,0,0,1,0.0,0.0,0.0,0,0,0,0.24,0.006,0.2,0.00%,0.11,0.75,1.0,7b --- 2 out a4,7b 3 out a4,,2024-05-22,109,119,746143,2024,0.333,15.333,13.0,63.0,0.0,7.0,7.0,6.0,10.0,4.0,19.0,4.109,1.239,3.667,3.0,14.0,0.0,3.0,3.0,2.0,1.0,2.0,6.0,7.364,1.364,19.0,17.0,78.0,0.0,9.0,9.0,6.0,14.0,6.0,26.0,4.263,1.211
25,196,2024-05-25,ARI,,MIA,"W,3-2",8-8,H(3),2,0.2,0.0,0.0,0.0,0.0,2.0,0.0,0,4.05,2.43,2.0,10.0,7.0,0,4,0,0,0,0,0,,1.0,0.0,0,0,0,2,0.0,0.0,0.0,0,0,0,2.93,0.168,2.18,0.08%,0.7,5.5,8.0,8t -2- 1 out a1,8t 3 out a1,,2024-05-25,109,146,747199,2024,0.667,14.667,13.0,60.0,0.0,7.0,7.0,5.0,10.0,4.0,19.0,4.295,1.227,3.0,3.0,12.0,0.0,3.0,3.0,2.0,1.0,2.0,6.0,9.0,1.667,19.333,17.0,79.0,0.0,9.0,9.0,6.0,14.0,6.0,26.0,4.19,1.19
26,197,2024-05-30 00:00:00,ARI,@,NYM,"L,2-3",6-7,H(4),4,0.2,1.0,1.0,1.0,0.0,1.0,0.0,0,4.35,2.35,3.0,9.0,8.0,1,3,2,0,0,0,0,,0.0,0.0,0,0,0,3,1.0,0.0,0.0,0,0,0,1.36,-0.022,0.93,-0.01%,-0.07,0.9,2.0,6b --- 2 out a1,7b -2- 1 out a1,,2024-05-30,109,121,745819,2024,0.667,15.0,12.0,59.0,0.0,7.0,7.0,4.0,12.0,4.0,18.0,4.2,1.067,2.667,2.0,11.0,0.0,3.0,3.0,1.0,2.0,2.0,5.0,10.125,1.125,20.0,17.0,81.0,0.0,9.0,9.0,6.0,16.0,6.0,26.0,4.05,1.15
27,198,2024-06-04 00:00:00,ARI,,SFG,"W,8-5",6-6,H(5),4,0.1,0.0,0.0,0.0,0.0,0.0,0.0,0,4.29,2.37,1.0,2.0,1.0,0,0,1,0,0,0,0,,1.0,0.0,0,0,0,1,0.0,0.0,0.0,0,0,0,1.06,0.03,0.8,0.01%,0.23,0.75,1.0,6t 1-- 2 out a2,6t 3 out a2,,2024-06-04,109,137,747196,2024,0.333,15.333,13.0,61.0,0.0,8.0,8.0,4.0,13.0,5.0,20.0,4.696,1.109,3.333,1.0,11.0,0.0,1.0,1.0,0.0,3.0,1.0,2.0,2.7,0.3,20.667,18.0,84.0,0.0,10.0,10.0,6.0,17.0,7.0,28.0,4.355,1.161
